target	target_name	ref_type	from_address	from_function
00400000	IMAGE_DOS_HEADER_00400000	DATA	00400104	
00433000	PTR_RegCloseKey_00433000	DATA	00400100	
00433000	PTR_RegCloseKey_00433000	DATA	004001a8	
00433000	PTR_RegCloseKey_00433000	DATA	004001fc	
00433000	PTR_RegCloseKey_00433000	READ	004093d9	entry
00433004	PTR_RegQueryValueExA_00433004	READ	004093ce	entry
00433008	PTR_RegOpenKeyExA_00433008	READ	0040939d	entry
00433010	PTR_CreateStatusWindowA_00433010	READ	0040a9f1	FUN_0040a790
00433014	PTR_InitCommonControls_00433014	READ	0042b100	
00433014	PTR_InitCommonControls_00433014	READ	0042b180	
00433014	PTR_InitCommonControls_00433014	READ	0042b1b0	
00433014	PTR_InitCommonControls_00433014	READ	0042b7b0	
00433014	PTR_InitCommonControls_00433014	READ	0042b8c9	
0043301c	PTR_DeleteObject_0043301c	READ	004099e6	FUN_004099e0
0043301c	PTR_DeleteObject_0043301c	READ	0041b628	FUN_0041b2e0
0043301c	PTR_DeleteObject_0043301c	READ	0041ac4a	FUN_0041aa00
0043301c	PTR_DeleteObject_0043301c	READ	00408531	FUN_004084c0
0043301c	PTR_DeleteObject_0043301c	READ	00421958	FUN_004214a0
0043301c	PTR_DeleteObject_0043301c	READ	0041601f	FUN_00415d40
0043301c	PTR_DeleteObject_0043301c	READ	00421f5c	
0043301c	PTR_DeleteObject_0043301c	READ	00424530	
00433020	PTR_RealizePalette_00433020	READ	0041a375	FUN_0041a1b0
00433020	PTR_RealizePalette_00433020	READ	00408c45	FUN_00408c20
00433020	PTR_RealizePalette_00433020	READ	0040c7d7	
00433020	PTR_RealizePalette_00433020	READ	00421d10	
00433024	PTR_SelectPalette_00433024	READ	0041a364	FUN_0041a1b0
00433024	PTR_SelectPalette_00433024	READ	0041a696	FUN_0041a1b0
00433024	PTR_SelectPalette_00433024	READ	00408c2f	FUN_00408c20
00433024	PTR_SelectPalette_00433024	READ	0040c7cc	
00433024	PTR_SelectPalette_00433024	READ	0040c8c6	
00433024	PTR_SelectPalette_00433024	READ	00421d00	
00433024	PTR_SelectPalette_00433024	READ	00421f66	
00433028	PTR_GetDeviceCaps_00433028	READ	00409290	FUN_00409250
00433028	PTR_GetDeviceCaps_00433028	READ	00427c58	
00433028	PTR_GetDeviceCaps_00433028	READ	00421ce4	
0043302c	PTR_CreatePalette_0043302c	READ	004097bf	entry
00433030	PTR_CreateSolidBrush_00433030	READ	0040a7fe	FUN_0040a790
00433030	PTR_CreateSolidBrush_00433030	READ	0042455c	
00433034	PTR_GetStockObject_00433034	READ	0041b35c	FUN_0041b2e0
00433034	PTR_GetStockObject_00433034	READ	0041aa73	FUN_0041aa00
00433034	PTR_GetStockObject_00433034	READ	0041aac0	FUN_0041aa00
00433034	PTR_GetStockObject_00433034	READ	0040cad0	
00433034	PTR_GetStockObject_00433034	READ	00421d8c	
00433038	PTR_SetBkColor_00433038	READ	0041aa95	FUN_0041aa00
00433038	PTR_SetBkColor_00433038	READ	0040d0b6	
0043303c	PTR_SetTextColor_0043303c	READ	0041aa85	FUN_0041aa00
0043303c	PTR_SetTextColor_0043303c	READ	0040cac8	
0043303c	PTR_SetTextColor_0043303c	READ	0040d0ab	
00433040	PTR_StretchDIBits_00433040	READ	00419f7a	FUN_00419eb0
00433040	PTR_StretchDIBits_00433040	READ	00427da5	
00433040	PTR_StretchDIBits_00433040	READ	0040c8b8	
00433044	PTR_SetStretchBltMode_00433044	READ	0041a383	FUN_0041a1b0
00433044	PTR_SetStretchBltMode_00433044	READ	0040c884	
00433048	PTR_CreateFontA_00433048	READ	0041b336	FUN_0041b2e0
00433048	PTR_CreateFontA_00433048	READ	00415f77	FUN_00415d40
00433048	PTR_CreateFontA_00433048	READ	00415fa7	FUN_00415d40
0043304c	PTR_DeleteDC_0043304c	READ	00421937	FUN_004214a0
0043304c	PTR_DeleteDC_0043304c	READ	00427dc6	
0043304c	PTR_DeleteDC_0043304c	READ	00421f77	
0043304c	PTR_DeleteDC_0043304c	READ	00421f88	
00433050	PTR_GetDIBits_00433050	READ	004218bb	FUN_004214a0
00433050	PTR_GetDIBits_00433050	READ	00421ea5	
00433054	PTR_TextOutA_00433054	READ	00421806	FUN_004214a0
00433058	PTR_GetTextExtentPoint32A_00433058	READ	004217d1	FUN_004214a0
0043305c	PTR_SelectObject_0043305c	READ	0042169b	FUN_004214a0
0043305c	PTR_SelectObject_0043305c	READ	00421827	FUN_004214a0
0043305c	PTR_SelectObject_0043305c	READ	00421d65	
0043305c	PTR_SelectObject_0043305c	READ	00421f51	
00433060	PTR_CreateCompatibleDC_00433060	READ	0042168a	FUN_004214a0
00433060	PTR_CreateCompatibleDC_00433060	READ	00421d1e	
00433064	PTR_CreateBitmap_00433064	READ	0042165d	FUN_004214a0
00433068	PTR_BitBlt_00433068	READ	00421e1b	
0043306c	PTR_CreateCompatibleBitmap_0043306c	READ	00421d4f	
00433070	PTR_CreateDCA_00433070	READ	00421cd0	
00433074	PTR_EndDoc_00433074	READ	00427dbb	
00433078	PTR_EndPage_00433078	READ	00427db0	
0043307c	PTR_StartPage_0043307c	READ	00427c3f	
00433080	PTR_StartDocA_00433080	READ	00427c34	
00433084	PTR_EnumFontFamiliesA_00433084	READ	00430899	
0043308c	PTR_GetProcAddress_0043308c	READ	0040945e	entry
0043308c	PTR_GetProcAddress_0043308c	READ	0042cc54	FUN_0042cc10
00433090	PTR_GetModuleHandleA_00433090	READ	004092f3	entry
00433094	PTR_GetVersionExA_00433094	READ	004092ea	entry
00433098	PTR_GetVersion_00433098	READ	004092d0	entry
0043309c	PTR_ExitProcess_0043309c	READ	00409a1c	FUN_004099e0
004330a0	PTR_GetExitCodeProcess_004330a0	READ	00409d64	FUN_00409af0
004330a4	PTR_WaitForSingleObject_004330a4	READ	00409d54	FUN_00409af0
004330a8	PTR_GetWindowsDirectoryA_004330a8	READ	00409c53	FUN_00409af0
004330ac	PTR_SetCurrentDirectoryA_004330ac	READ	00409ba2	FUN_00409af0
004330ac	PTR_SetCurrentDirectoryA_004330ac	READ	00409c24	FUN_00409af0
004330ac	PTR_SetCurrentDirectoryA_004330ac	READ	0041e2b6	
004330b0	PTR_CreateProcessA_004330b0	READ	00409b5d	FUN_00409af0
004330b4	PTR_CreateDirectoryA_004330b4	READ	0040a34e	FUN_0040a300
004330b8	PTR_SetConsoleTitleA_004330b8	READ	0040b332	FUN_0040b320
004330bc	PTR_HeapAlloc_004330bc	READ	0040d31f	FUN_0040d2f0
004330bc	PTR_HeapAlloc_004330bc	READ	0040d3f1	FUN_0040d3a0
004330c0	PTR_HeapCreate_004330c0	READ	0040d305	FUN_0040d2f0
004330c4	PTR_HeapDestroy_004330c4	READ	0040d351	FUN_0040d340
004330c8	PTR_HeapFree_004330c8	READ	0040d42e	FUN_0040d410
004330c8	PTR_HeapFree_004330c8	READ	0040d5cd	FUN_0040d470
004330cc	PTR_HeapReAlloc_004330cc	READ	0040d5f1	FUN_0040d470
004330d0	PTR_HeapSize_004330d0	READ	0040d574	FUN_0040d470
004330d4	PTR_VirtualAlloc_004330d4	READ	0040d71b	FUN_0040d6d0
004330d4	PTR_VirtualAlloc_004330d4	READ	0040d876	FUN_0040d870
004330d8	PTR_VirtualFree_004330d8	READ	0040d81e	FUN_0040d7a0
004330d8	PTR_VirtualFree_004330d8	READ	0040d8ee	FUN_0040d870
004330d8	PTR_VirtualFree_004330d8	READ	0040d984	FUN_0040d940
004330dc	PTR_AllocConsole_004330dc	READ	004171dd	FUN_00417120
004330e0	PTR_GetDiskFreeSpaceA_004330e0	READ	00417d7a	FUN_00417d40
004330e4	PTR_GetUserDefaultLangID_004330e4	READ	004093e7	entry
004330e8	PTR_GetACP_004330e8	READ	004092fe	entry
004330ec	PTR_SetVolumeLabelA_004330ec	READ	0041e308	
004330f0	PTR_SetEndOfFile_004330f0	READ	0041e5e9	
004330f4	PTR_SetLocalTime_004330f4	READ	0041eb6a	
004330f8	PTR_WritePrivateProfileStringA_004330f8	READ	004253ad	
004330fc	PTR_RemoveDirectoryA_004330fc	READ	00427249	
00433100	PTR_FindClose_00433100	READ	0042f4f3	FUN_0042f400
00433100	PTR_FindClose_00433100	READ	0042738e	
00433100	PTR_FindClose_00433100	READ	0042a3d6	FUN_0042a3b0
00433104	PTR_GetVolumeInformationA_00433104	READ	0042736e	
00433104	PTR_GetVolumeInformationA_00433104	READ	0042a399	
00433104	PTR_GetVolumeInformationA_00433104	READ	0042f114	
00433108	PTR_GetLogicalDrives_00433108	READ	00427320	
0043310c	PTR_FindFirstFileA_0043310c	READ	0042f4bc	FUN_0042f400
0043310c	PTR_FindFirstFileA_0043310c	READ	004272cd	
0043310c	PTR_FindFirstFileA_0043310c	READ	0042a3ca	FUN_0042a3b0
00433110	PTR_CopyFileA_00433110	READ	004273e6	
00433114	PTR_MoveFileA_00433114	READ	00427434	
00433118	PTR_GlobalFree_00433118	READ	00427bb7	
0043311c	PTR_FileTimeToSystemTime_0043311c	READ	00428a8a	FUN_00428a70
00433120	PTR_LocalFileTimeToFileTime_00433120	READ	00428aba	FUN_00428aa0
00433124	PTR_SystemTimeToFileTime_00433124	READ	00429f18	
00433124	PTR_SystemTimeToFileTime_00433124	READ	0042a070	
00433128	PTR_FileTimeToLocalFileTime_00433128	READ	00429f6a	
00433128	PTR_FileTimeToLocalFileTime_00433128	READ	0042a411	FUN_0042a400
00433128	PTR_FileTimeToLocalFileTime_00433128	READ	0042a461	
00433128	PTR_FileTimeToLocalFileTime_00433128	READ	0042a4b1	
0043312c	PTR_GetDriveTypeA_0043312c	READ	0042a565	
00433130	PTR_QueryPerformanceCounter_00433130	READ	0042c22c	
00433134	PTR_QueryPerformanceFrequency_00433134	READ	0042c1e8	
00433138	PTR_FindNextFileA_00433138	READ	0042f456	FUN_0042f400
0043313c	PTR_GetPrivateProfileStringA_0043313c	READ	0042f5d6	FUN_0042f590
00433140	PTR_GetLocalTime_00433140	READ	004094cc	entry
00433140	PTR_GetLocalTime_00433140	READ	00429f08	
00433144	PTR_GetModuleFileNameA_00433144	READ	0040958e	entry
00433148	PTR_GetCommandLineA_00433148	READ	004098e5	entry
0043314c	PTR_FindResourceA_0043314c	READ	004096e5	entry
00433150	PTR_SizeofResource_00433150	READ	0040971b	entry
00433154	PTR_LoadResource_00433154	READ	004096f5	entry
00433158	PTR_LockResource_00433158	READ	00409726	entry
0043315c	PTR_FreeLibrary_0043315c	READ	004099f6	FUN_004099e0
0043315c	PTR_FreeLibrary_0043315c	READ	0042cbe2	FUN_0042cbc0
00433160	PTR_LoadLibraryA_00433160	READ	00409449	entry
00433160	PTR_LoadLibraryA_00433160	READ	0042cc3b	FUN_0042cc10
00433160	PTR_LoadLibraryA_00433160	READ	0042b68e	FUN_0042b680
00433164	PTR_SetFilePointer_00433164	READ	00417f33	FUN_00417f00
00433164	PTR_SetFilePointer_00433164	READ	004181fd	FUN_004181b0
00433164	PTR_SetFilePointer_00433164	READ	004182d2	FUN_004181b0
00433164	PTR_SetFilePointer_00433164	READ	0041812e	FUN_004180c0
00433164	PTR_SetFilePointer_00433164	READ	0041e5d7	
00433168	PTR_SetFileAttributesA_00433168	READ	0041e464	FUN_0041e410
0043316c	PTR_GetFileAttributesA_0043316c	READ	0041e43b	FUN_0041e410
0043316c	PTR_GetFileAttributesA_0043316c	READ	00427468	FUN_00427450
0043316c	PTR_GetFileAttributesA_0043316c	READ	0042f671	FUN_0042f610
0043316c	PTR_GetFileAttributesA_0043316c	READ	0042711e	
0043316c	PTR_GetFileAttributesA_0043316c	READ	0040a370	FUN_0040a300
00433170	PTR_SetFileTime_00433170	READ	0041e4ee	
00433170	PTR_SetFileTime_00433170	READ	0041e53e	
00433170	PTR_SetFileTime_00433170	READ	0041e58e	
00433174	PTR_ReadFile_00433174	READ	0041821c	FUN_004181b0
00433174	PTR_ReadFile_00433174	READ	004182f6	FUN_004181b0
00433174	PTR_ReadFile_00433174	READ	00418153	FUN_004180c0
00433174	PTR_ReadFile_00433174	READ	004172f9	FUN_004172c0
00433178	PTR_GetFileSize_00433178	READ	0042a523	
0043317c	PTR_MultiByteToWideChar_0043317c	READ	0040677b	FUN_00406760
00433180	PTR_GetStdHandle_00433180	READ	00417164	FUN_00417120
00433184	PTR_lstrlenW_00433184	READ	004065b9	FUN_004065a0
00433184	PTR_lstrlenW_00433184	READ	004066d9	FUN_004066c0
00433188	PTR_CompareStringA_00433188	READ	004081dc	FUN_004081c0
0043318c	PTR_GetCurrentDirectoryA_0043318c	READ	00406f6a	FUN_00406f50
00433190	PTR_GetTempPathA_00433190	READ	00406d79	FUN_00406d50
00433194	PTR_GetTempFileNameA_00433194	READ	00406d88	FUN_00406d50
00433198	PTR_FreeConsole_00433198	READ	0041b5e6	FUN_0041b2e0
0043319c	PTR_GetFullPathNameA_0043319c	READ	00418477	FUN_00418390
004331a0	PTR_WideCharToMultiByte_004331a0	READ	00406601	FUN_004065a0
004331a0	PTR_WideCharToMultiByte_004331a0	READ	00406721	FUN_004066c0
004331a4	PTR_DeleteFileA_004331a4	READ	004285ed	FUN_00428580
004331a4	PTR_DeleteFileA_004331a4	READ	00427237	
004331a4	PTR_DeleteFileA_004331a4	READ	004283e3	FUN_00428250
004331a4	PTR_DeleteFileA_004331a4	READ	004013fa	FUN_00401390
004331a4	PTR_DeleteFileA_004331a4	READ	00401378	FUN_00401200
004331a8	PTR_WriteFile_004331a8	READ	00417f59	FUN_00417f00
004331a8	PTR_WriteFile_004331a8	READ	004282b1	FUN_00428250
004331a8	PTR_WriteFile_004331a8	READ	0041725c	FUN_00417220
004331a8	PTR_WriteFile_004331a8	READ	004172ac	FUN_00417270
004331a8	PTR_WriteFile_004331a8	READ	00401337	FUN_00401200
004331ac	PTR_CreateFileA_004331ac	READ	00417eb2	FUN_00417e60
004331ac	PTR_CreateFileA_004331ac	READ	00417e1f	FUN_00417de0
004331ac	PTR_CreateFileA_004331ac	READ	004270f3	
004331ac	PTR_CreateFileA_004331ac	READ	0042828b	FUN_00428250
004331ac	PTR_CreateFileA_004331ac	READ	00401225	FUN_00401200
004331b0	PTR_CloseHandle_004331b0	READ	00418336	FUN_00418330
004331b0	PTR_CloseHandle_004331b0	READ	00427185	
004331b0	PTR_CloseHandle_004331b0	READ	00409d6e	FUN_00409af0
004331b0	PTR_CloseHandle_004331b0	READ	004282ba	FUN_00428250
004331b0	PTR_CloseHandle_004331b0	READ	00401340	FUN_00401200
004331b4	PTR_RaiseException_004331b4	READ	004325fa	__raise_exc
004331b8	PTR_lstrlenA_004331b8	READ	00407cff	FUN_00407cf0
004331b8	PTR_lstrlenA_004331b8	READ	00406669	FUN_00406650
004331b8	PTR_lstrlenA_004331b8	READ	00406549	FUN_00406530
004331b8	PTR_lstrlenA_004331b8	READ	0040813d	FUN_00408130
004331b8	PTR_lstrlenA_004331b8	READ	00407e49	FUN_00407e30
004331b8	PTR_lstrlenA_004331b8	READ	00407f9f	FUN_00407f80
004331b8	PTR_lstrlenA_004331b8	READ	0040bf8f	FUN_0040ba30
004331b8	PTR_lstrlenA_004331b8	READ	0040c3ef	
004331c0	PTR_acmFormatSuggest_004331c0	INDIRECTION	00430a04	MSACM32.DLL::acmFormatSuggest
004331c4	PTR_acmStreamOpen_004331c4	INDIRECTION	004309fe	MSACM32.DLL::acmStreamOpen
004331c8	PTR_acmStreamSize_004331c8	INDIRECTION	004309f8	MSACM32.DLL::acmStreamSize
004331cc	PTR_acmStreamPrepareHeader_004331cc	INDIRECTION	004309f2	MSACM32.DLL::acmStreamPrepareHeader
004331d0	PTR_acmStreamConvert_004331d0	INDIRECTION	004309ec	MSACM32.DLL::acmStreamConvert
004331d4	PTR_acmStreamUnprepareHeader_004331d4	INDIRECTION	004309e6	MSACM32.DLL::acmStreamUnprepareHeader
004331d8	PTR_acmStreamClose_004331d8	INDIRECTION	004309e0	MSACM32.DLL::acmStreamClose
004331e0	PTR_ExtractIconA_004331e0	READ	004013d8	FUN_00401390
004331e8	PTR_GetCursorPos_004331e8	READ	0041b01f	FUN_0041b010
004331e8	PTR_GetCursorPos_004331e8	READ	0040c6af	
004331e8	PTR_GetCursorPos_004331e8	READ	00424ff3	
004331ec	PTR_PostQuitMessage_004331ec	READ	0040c46a	
004331f0	PTR_DefWindowProcA_004331f0	READ	0040c273	
004331f0	PTR_DefWindowProcA_004331f0	READ	0040c2c7	
004331f0	PTR_DefWindowProcA_004331f0	READ	0040d161	
004331f4	PTR_MessageBoxA_004331f4	READ	0040d38a	FUN_0040d370
004331f4	PTR_MessageBoxA_004331f4	READ	0042a31e	FUN_0042a220
004331f8	PTR_UpdateWindow_004331f8	READ	00415bca	FUN_00415ba0
004331f8	PTR_UpdateWindow_004331f8	READ	0041a787	FUN_0041a6f0
004331f8	PTR_UpdateWindow_004331f8	READ	00424ae0	
004331fc	PTR_FillRect_004331fc	READ	0041a7c6	FUN_0041a7a0
004331fc	PTR_FillRect_004331fc	READ	0040ca93	
004331fc	PTR_FillRect_004331fc	READ	0040cb57	
004331fc	PTR_FillRect_004331fc	READ	0040cb8d	
004331fc	PTR_FillRect_004331fc	READ	0040c738	
004331fc	PTR_FillRect_004331fc	READ	00421d99	
00433200	PTR_InvalidateRect_00433200	READ	00415bbd	FUN_00415ba0
00433200	PTR_InvalidateRect_00433200	READ	0041a752	FUN_0041a6f0
00433200	PTR_InvalidateRect_00433200	READ	004244aa	
00433200	PTR_InvalidateRect_00433200	READ	00424598	
00433200	PTR_InvalidateRect_00433200	READ	00424ad7	
00433200	PTR_InvalidateRect_00433200	READ	00425407	
00433200	PTR_InvalidateRect_00433200	READ	00422911	
00433200	PTR_InvalidateRect_00433200	READ	00422a33	
00433204	PTR_EnableWindow_00433204	READ	00415d29	FUN_00415be0
00433204	PTR_EnableWindow_00433204	READ	0041662b	FUN_004164e0
00433204	PTR_EnableWindow_00433204	READ	00423c6a	FUN_00423bc0
00433208	PTR_SetScrollInfo_00433208	READ	004235d1	FUN_00423350
00433208	PTR_SetScrollInfo_00433208	READ	00416460	FUN_00416180
0043320c	PTR_DestroyWindow_0043320c	READ	0041654a	FUN_004164e0
0043320c	PTR_DestroyWindow_0043320c	READ	00416634	FUN_004164e0
00433210	PTR_CharToOemBuffA_00433210	READ	00417247	FUN_00417220
00433210	PTR_CharToOemBuffA_00433210	READ	00417297	FUN_00417270
00433214	PTR_OemToCharBuffA_00433214	READ	00417314	FUN_004172c0
00433218	PTR_IsIconic_00433218	READ	00418b96	FUN_00418a80
00433218	PTR_IsIconic_00433218	READ	00427aff	
0043321c	PTR_EndPaint_0043321c	READ	0041a712	FUN_0041a6f0
00433220	PTR_BeginPaint_00433220	READ	0041a704	FUN_0041a6f0
00433224	PTR_SetKeyboardState_00433224	READ	0041afda	FUN_0041afa0
00433228	PTR_GetKeyboardState_00433228	READ	0041afab	FUN_0041afa0
0043322c	PTR_PeekMessageA_0043322c	READ	0041b1d7	FUN_0041b130
0043322c	PTR_PeekMessageA_0043322c	READ	0041b006	FUN_0041aff0
00433230	PTR_DispatchMessageA_00433230	READ	0041b27b	FUN_0041b130
00433234	PTR_TranslateMessage_00433234	READ	0041b270	FUN_0041b130
00433238	PTR_IsDialogMessageA_00433238	READ	0041b1dd	FUN_0041b130
0043323c	PTR_GetMessageA_0043323c	READ	0041b1d1	FUN_0041b130
00433240	PTR_KillTimer_00433240	READ	0041b61c	FUN_0041b2e0
00433244	PTR_SetTimer_00433244	READ	0041b58a	FUN_0041b2e0
00433248	PTR_SetWindowPlacement_00433248	READ	0041c7c1	
0043324c	PTR_GetWindowPlacement_0043324c	READ	0041c777	
00433250	PTR_SetCursor_00433250	READ	00424e9b	FUN_00424db0
00433250	PTR_SetCursor_00433250	READ	00424ec6	FUN_00424db0
00433250	PTR_SetCursor_00433250	READ	00424ed7	FUN_00424db0
00433250	PTR_SetCursor_00433250	READ	00424d70	
00433254	PTR_SetCursorPos_00433254	READ	00425027	
00433258	PTR_LoadIconA_00433258	READ	0040a886	FUN_0040a790
0043325c	PTR_SetScrollPos_0043325c	READ	004232ea	FUN_00422df0
0043325c	PTR_SetScrollPos_0043325c	READ	0040cfde	
00433260	PTR_EnumDisplaySettingsA_00433260	READ	0040ab2d	FUN_0040aaf0
00433264	PTR_GetSysColor_00433264	READ	0040a7e6	FUN_0040a790
00433268	PTR_DrawTextA_00433268	READ	0040cbc9	
0043326c	PTR_LoadCursorA_0043326c	READ	0040a88c	FUN_0040a790
00433270	PTR_RegisterClassA_00433270	READ	0040a8b7	FUN_0040a790
00433274	PTR_CreateWindowExA_00433274	READ	0040a908	FUN_0040a790
00433274	PTR_CreateWindowExA_00433274	READ	00415ce4	FUN_00415be0
00433274	PTR_CreateWindowExA_00433274	READ	00416332	FUN_00416180
00433278	PTR_SetWindowLongA_00433278	READ	0040a9d1	FUN_0040a790
00433278	PTR_SetWindowLongA_00433278	READ	0040ae85	FUN_0040ae30
00433278	PTR_SetWindowLongA_00433278	READ	0040ad44	FUN_0040ad10
00433278	PTR_SetWindowLongA_00433278	READ	00415cf6	FUN_00415be0
00433278	PTR_SetWindowLongA_00433278	READ	00423717	FUN_00423610
00433278	PTR_SetWindowLongA_00433278	READ	00423c57	FUN_00423bc0
0043327c	PTR_SetFocus_0043327c	READ	0040a780	FUN_0040a750
0043327c	PTR_SetFocus_0043327c	READ	004167b0	FUN_004166c0
0043327c	PTR_SetFocus_0043327c	READ	004168e4	FUN_004167c0
0043327c	PTR_SetFocus_0043327c	READ	0040bd18	FUN_0040ba30
0043327c	PTR_SetFocus_0043327c	READ	004169e8	FUN_004168f0
0043327c	PTR_SetFocus_0043327c	READ	00416a9a	FUN_004168f0
0043327c	PTR_SetFocus_0043327c	READ	00416b92	FUN_00416ad0
0043327c	PTR_SetFocus_0043327c	READ	00416c34	FUN_00416ad0
0043327c	PTR_SetFocus_0043327c	READ	00416ce7	FUN_00416ad0
0043327c	PTR_SetFocus_0043327c	READ	00415d1e	FUN_00415be0
0043327c	PTR_SetFocus_0043327c	READ	00416681	FUN_004164e0
0043327c	PTR_SetFocus_0043327c	READ	004166ac	FUN_004164e0
0043327c	PTR_SetFocus_0043327c	READ	0040c553	
0043327c	PTR_SetFocus_0043327c	READ	00423945	
0043327c	PTR_SetFocus_0043327c	READ	00423f61	
00433280	PTR_GetFocus_00433280	READ	0040ca40	
00433280	PTR_GetFocus_00433280	READ	0040cc3f	
00433284	PTR_GetClassNameA_00433284	READ	0040c18e	FUN_0040c150
00433288	PTR_GetWindowRect_00433288	READ	0040a6c4	FUN_0040a610
00433288	PTR_GetWindowRect_00433288	READ	0040b099	FUN_0040b090
00433288	PTR_GetWindowRect_00433288	READ	0040b250	FUN_0040b230
00433288	PTR_GetWindowRect_00433288	READ	0041a08a	FUN_00419f90
00433288	PTR_GetWindowRect_00433288	READ	0041a8b5	FUN_0041a7d0
00433288	PTR_GetWindowRect_00433288	READ	004188b6	FUN_00418890
00433288	PTR_GetWindowRect_00433288	READ	00409a3b	FUN_00409a30
0043328c	PTR_SystemParametersInfoA_0043328c	READ	00409a4e	FUN_00409a30
00433290	PTR_SetWindowPos_00433290	READ	0040b013	FUN_0040ae30
00433290	PTR_SetWindowPos_00433290	READ	0040adde	FUN_0040ad10
00433290	PTR_SetWindowPos_00433290	READ	00422b7d	FUN_00422b60
00433290	PTR_SetWindowPos_00433290	READ	0041c7fc	
00433290	PTR_SetWindowPos_00433290	READ	00423783	FUN_00423610
00433290	PTR_SetWindowPos_00433290	READ	00423a90	
00433290	PTR_SetWindowPos_00433290	READ	00409abc	FUN_00409a30
00433294	PTR_SetForegroundWindow_00433294	READ	00409a11	FUN_004099e0
00433294	PTR_SetForegroundWindow_00433294	READ	0042566d	
00433294	PTR_SetForegroundWindow_00433294	READ	00425681	
00433298	PTR_GetForegroundWindow_00433298	READ	00409469	entry
0043329c	PTR_GetSystemMetrics_0043329c	READ	00409251	FUN_00409250
004332a0	PTR_GetDC_004332a0	READ	00409281	FUN_00409250
004332a0	PTR_GetDC_004332a0	READ	0041aa3e	FUN_0041aa00
004332a0	PTR_GetDC_004332a0	READ	0041a34f	FUN_0041a1b0
004332a0	PTR_GetDC_004332a0	READ	00408c29	FUN_00408c20
004332a0	PTR_GetDC_004332a0	READ	00421677	FUN_004214a0
004332a0	PTR_GetDC_004332a0	READ	00430887	
004332a4	PTR_ReleaseDC_004332a4	READ	004092a3	FUN_00409250
004332a4	PTR_ReleaseDC_004332a4	READ	0041ac5a	FUN_0041aa00
004332a4	PTR_ReleaseDC_004332a4	READ	0041a6a9	FUN_0041a1b0
004332a4	PTR_ReleaseDC_004332a4	READ	00408c53	FUN_00408c20
004332a4	PTR_ReleaseDC_004332a4	READ	00421951	FUN_004214a0
004332a4	PTR_ReleaseDC_004332a4	READ	004308a7	
004332a8	PTR_GetDlgItem_004332a8	READ	00406eae	FUN_00406ea0
004332a8	PTR_GetDlgItem_004332a8	READ	00406f29	FUN_00406f20
004332ac	PTR_SetWindowTextA_004332ac	READ	00406e97	FUN_00406e90
004332ac	PTR_SetWindowTextA_004332ac	READ	00406f3a	FUN_00406f20
004332b0	PTR_GetWindowTextLengthA_004332b0	READ	00406e4a	FUN_00406e30
004332b0	PTR_GetWindowTextLengthA_004332b0	READ	00406ecc	FUN_00406ea0
004332b4	PTR_GetWindowTextA_004332b4	READ	00406e83	FUN_00406e30
004332b4	PTR_GetWindowTextA_004332b4	READ	00406f05	FUN_00406ea0
004332b8	PTR_CharLowerA_004332b8	READ	00406b2e	FUN_00406b20
004332bc	PTR_CharUpperA_004332bc	READ	00406b0e	FUN_00406b00
004332c0	PTR_CreateCursor_004332c0	READ	0040158f	FUN_00401420
004332c4	PTR_DestroyIcon_004332c4	READ	004015e6	FUN_004015d0
004332c4	PTR_DestroyIcon_004332c4	READ	00401046	FUN_00401030
004332c4	PTR_DestroyIcon_004332c4	READ	00401146	FUN_00401130
004332c4	PTR_DestroyIcon_004332c4	READ	0040119b	FUN_00401180
004332c8	PTR_DestroyCursor_004332c8	READ	004015f6	FUN_004015d0
004332c8	PTR_DestroyCursor_004332c8	READ	00401056	FUN_00401030
004332c8	PTR_DestroyCursor_004332c8	READ	00401156	FUN_00401130
004332c8	PTR_DestroyCursor_004332c8	READ	004011ab	FUN_00401180
004332cc	PTR_IsWindow_004332cc	READ	0041b5f2	FUN_0041b2e0
004332cc	PTR_IsWindow_004332cc	READ	0040c1de	FUN_0040c1d0
004332d0	PTR_GetWindow_004332d0	READ	0040c1ee	FUN_0040c1d0
004332d4	PTR_GetWindowLongA_004332d4	READ	0040c290	
004332d4	PTR_GetWindowLongA_004332d4	READ	0040d05b	
004332d4	PTR_GetWindowLongA_004332d4	READ	0040c1f4	FUN_0040c1d0
004332d4	PTR_GetWindowLongA_004332d4	READ	0042362f	FUN_00423610
004332d4	PTR_GetWindowLongA_004332d4	READ	00423c35	FUN_00423bc0
004332d8	PTR_SendMessageA_004332d8	READ	0041b609	FUN_0041b2e0
004332d8	PTR_SendMessageA_004332d8	READ	00418aa3	FUN_00418a80
004332d8	PTR_SendMessageA_004332d8	READ	0040bd23	FUN_0040ba30
004332d8	PTR_SendMessageA_004332d8	READ	0040bf36	FUN_0040ba30
004332d8	PTR_SendMessageA_004332d8	READ	0040bc75	FUN_0040ba30
004332d8	PTR_SendMessageA_004332d8	READ	004233d2	FUN_00423350
004332d8	PTR_SendMessageA_004332d8	READ	00423445	FUN_00423350
004332d8	PTR_SendMessageA_004332d8	READ	00422ea5	FUN_00422df0
004332d8	PTR_SendMessageA_004332d8	READ	00422ef5	FUN_00422df0
004332d8	PTR_SendMessageA_004332d8	READ	00422f3e	FUN_00422df0
004332d8	PTR_SendMessageA_004332d8	READ	00422f61	FUN_00422df0
004332d8	PTR_SendMessageA_004332d8	READ	00422fae	FUN_00422df0
004332d8	PTR_SendMessageA_004332d8	READ	00422ff9	FUN_00422df0
004332d8	PTR_SendMessageA_004332d8	READ	00423042	FUN_00422df0
004332d8	PTR_SendMessageA_004332d8	READ	0042305c	FUN_00422df0
004332d8	PTR_SendMessageA_004332d8	READ	004230e0	FUN_00422df0
004332d8	PTR_SendMessageA_004332d8	READ	004231fc	FUN_00422df0
004332d8	PTR_SendMessageA_004332d8	READ	0042324d	FUN_00422df0
004332d8	PTR_SendMessageA_004332d8	READ	004226d2	FUN_00422600
004332d8	PTR_SendMessageA_004332d8	READ	00416d7c	FUN_00416d20
004332d8	PTR_SendMessageA_004332d8	READ	0040c390	
004332d8	PTR_SendMessageA_004332d8	READ	0040ca31	
004332d8	PTR_SendMessageA_004332d8	READ	0040ca69	
004332d8	PTR_SendMessageA_004332d8	READ	0040cb1c	
004332d8	PTR_SendMessageA_004332d8	READ	00416350	FUN_00416180
004332d8	PTR_SendMessageA_004332d8	READ	00416165	FUN_00416110
004332d8	PTR_SendMessageA_004332d8	READ	0042b9a0	
004332d8	PTR_SendMessageA_004332d8	READ	0042ba25	
004332d8	PTR_SendMessageA_004332d8	READ	0042bacb	
004332d8	PTR_SendMessageA_004332d8	READ	004305f5	FUN_00430580
004332d8	PTR_SendMessageA_004332d8	READ	0043063c	FUN_00430580
004332d8	PTR_SendMessageA_004332d8	READ	00430672	FUN_00430580
004332d8	PTR_SendMessageA_004332d8	READ	004306b9	FUN_00430580
004332d8	PTR_SendMessageA_004332d8	READ	00430711	FUN_00430580
004332d8	PTR_SendMessageA_004332d8	READ	0041636f	FUN_00416180
004332d8	PTR_SendMessageA_004332d8	READ	004163ec	FUN_00416180
004332d8	PTR_SendMessageA_004332d8	READ	0042b540	
004332d8	PTR_SendMessageA_004332d8	READ	0042b2fa	
004332d8	PTR_SendMessageA_004332d8	READ	0042b320	
004332d8	PTR_SendMessageA_004332d8	READ	0042b589	
004332d8	PTR_SendMessageA_004332d8	READ	0042b34d	
004332d8	PTR_SendMessageA_004332d8	READ	0042b373	
004332d8	PTR_SendMessageA_004332d8	READ	0042b393	
004332d8	PTR_SendMessageA_004332d8	READ	0042b3b3	
004332d8	PTR_SendMessageA_004332d8	READ	0042b3de	
004332d8	PTR_SendMessageA_004332d8	READ	0042b400	
004332d8	PTR_SendMessageA_004332d8	READ	0042b436	
004332d8	PTR_SendMessageA_004332d8	READ	0040cd62	
004332d8	PTR_SendMessageA_004332d8	READ	00423b4b	FUN_00423aa0
004332d8	PTR_SendMessageA_004332d8	READ	00423c83	FUN_00423bc0
004332d8	PTR_SendMessageA_004332d8	READ	0042449d	
004332d8	PTR_SendMessageA_004332d8	READ	00424572	
004332d8	PTR_SendMessageA_004332d8	READ	004245fb	
004332d8	PTR_SendMessageA_004332d8	READ	004248ab	
004332d8	PTR_SendMessageA_004332d8	READ	00423e78	FUN_00423e00
004332d8	PTR_SendMessageA_004332d8	READ	00423d6f	FUN_00423ce0
004332d8	PTR_SendMessageA_004332d8	READ	0042470a	
004332d8	PTR_SendMessageA_004332d8	READ	00424724	
004332d8	PTR_SendMessageA_004332d8	READ	0042473e	
004332d8	PTR_SendMessageA_004332d8	READ	00424776	
004332d8	PTR_SendMessageA_004332d8	READ	004247ee	
004332d8	PTR_SendMessageA_004332d8	READ	004249b8	
004332d8	PTR_SendMessageA_004332d8	READ	004227c2	
004332d8	PTR_SendMessageA_004332d8	READ	0042281c	
004332d8	PTR_SendMessageA_004332d8	READ	00422874	
004332d8	PTR_SendMessageA_004332d8	READ	0042291e	
004332d8	PTR_SendMessageA_004332d8	READ	00422a59	
004332d8	PTR_SendMessageA_004332d8	READ	00424a16	
004332d8	PTR_SendMessageA_004332d8	READ	00422a76	
004332d8	PTR_SendMessageA_004332d8	READ	00422ade	
004332dc	PTR_RegisterWindowMessageA_004332dc	READ	0040be08	FUN_0040ba30
004332e0	PTR_ScreenToClient_004332e0	READ	0041a099	FUN_00419f90
004332e0	PTR_ScreenToClient_004332e0	READ	0041a8c4	FUN_0041a7d0
004332e0	PTR_ScreenToClient_004332e0	READ	0040b91a	FUN_0040b4f0
004332e0	PTR_ScreenToClient_004332e0	READ	0041b05f	FUN_0041b010
004332e0	PTR_ScreenToClient_004332e0	READ	0040b57f	FUN_0040b4f0
004332e0	PTR_ScreenToClient_004332e0	READ	0040c6d9	
004332e4	PTR_GetKeyState_004332e4	READ	0040b687	FUN_0040b4f0
004332e4	PTR_GetKeyState_004332e4	READ	0040b6a7	FUN_0040b4f0
004332e4	PTR_GetKeyState_004332e4	READ	0040b6ca	FUN_0040b4f0
004332e4	PTR_GetKeyState_004332e4	READ	0040b6e3	FUN_0040b4f0
004332e4	PTR_GetKeyState_004332e4	READ	0040c581	
004332e8	PTR_GetAsyncKeyState_004332e8	READ	0040b802	FUN_0040b4f0
004332e8	PTR_GetAsyncKeyState_004332e8	READ	0040b835	FUN_0040b4f0
004332e8	PTR_GetAsyncKeyState_004332e8	READ	0040baad	FUN_0040ba30
004332e8	PTR_GetAsyncKeyState_004332e8	READ	0040bdbf	FUN_0040ba30
004332e8	PTR_GetAsyncKeyState_004332e8	READ	0040bef1	FUN_0040ba30
004332ec	PTR_ClientToScreen_004332ec	READ	0040b8da	FUN_0040b4f0
004332ec	PTR_ClientToScreen_004332ec	READ	00421c8d	
004332ec	PTR_ClientToScreen_004332ec	READ	00424fe8	
004332f0	PTR_IsZoomed_004332f0	READ	0040b118	FUN_0040b090
004332f0	PTR_IsZoomed_004332f0	READ	0040ae71	FUN_0040ae30
004332f0	PTR_IsZoomed_004332f0	READ	00418b85	FUN_00418a80
004332f0	PTR_IsZoomed_004332f0	READ	00427acf	
004332f4	PTR_MoveWindow_004332f4	READ	0040b2a1	FUN_0040b230
004332f4	PTR_MoveWindow_004332f4	READ	0040b309	FUN_0040b230
004332f8	PTR_GetClientRect_004332f8	READ	0040b153	FUN_0040b090
004332f8	PTR_GetClientRect_004332f8	READ	0040b1c9	FUN_0040b090
004332f8	PTR_GetClientRect_004332f8	READ	004188cb	FUN_00418890
004332fc	PTR_EndDialog_004332fc	READ	0042f91c	
004332fc	PTR_EndDialog_004332fc	READ	0042f942	
00433300	PTR_ShowCursor_00433300	READ	0040ae46	FUN_0040ae30
00433300	PTR_ShowCursor_00433300	READ	0040af9d	FUN_0040ae30
00433300	PTR_ShowCursor_00433300	READ	0040b01b	FUN_0040ae30
00433300	PTR_ShowCursor_00433300	READ	0040ad1b	FUN_0040ad10
00433304	PTR_DialogBoxParamA_00433304	READ	0042faca	
00433308	PTR_ShowWindow_00433308	READ	0040adf6	FUN_0040ad10
00433308	PTR_ShowWindow_00433308	READ	0040a773	FUN_0040a750
00433308	PTR_ShowWindow_00433308	READ	0040b2b0	FUN_0040b230
00433308	PTR_ShowWindow_00433308	READ	0040b2e3	FUN_0040b230
00433308	PTR_ShowWindow_00433308	READ	0040c61b	
00433308	PTR_ShowWindow_00433308	READ	0040c68b	
00433308	PTR_ShowWindow_00433308	READ	00421cb5	
00433308	PTR_ShowWindow_00433308	READ	00421fa8	
00433308	PTR_ShowWindow_00433308	READ	00417157	FUN_00417120
00433308	PTR_ShowWindow_00433308	READ	00423938	
00433308	PTR_ShowWindow_00433308	READ	00423975	
00433308	PTR_ShowWindow_00433308	READ	004239b8	
00433308	PTR_ShowWindow_00433308	READ	004239e8	
00433308	PTR_ShowWindow_00433308	READ	00423afe	FUN_00423aa0
00433308	PTR_ShowWindow_00433308	READ	00425661	
0043330c	PTR_AdjustWindowRectEx_0043330c	READ	0040a6a9	FUN_0040a610
00433310	PTR_ChangeDisplaySettingsA_00433310	READ	0040af49	FUN_0040ae30
00433310	PTR_ChangeDisplaySettingsA_00433310	READ	0040ad32	FUN_0040ad10
00433310	PTR_ChangeDisplaySettingsA_00433310	READ	0040c670	
00433310	PTR_ChangeDisplaySettingsA_00433310	READ	0040c67c	
00433318	PTR_waveOutRestart_00433318	READ	0042dd39	FUN_0042dd10
0043331c	PTR_waveOutWrite_0043331c	READ	0042e2ec	FUN_0042e1c0
0043331c	PTR_waveOutWrite_0043331c	READ	0042e5dd	FUN_0042e1c0
00433320	PTR_waveOutPrepareHeader_00433320	READ	0042e243	FUN_0042e1c0
00433320	PTR_waveOutPrepareHeader_00433320	READ	0042e5ce	FUN_0042e1c0
00433324	PTR_waveOutReset_00433324	READ	0042dc5f	FUN_0042dc50
00433324	PTR_waveOutReset_00433324	READ	0042d99f	FUN_0042d870
00433328	PTR_waveOutUnprepareHeader_00433328	READ	0042dc65	FUN_0042dc50
00433328	PTR_waveOutUnprepareHeader_00433328	READ	0042e279	FUN_0042e1c0
00433328	PTR_waveOutUnprepareHeader_00433328	READ	0042e48b	FUN_0042e1c0
00433328	PTR_waveOutUnprepareHeader_00433328	READ	0042d9a5	FUN_0042d870
0043332c	PTR_joyGetDevCapsA_0043332c	READ	00416e9a	FUN_00416e50
00433330	PTR_mciSendCommandA_00433330	READ	0042859b	FUN_00428580
00433330	PTR_mciSendCommandA_00433330	READ	004177f3	FUN_004177e0
00433330	PTR_mciSendCommandA_00433330	READ	00428659	FUN_00428600
00433330	PTR_mciSendCommandA_00433330	READ	00428534	FUN_004284f0
00433330	PTR_mciSendCommandA_00433330	READ	0042855a	FUN_004284f0
00433330	PTR_mciSendCommandA_00433330	READ	004284b3	FUN_00428460
00433330	PTR_mciSendCommandA_00433330	READ	004284d4	FUN_00428460
00433330	PTR_mciSendCommandA_00433330	READ	004178e9	FUN_00417870
00433330	PTR_mciSendCommandA_00433330	READ	00417844	FUN_00417810
00433330	PTR_mciSendCommandA_00433330	READ	004173b7	FUN_00417380
00433330	PTR_mciSendCommandA_00433330	READ	004174e4	FUN_004174c0
00433330	PTR_mciSendCommandA_00433330	READ	004175a1	FUN_00417580
00433330	PTR_mciSendCommandA_00433330	READ	004175cb	FUN_00417580
00433330	PTR_mciSendCommandA_00433330	READ	004175fb	FUN_004175e0
00433330	PTR_mciSendCommandA_00433330	READ	0041743b	FUN_00417400
00433330	PTR_mciSendCommandA_00433330	READ	004176a7	FUN_00417690
00433330	PTR_mciSendCommandA_00433330	READ	00417577	FUN_00417550
00433330	PTR_mciSendCommandA_00433330	READ	004282e0	FUN_00428250
00433334	PTR_waveOutPause_00433334	READ	0042dd32	FUN_0042dd10
00433338	PTR_waveOutGetPosition_00433338	READ	0042db44	FUN_0042db10
0043333c	PTR_waveOutOpen_0043333c	READ	0042d025	FUN_0042cf20
0043333c	PTR_waveOutOpen_0043333c	READ	0042d771	FUN_0042cf20
0043333c	PTR_waveOutOpen_0043333c	READ	0042d9f8	FUN_0042d870
00433340	PTR_joyGetPos_00433340	READ	00416eae	FUN_00416e50
00433344	PTR_waveOutClose_00433344	READ	0042dc9c	FUN_0042dc50
00433344	PTR_waveOutClose_00433344	READ	0042d9db	FUN_0042d870
00433348	PTR_timeGetTime_00433348	READ	0042c246	
00433350	PTR_GetSaveFileNameA_00433350	INDIRECTION	00430a1c	COMDLG32.DLL::GetSaveFileNameA
00433354	PTR_FindTextA_00433354	INDIRECTION	00430a0a	COMDLG32.DLL::FindTextA
00433358	PTR_GetOpenFileNameA_00433358	INDIRECTION	00430a16	COMDLG32.DLL::GetOpenFileNameA
0043335c	PTR_PrintDlgA_0043335c	INDIRECTION	00430a10	COMDLG32.DLL::PrintDlgA
00433370	DAT_00433370	READ	00402fab	FUN_00402c40
00433370	DAT_00433370	READ	00403493	FUN_00403120
00433378	DAT_00433378	READ	00402f9a	FUN_00402c40
00433378	DAT_00433378	READ	00403482	FUN_00403120
00433380	DAT_00433380	READ	00407b87	FUN_00407930
00433380	DAT_00433380	READ	00402f89	FUN_00402c40
00433380	DAT_00433380	READ	00403471	FUN_00403120
00433380	DAT_00433380	READ	00403b9c	FUN_00403b20
00433380	DAT_00433380	READ	00403bca	FUN_00403b20
00433380	DAT_00433380	READ	00403bde	FUN_00403b20
00433380	DAT_00433380	READ	00403c71	FUN_00403b20
00433380	DAT_00433380	READ	00403c87	FUN_00403b20
00433380	DAT_00433380	READ	00403cdf	FUN_00403b20
00433380	DAT_00433380	READ	00403cf3	FUN_00403b20
00433380	DAT_00433380	READ	00407590	FUN_004073f0
00433380	DAT_00433380	READ	0040765b	FUN_004073f0
00433380	DAT_00433380	READ	004234f9	FUN_00423350
00433388	DAT_00433388	READ	00402e16	FUN_00402c40
00433388	DAT_00433388	READ	00403300	FUN_00403120
00433390	DAT_00433390	READ	00402e0e	FUN_00402c40
00433390	DAT_00433390	READ	004032f8	FUN_00403120
00433398	DAT_00433398	READ	00402e04	FUN_00402c40
00433398	DAT_00433398	READ	004032ee	FUN_00403120
004333a0	DAT_004333a0	READ	00402dfa	FUN_00402c40
004333a0	DAT_004333a0	READ	004032e4	FUN_00403120
004333a8	DAT_004333a8	READ	00402ddd	FUN_00402c40
004333a8	DAT_004333a8	READ	00402e1c	FUN_00402c40
004333a8	DAT_004333a8	READ	004032c7	FUN_00403120
004333a8	DAT_004333a8	READ	00403306	FUN_00403120
004333b0	DAT_004333b0	READ	00402dd7	FUN_00402c40
004333b0	DAT_004333b0	READ	004032c1	FUN_00403120
004333b8	DAT_004333b8	READ	00402dcf	FUN_00402c40
004333b8	DAT_004333b8	READ	004032b9	FUN_00403120
004333c0	DAT_004333c0	READ	00402dc5	FUN_00402c40
004333c0	DAT_004333c0	READ	004032af	FUN_00403120
004333c8	DAT_004333c8	READ	00407933	FUN_00407930
004333c8	DAT_004333c8	READ	00407c88	FUN_00407930
004333c8	DAT_004333c8	READ	00419094	FUN_00418d50
004333c8	DAT_004333c8	READ	004148bb	FUN_00414770
004333c8	DAT_004333c8	READ	004045fb	FUN_004045f0
004333c8	DAT_004333c8	READ	00402da3	FUN_00402c40
004333c8	DAT_004333c8	READ	00402e26	FUN_00402c40
004333c8	DAT_004333c8	READ	00402e4f	FUN_00402c40
004333c8	DAT_004333c8	READ	00402e9e	FUN_00402c40
004333c8	DAT_004333c8	READ	00402eb4	FUN_00402c40
004333c8	DAT_004333c8	READ	00402ec0	FUN_00402c40
004333c8	DAT_004333c8	READ	00402ed2	FUN_00402c40
004333c8	DAT_004333c8	READ	0040328d	FUN_00403120
004333c8	DAT_004333c8	READ	00403310	FUN_00403120
004333c8	DAT_004333c8	READ	00403339	FUN_00403120
004333c8	DAT_004333c8	READ	00403384	FUN_00403120
004333c8	DAT_004333c8	READ	0040339a	FUN_00403120
004333c8	DAT_004333c8	READ	004033a6	FUN_00403120
004333c8	DAT_004333c8	READ	004033b8	FUN_00403120
004333c8	DAT_004333c8	READ	00403b4d	FUN_00403b20
004333c8	DAT_004333c8	READ	00403b6c	FUN_00403b20
004333c8	DAT_004333c8	READ	0040503a	FUN_00405020
004333c8	DAT_004333c8	READ	0040561c	FUN_00405610
004333c8	DAT_004333c8	READ	0040562f	FUN_00405610
004333c8	DAT_004333c8	READ	00407469	FUN_004073f0
004333c8	DAT_004333c8	READ	004074b9	FUN_004073f0
004333c8	DAT_004333c8	READ	004196e3	FUN_004194d0
004333c8	DAT_004333c8	READ	0042d0f7	FUN_0042cf20
004333c8	DAT_004333c8	READ	0042d210	FUN_0042cf20
004333c8	DAT_004333c8	READ	00420e6e	FUN_00420db0
004333c8	DAT_004333c8	READ	00420f83	FUN_00420db0
004333c8	DAT_004333c8	READ	004216b5	FUN_004214a0
004333c8	DAT_004333c8	READ	0042213f	FUN_00422120
004333c8	DAT_004333c8	READ	004221bf	FUN_004221a0
004333c8	DAT_004333c8	READ	00425453	FUN_00425410
004333c8	DAT_004333c8	READ	0042551a	FUN_00425410
004333c8	DAT_004333c8	READ	00429b69	FUN_00429b60
004333c8	DAT_004333c8	READ	00429b79	FUN_00429b60
004333c8	DAT_004333c8	READ	00429b86	FUN_00429b60
004333c8	DAT_004333c8	READ	00429bb7	FUN_00429b60
004333c8	DAT_004333c8	READ	00429bee	FUN_00429b60
004333c8	DAT_004333c8	READ	00429d80	FUN_00429d00
004333c8	DAT_004333c8	READ	00405eb2	FUN_00405d60
004333c8	DAT_004333c8	READ	00423265	FUN_00422df0
004333c8	DAT_004333c8	READ	00426000	
004333c8	DAT_004333c8	READ	004260a0	
004333c8	DAT_004333c8	READ	00426140	
004333c8	DAT_004333c8	READ	004261f0	
004333c8	DAT_004333c8	READ	004262a0	
004333c8	DAT_004333c8	READ	00426350	
004333c8	DAT_004333c8	READ	00429615	
004333c8	DAT_004333c8	READ	00429675	
004333c8	DAT_004333c8	READ	0042a08a	
004333c8	DAT_004333c8	READ	0042a0da	
004333c8	DAT_004333c8	READ	0042a42c	FUN_0042a400
004333c8	DAT_004333c8	READ	0042a47c	
004333c8	DAT_004333c8	READ	0042a4cc	
004333c8	DAT_004333c8	READ	0042dbaf	FUN_0042db10
004333c8	DAT_004333c8	READ	0042ad0f	FUN_0042ac90
004333c8	DAT_004333c8	READ	0042ae1d	
004333c8	DAT_004333c8	READ	0042ae4d	
004333c8	DAT_004333c8	READ	0042ae7d	
004333c8	DAT_004333c8	READ	0042b482	
004333c8	DAT_004333c8	READ	0042b5e5	
004333c8	DAT_004333c8	READ	0042badf	
004333c8	DAT_004333c8	READ	0042bb4c	
004333c8	DAT_004333c8	READ	0042bc8a	
004333c8	DAT_004333c8	READ	0042bd19	
004333c8	DAT_004333c8	READ	0042bea4	
004333c8	DAT_004333c8	READ	0042bee4	
004333c8	DAT_004333c8	READ	0042bf24	
004333c8	DAT_004333c8	READ	0042c1ad	
004333c8	DAT_004333c8	READ	0042d885	FUN_0042d870
004333c8	DAT_004333c8	READ	00424873	
004333c8	DAT_004333c8	READ	00424882	
004333d0	DAT_004333d0	READ	00402d07	FUN_00402c40
004333d0	DAT_004333d0	READ	004031e7	FUN_00403120
004333d0	DAT_004333d0	READ	00429f22	
004333d0	DAT_004333d0	READ	00429f44	
004333d0	DAT_004333d0	READ	00429f74	
004333d0	DAT_004333d0	READ	0042a0ea	
004333d0	DAT_004333d0	READ	0042a41f	FUN_0042a400
004333d0	DAT_004333d0	READ	0042a46f	
004333d0	DAT_004333d0	READ	0042a4bf	
004333d8	DAT_004333d8	READ	00414851	FUN_00414770
004333d8	DAT_004333d8	READ	00419158	FUN_00418d50
004333d8	DAT_004333d8	READ	004148c8	FUN_00414770
004333d8	DAT_004333d8	READ	004148de	FUN_00414770
004333d8	DAT_004333d8	READ	00402cd5	FUN_00402c40
004333d8	DAT_004333d8	READ	00402ce2	FUN_00402c40
004333d8	DAT_004333d8	READ	00402cf1	FUN_00402c40
004333d8	DAT_004333d8	READ	004031b5	FUN_00403120
004333d8	DAT_004333d8	READ	004031c2	FUN_00403120
004333d8	DAT_004333d8	READ	004031d1	FUN_00403120
004333d8	DAT_004333d8	READ	00403bc2	FUN_00403b20
004333d8	DAT_004333d8	READ	00403dd2	FUN_00403b20
004333d8	DAT_004333d8	READ	00420db0	FUN_00420db0
004333d8	DAT_004333d8	READ	00420dba	FUN_00420db0
004333d8	DAT_004333d8	READ	00420dc2	FUN_00420db0
004333d8	DAT_004333d8	READ	00420dd3	FUN_00420db0
004333d8	DAT_004333d8	READ	00420de1	FUN_00420db0
004333d8	DAT_004333d8	READ	00420ecb	FUN_00420db0
004333d8	DAT_004333d8	READ	00418964	FUN_00418890
004333d8	DAT_004333d8	READ	0041e803	
004333d8	DAT_004333d8	READ	004204af	
004333d8	DAT_004333d8	READ	004204ef	
004333d8	DAT_004333d8	READ	004205b4	
004333d8	DAT_004333d8	READ	004205ef	
004333d8	DAT_004333d8	READ	004206d1	
004333d8	DAT_004333d8	READ	0042072b	
004333d8	DAT_004333d8	READ	004207e1	
004333d8	DAT_004333d8	READ	00420830	
004333d8	DAT_004333d8	READ	00421c3a	
004333d8	DAT_004333d8	READ	00421c64	
004333d8	DAT_004333d8	READ	004223d3	
004333e0	DAT_004333e0	READ	00414822	FUN_00414770
004333e0	DAT_004333e0	READ	00414834	FUN_00414770
004333e0	DAT_004333e0	READ	00407949	FUN_00407930
004333e0	DAT_004333e0	READ	00407c7b	FUN_00407930
004333e0	DAT_004333e0	READ	004190ae	FUN_00418d50
004333e0	DAT_004333e0	READ	00402c9a	FUN_00402c40
004333e0	DAT_004333e0	READ	00402caa	FUN_00402c40
004333e0	DAT_004333e0	READ	00402db2	FUN_00402c40
004333e0	DAT_004333e0	READ	00402e64	FUN_00402c40
004333e0	DAT_004333e0	READ	00402fb1	FUN_00402c40
004333e0	DAT_004333e0	READ	00402fb7	FUN_00402c40
004333e0	DAT_004333e0	READ	0040317a	FUN_00403120
004333e0	DAT_004333e0	READ	0040318a	FUN_00403120
004333e0	DAT_004333e0	READ	0040329c	FUN_00403120
004333e0	DAT_004333e0	READ	0040334e	FUN_00403120
004333e0	DAT_004333e0	READ	00403499	FUN_00403120
004333e0	DAT_004333e0	READ	0040349f	FUN_00403120
004333e0	DAT_004333e0	READ	004038e1	FUN_00403890
004333e0	DAT_004333e0	READ	00405069	FUN_00405020
004333e0	DAT_004333e0	READ	00405654	FUN_00405610
004333e0	DAT_004333e0	READ	004074da	FUN_004073f0
004333e0	DAT_004333e0	READ	0040769d	FUN_004073f0
004333e0	DAT_004333e0	READ	0042d0d3	FUN_0042cf20
004333e0	DAT_004333e0	READ	0042d0ee	FUN_0042cf20
004333e0	DAT_004333e0	READ	0042d114	FUN_0042cf20
004333e0	DAT_004333e0	READ	0042d128	FUN_0042cf20
004333e0	DAT_004333e0	READ	0042d133	FUN_0042cf20
004333e0	DAT_004333e0	READ	0042d145	FUN_0042cf20
004333e0	DAT_004333e0	READ	0042d22f	FUN_0042cf20
004333e0	DAT_004333e0	READ	0042d262	FUN_0042cf20
004333e0	DAT_004333e0	READ	004216e6	FUN_004214a0
004333e0	DAT_004333e0	READ	00429b46	FUN_00429b00
004333e0	DAT_004333e0	READ	0042351c	FUN_00423350
004333e0	DAT_004333e0	READ	00423288	FUN_00422df0
004333e0	DAT_004333e0	READ	004296c0	
004333e0	DAT_004333e0	READ	004296e0	
004333e0	DAT_004333e0	READ	00429764	
004333e0	DAT_004333e0	READ	004297e0	
004333e0	DAT_004333e0	READ	00429af0	
004333e0	DAT_004333e0	READ	0042045a	
004333e0	DAT_004333e0	READ	00420563	
004333e0	DAT_004333e0	READ	00420692	
004333e0	DAT_004333e0	READ	004207a4	
004333e0	DAT_004333e0	READ	00421c29	
004333e0	DAT_004333e0	READ	00421c4e	
004333e8	DAT_004333e8	READ	00402c7a	FUN_00402c40
004333e8	DAT_004333e8	READ	0040315a	FUN_00403120
004333f0	DAT_004333f0	READ	00402c56	FUN_00402c40
004333f0	DAT_004333f0	READ	00402c60	FUN_00402c40
004333f0	DAT_004333f0	READ	00402c6f	FUN_00402c40
004333f0	DAT_004333f0	READ	00402de7	FUN_00402c40
004333f0	DAT_004333f0	READ	00403136	FUN_00403120
004333f0	DAT_004333f0	READ	00403140	FUN_00403120
004333f0	DAT_004333f0	READ	0040314f	FUN_00403120
004333f0	DAT_004333f0	READ	004032d1	FUN_00403120
004333f0	DAT_004333f0	READ	004206c5	
004333f0	DAT_004333f0	READ	004207d7	
004333f8	DAT_004333f8	READ	00413bab	FUN_00413a07
004333f8	DAT_004333f8	READ	004038bf	FUN_00403890
004333f8	DAT_004333f8	READ	0040767e	FUN_004073f0
004333f8	DAT_004333f8	READ	00416f31	FUN_00416e50
004333f8	DAT_004333f8	READ	00416fcd	FUN_00416e50
004333f8	DAT_004333f8	READ	00417068	FUN_00416e50
004333f8	DAT_004333f8	READ	0042d1fc	FUN_0042cf20
004333f8	DAT_004333f8	READ	0042d23b	FUN_0042cf20
004333f8	DAT_004333f8	READ	0042d26b	FUN_0042cf20
004333f8	DAT_004333f8	READ	00428966	FUN_00428950
004333f8	DAT_004333f8	READ	0040cf0e	
00433400	DAT_00433400	READ	00403e05	FUN_00403b20
00433400	DAT_00433400	READ	00403e24	FUN_00403b20
00433400	DAT_00433400	READ	00403e3f	FUN_00403b20
00433400	DAT_00433400	READ	00403e5e	FUN_00403b20
00433400	DAT_00433400	READ	00403e76	FUN_00403b20
00433400	DAT_00433400	READ	00403ea1	FUN_00403b20
00433400	DAT_00433400	READ	00403ec0	FUN_00403b20
00433400	DAT_00433400	READ	00420d67	FUN_00420d40
00433400	DAT_00433400	READ	00415ec8	FUN_00415d40
00433400	DAT_00433400	READ	00420466	
00433400	DAT_00433400	READ	0042056f	
00433400	DAT_00433400	READ	0042069e	
00433400	DAT_00433400	READ	004207b0	
00433408	DAT_00433408	READ	00403cd7	FUN_00403b20
00433410	DAT_00433410	READ	00403b8c	FUN_00403b20
00433418	DAT_00433418	READ	00403b60	FUN_00403b20
00433420	DAT_00433420	READ	0040509d	FUN_00405020
00433420	DAT_00433420	READ	00407668	FUN_004073f0
00433428	DAT_00433428	READ	0040507d	FUN_00405020
00433430	DAT_00433430	READ	0040571b	FUN_00405610
00433438	DAT_00433438	READ	00405702	FUN_00405610
00433440	DAT_00433440	READ	004056bf	FUN_00405610
00433440	DAT_00433440	READ	0042d1ae	FUN_0042cf20
00433448	DAT_00433448	READ	00405674	FUN_00405610
00433450	DAT_00433450	READ	00405637	FUN_00405610
00433450	DAT_00433450	READ	00405646	FUN_00405610
00433458	DAT_00433458	READ	00405ec7	FUN_00405d60
00433460	DAT_00433460	READ	004076b7	FUN_004073f0
00433468	DAT_00433468	READ	004076b1	FUN_004073f0
00433468	DAT_00433468	READ	004076e4	FUN_004073f0
00433468	DAT_00433468	READ	00428a46	FUN_00428a30
00433470	DAT_00433470	READ	00407652	FUN_004073f0
00433478	DAT_00433478	READ	0040763c	FUN_004073f0
00433480	DAT_00433480	READ	00407626	FUN_004073f0
00433488	DAT_00433488	READ	00407610	FUN_004073f0
00433490	DAT_00433490	READ	004075f7	FUN_004073f0
00433498	DAT_00433498	READ	004075df	FUN_004073f0
004334a0	DAT_004334a0	READ	00407baf	FUN_00407930
004334a0	DAT_004334a0	READ	004075c0	FUN_004073f0
004334a0	DAT_004334a0	READ	00407687	FUN_004073f0
004334a0	DAT_004334a0	READ	004076ca	FUN_004073f0
004334a0	DAT_004334a0	READ	00415ee5	FUN_00415d40
004334a8	DAT_004334a8	READ	00407a44	FUN_00407930
004334a8	DAT_004334a8	READ	00407a70	FUN_00407930
004334a8	DAT_004334a8	READ	00407c5b	FUN_00407930
004334a8	DAT_004334a8	READ	004075af	FUN_004073f0
004334a8	DAT_004334a8	READ	004076aa	FUN_004073f0
004334b0	DAT_004334b0	READ	00407b99	FUN_00407930
004334b0	DAT_004334b0	READ	004075a6	FUN_004073f0
004334b0	DAT_004334b0	READ	00407671	FUN_004073f0
004334b0	DAT_004334b0	READ	004189cf	FUN_00418890
004334b0	DAT_004334b0	READ	004189e4	FUN_00418890
004334b0	DAT_004334b0	READ	0042b30a	
004334b0	DAT_004334b0	READ	0042b337	
004334b0	DAT_004334b0	READ	0042b35d	
004334b8	DAT_004334b8	READ	00407c49	FUN_00407930
004334b8	DAT_004334b8	READ	00407599	FUN_004073f0
004334b8	DAT_004334b8	READ	00407694	FUN_004073f0
004334b8	DAT_004334b8	READ	00425534	FUN_00425410
004334b8	DAT_004334b8	READ	00422e74	FUN_00422df0
004334b8	DAT_004334b8	READ	00422ebd	FUN_00422df0
004334b8	DAT_004334b8	READ	00422f0d	FUN_00422df0
004334c0	DAT_004334c0	READ	00407c37	FUN_00407930
004334c0	DAT_004334c0	READ	00407583	FUN_004073f0
004334c0	DAT_004334c0	READ	00425490	FUN_00425410
004334c0	DAT_004334c0	READ	0042554b	FUN_00425410
004334c0	DAT_004334c0	READ	00423552	FUN_00423350
004334c0	DAT_004334c0	READ	0040cef2	
004334c8	DAT_004334c8	READ	00407b75	FUN_00407930
004334c8	DAT_004334c8	READ	0040757a	FUN_004073f0
004334c8	DAT_004334c8	READ	00407645	FUN_004073f0
004334d0	DAT_004334d0	READ	00407c25	FUN_00407930
004334d0	DAT_004334d0	READ	0040756d	FUN_004073f0
004334d0	DAT_004334d0	READ	004076bd	FUN_004073f0
004334d8	DAT_004334d8	READ	00407b63	FUN_00407930
004334d8	DAT_004334d8	READ	00407564	FUN_004073f0
004334d8	DAT_004334d8	READ	0040762f	FUN_004073f0
004334e0	DAT_004334e0	READ	00407c13	FUN_00407930
004334e0	DAT_004334e0	READ	00407557	FUN_004073f0
004334e8	DAT_004334e8	READ	00407b51	FUN_00407930
004334e8	DAT_004334e8	READ	0040754e	FUN_004073f0
004334e8	DAT_004334e8	READ	00407619	FUN_004073f0
004334f0	DAT_004334f0	READ	00407c01	FUN_00407930
004334f0	DAT_004334f0	READ	00407541	FUN_004073f0
004334f8	DAT_004334f8	READ	00407b3f	FUN_00407930
004334f8	DAT_004334f8	READ	00407538	FUN_004073f0
004334f8	DAT_004334f8	READ	00407603	FUN_004073f0
00433500	DAT_00433500	READ	00407bef	FUN_00407930
00433500	DAT_00433500	READ	0040752b	FUN_004073f0
00433508	DAT_00433508	READ	00407b2a	FUN_00407930
00433508	DAT_00433508	READ	0040751f	FUN_004073f0
00433508	DAT_00433508	READ	004075ea	FUN_004073f0
00433510	DAT_00433510	READ	00407bda	FUN_00407930
00433510	DAT_00433510	READ	00407512	FUN_004073f0
00433518	DAT_00433518	READ	00407b12	FUN_00407930
00433518	DAT_00433518	READ	00407507	FUN_004073f0
00433518	DAT_00433518	READ	004075cc	FUN_004073f0
00433520	DAT_00433520	READ	00407bc2	FUN_00407930
00433520	DAT_00433520	READ	004074f4	FUN_004073f0
00433528	DAT_00433528	READ	004079c6	FUN_00407930
00433be4	DAT_00433be4	READ	0040963c	entry
00433be4	DAT_00433be4	DATA	00409632	entry
00433be8	DAT_00433be8	READ	0040963c	entry
00433bf8	DAT_00433bf8	READ	00409630	entry
00433bf8	DAT_00433bf8	DATA	004095ff	entry
00433bf8	DAT_00433bf8	DATA	00409689	entry
00433bfc	DAT_00433bfc	READ	00409630	entry
00433c84	DAT_00433c84	DATA	00409697	entry
00433c8c	DAT_00433c8c	READ	004190f3	FUN_00418d50
00433c8c	DAT_00433c8c	READ	004125d1	FUN_00411d37
00433c8c	DAT_00433c8c	READ	004014ae	FUN_00401420
00433c8d	DAT_00433c8d	READ	00418846	FUN_00418770
00433c8d	DAT_00433c8d	READ	004191c1	FUN_00418d50
00433c8d	DAT_00433c8d	READ	00403a2a	FUN_00403890
00433c8d	DAT_00433c8d	READ	00429d16	FUN_00429d00
00433c8d	DAT_00433c8d	READ	0042c3d5	
00433c8d	DAT_00433c8d	READ	0042c421	
00433c8d	DAT_00433c8d	READ	0042c473	
00433c8d	DAT_00433c8d	READ	0042c4b2	
00433c8e	DAT_00433c8e	READ	004014f3	FUN_00401420
00433c8f	DAT_00433c8f	READ	00419181	FUN_00418d50
00433c90	DAT_00433c90	READ	00419177	FUN_00418d50
00433c90	DAT_00433c90	READ	004014cc	FUN_00401420
00433c90	DAT_00433c90	READ	0041f720	
00433c91	DAT_00433c91	READ	00419165	FUN_00418d50
00433c98	DAT_00433c98	READ	00411f81	FUN_00411d37
00433c98	DAT_00433c98	READ	00403bbc	FUN_00403b20
00433c98	DAT_00433c98	READ	00403c6b	FUN_00403b20
00433c98	DAT_00433c98	READ	00403c81	FUN_00403b20
00433c98	DAT_00433c98	READ	00403cd1	FUN_00403b20
00433c98	DAT_00433c98	READ	00403dcc	FUN_00403b20
00433c98	DAT_00433c98	READ	004056f6	FUN_00405610
00433c98	DAT_00433c98	READ	00415ef9	FUN_00415d40
00433ca0	DAT_00433ca0	READ	00412c0f	FUN_00411d37
00433ca0	DAT_00433ca0	READ	00403b5a	FUN_00403b20
00433ca0	DAT_00433ca0	READ	00403b81	FUN_00403b20
00433ca0	DAT_00433ca0	READ	0041961b	FUN_004194d0
00433ca0	DAT_00433ca0	READ	0042c1ba	
00433ca0	DAT_00433ca0	READ	004197ca	FUN_004197a0
00433cc0	DAT_00433cc0	READ	00411fdd	FUN_00411d37
00433cd8	DAT_00433cd8	READ	00412024	FUN_00411d37
00433cf0	DAT_00433cf0	READ	0041202f	FUN_00411d37
00433cf0	DAT_00433cf0	READ	0041ee30	
00433cf0	DAT_00433cf0	READ	0041ee63	FUN_0041ee50
00433cf0	DAT_00433cf0	READ	0041ee90	
00433cf0	DAT_00433cf0	READ	0041eec3	
00433cf8	DAT_00433cf8	READ	0041203a	FUN_00411d37
00433d00	DAT_00433d00	READ	00412045	FUN_00411d37
00433d00	DAT_00433d00	READ	0041eef0	
00433d00	DAT_00433d00	READ	0041ef23	
00433d08	DAT_00433d08	READ	00412050	FUN_00411d37
00433d10	DAT_00433d10	READ	0041205b	FUN_00411d37
00433d18	DAT_00433d18	READ	00412066	FUN_00411d37
00433d28	DAT_00433d28	READ	00429930	
00433d30	DAT_00433d30	READ	00429950	
00433d38	DAT_00433d38	READ	0040a244	FUN_0040a210
00433d40	DAT_00433d40	READ	004112ac	FUN_00410d31
00433d40	DAT_00433d40	READ	004112c3	FUN_00410d31
00433d40	DAT_00433d40	READ	004119a6	FUN_004118c0
00433d40	DAT_00433d40	READ	004119bd	FUN_004118c0
00433d40	DAT_00433d40	READ	00413620	FUN_00413593
00433d40	DAT_00433d40	READ	00413634	FUN_00413593
00433d40	DAT_00433d40	READ	00413699	FUN_00413593
00433d40	DAT_00433d40	READ	004136b0	FUN_00413593
00433d40	DAT_00433d40	READ	0040f7f3	
00433d40	DAT_00433d40	READ	0040f80a	
00433d40	DAT_00433d40	READ	0040fb9b	
00433d40	DAT_00433d40	READ	0040fbb2	
00433d40	DAT_00433d40	READ	0040fc0c	
00433d40	DAT_00433d40	READ	0040fc23	
00433d48	DAT_00433d48	READ	004137fb	FUN_00413593
00433d48	DAT_00433d48	READ	00413838	FUN_00413593
00433d48	DAT_00433d48	READ	0041261f	FUN_00411d37
00433d48	DAT_00433d48	READ	0040f667	
00433d48	DAT_00433d48	READ	0040f6be	
00433d48	DAT_00433d48	READ	0040f73b	
00433d48	DAT_00433d48	READ	0040f7b8	
00433d48	DAT_00433d48	READ	0040f82a	
00433d48	DAT_00433d48	READ	0040f86e	
00433d48	DAT_00433d48	READ	0040f8d8	
00433d48	DAT_00433d48	READ	0040f92f	
00433d48	DAT_00433d48	READ	0040f9bf	
00433d48	DAT_00433d48	READ	0040fa5f	
00433d50	DAT_00433d50	READ	00412c76	FUN_00411d37
00433d58	DAT_00433d58	READ	0041437e	FUN_00413e87
00433d58	DAT_00433d58	READ	00414395	FUN_00413e87
00433d58	DAT_00433d58	READ	00412c25	FUN_00411d37
00433d58	DAT_00433d58	READ	0042d0b0	FUN_0042cf20
00433d58	DAT_00433d58	READ	0041db15	
00433d58	DAT_00433d58	READ	0041db99	
00433d58	DAT_00433d58	READ	0041dc3d	
00433d58	DAT_00433d58	READ	0041dcc8	
00433d60	DAT_00433d60	READ	00418b2d	FUN_00418a80
00433d60	DAT_00433d60	READ	00418b5a	FUN_00418a80
00433d60	DAT_00433d60	READ	00412c1a	FUN_00411d37
00433d60	DAT_00433d60	READ	0041b09d	FUN_0041b010
00433d60	DAT_00433d60	READ	0041b0c4	FUN_0041b010
00433d60	DAT_00433d60	READ	0041b108	FUN_0041b010
00433d60	DAT_00433d60	READ	0041b11e	FUN_0041b010
00433d60	DAT_00433d60	READ	00418988	FUN_00418890
00433d60	DAT_00433d60	READ	004189b2	FUN_00418890
00433d60	DAT_00433d60	READ	004189c1	FUN_00418890
00433d60	DAT_00433d60	READ	00426e99	
00433d60	DAT_00433d60	READ	00426ea7	
00433d60	DAT_00433d60	READ	00426ec3	
00433d60	DAT_00433d60	READ	00426ef1	
00433d60	DAT_00433d60	READ	00429e98	
00433d60	DAT_00433d60	READ	00429ee8	
00433d60	DAT_00433d60	READ	0042ad56	
00433d60	DAT_00433d60	READ	0042ad66	FUN_0042ad60
00433d60	DAT_00433d60	READ	0042ad76	
00433d60	DAT_00433d60	READ	0042ad86	
00433d60	DAT_00433d60	READ	0042bad5	
00433d60	DAT_00433d60	READ	0042bc83	
00433d60	DAT_00433d60	READ	0042bd11	
00433d60	DAT_00433d60	READ	0042bd63	
00433d60	DAT_00433d60	READ	0042bd70	
00433d60	DAT_00433d60	READ	0042bdb3	
00433d60	DAT_00433d60	READ	0042bdc0	
00433d60	DAT_00433d60	READ	0042be03	
00433d60	DAT_00433d60	READ	0042be10	
00433d60	DAT_00433d60	READ	0042be53	
00433d60	DAT_00433d60	READ	0042be60	
00433d68	DAT_00433d68	READ	00412818	FUN_00411d37
00433d70	DAT_00433d70	READ	0041483c	FUN_00414770
00433d70	DAT_00433d70	READ	0041484b	FUN_00414770
00433d78	DAT_00433d78	READ	00415f03	FUN_00415d40
00433d80	DAT_00433d80	READ	00415ed0	FUN_00415d40
00433d88	DAT_00433d88	READ	00415eb2	FUN_00415d40
00433d90	DAT_00433d90	READ	00415e86	FUN_00415d40
00433d90	DAT_00433d90	READ	00415e98	FUN_00415d40
00433d98	DAT_00433d98	READ	00415e78	FUN_00415d40
00433da0	DAT_00433da0	READ	00415e50	FUN_00415d40
00433da8	DAT_00433da8	READ	00416f4a	FUN_00416e50
00433da8	DAT_00433da8	READ	00416fe6	FUN_00416e50
00433da8	DAT_00433da8	READ	00417081	FUN_00416e50
00433da8	DAT_00433da8	READ	0042ceba	FUN_0042cc10
00433da8	DAT_00433da8	READ	0042a79b	
00433da8	DAT_00433da8	READ	0042a7cb	
00433da8	DAT_00433da8	READ	0042a7fb	
00433da8	DAT_00433da8	READ	0042a81b	
00433da8	DAT_00433da8	READ	0042a836	
00433da8	DAT_00433da8	READ	0042a846	
00433da8	DAT_00433da8	READ	0042c25c	
00433db0	DAT_00433db0	READ	00418b48	FUN_00418a80
00433db0	DAT_00433db0	READ	0041916f	FUN_00418d50
00433db0	DAT_00433db0	READ	004189ac	FUN_00418890
00433db8	DAT_00433db8	READ	00418b35	FUN_00418a80
00433db8	DAT_00433db8	READ	00418990	FUN_00418890
00433dc0	DAT_00433dc0	READ	00418b1a	FUN_00418a80
00433dc0	DAT_00433dc0	READ	004198c5	FUN_00419830
00433dc0	DAT_00433dc0	READ	004198e3	FUN_00419830
00433dc0	DAT_00433dc0	READ	004194eb	FUN_004194d0
00433dc0	DAT_00433dc0	READ	0041951d	FUN_004194d0
00433dc0	DAT_00433dc0	READ	0041adc4	FUN_0041ad10
00433dc0	DAT_00433dc0	READ	0041addb	FUN_0041ad10
00433dc0	DAT_00433dc0	READ	0041ae55	FUN_0041ad10
00433dc0	DAT_00433dc0	READ	0041ae6f	FUN_0041ad10
00433dc0	DAT_00433dc0	READ	00428936	FUN_00428920
00433dc0	DAT_00433dc0	READ	00420d95	FUN_00420d40
00433dc0	DAT_00433dc0	READ	00421523	FUN_004214a0
00433dc0	DAT_00433dc0	READ	00422179	FUN_00422120
00433dc0	DAT_00433dc0	READ	004221f9	FUN_004221a0
00433dc0	DAT_00433dc0	READ	00425482	FUN_00425410
00433dc0	DAT_00433dc0	READ	00425541	FUN_00425410
00433dc0	DAT_00433dc0	READ	0041896c	FUN_00418890
00433dc0	DAT_00433dc0	READ	00424888	
00433dc0	DAT_00433dc0	READ	00424f15	
00433dc0	DAT_00433dc0	READ	00424f2c	
00433dc0	DAT_00433dc0	READ	00424f7a	
00433dc0	DAT_00433dc0	READ	00424f9a	
00433dc8	DAT_00433dc8	READ	00420f6b	FUN_00420db0
00433dc8	DAT_00433dc8	READ	00420f79	FUN_00420db0
00433dc8	DAT_00433dc8	READ	004204a7	
00433dc8	DAT_00433dc8	READ	004205ac	
00433dc8	DAT_00433dc8	READ	004206e3	
00433dc8	DAT_00433dc8	READ	004207f3	
00433dd0	DAT_00433dd0	READ	00420e95	FUN_00420db0
00433dd8	DAT_00433dd8	READ	00420e8f	FUN_00420db0
00433de0	DAT_00433de0	READ	00420d9b	FUN_00420d40
00433de8	DAT_00433de8	READ	004211d0	
00433df0	DAT_00433df0	READ	00425471	FUN_00425410
00433df8	DAT_00433df8	READ	00427c88	
00433df8	DAT_00433df8	READ	00427caf	
00433e00	DAT_00433e00	READ	00428996	FUN_00428980
00433e08	DAT_00433e08	READ	004289c6	FUN_004289b0
00433e10	DAT_00433e10	READ	004289f6	FUN_004289e0
00433e18	DAT_00433e18	READ	0042c281	
00433e20	DAT_00433e20	READ	0042cec6	FUN_0042cc10
00433e28	DAT_00433e28	READ	0042d18c	FUN_0042cf20
00433e30	DAT_00433e30	READ	0042dae7	FUN_0042d870
00433e38	DAT_00433e38	READ	0042dbdf	FUN_0042db10
00433e40	DAT_00433e40	READ	00430c81	FUN_00430bc5
00433e48	DAT_00433e48	READ	00430c53	FUN_00430bc5
00433e50	DAT_00433e50	READ	00430c71	FUN_00430bc5
00433e58	DAT_00433e58	READ	00430c43	FUN_00430bc5
00433e60	DAT_00433e60	READ	00430c8d	FUN_00430bc5
00433e68	DAT_00433e68	READ	00430c5f	FUN_00430bc5
00433e80	DAT_00433e80	READ	00432330	FUN_004322f0
00433f70	DWORD_00433f70	DATA	00400150	
00436000	DAT_00436000	DATA	00400224	
00436000	DAT_00436000	DATA	00409570	entry
004360fc	DAT_004360fc	DATA	0040956b	entry
00436100	DAT_00436100	READ	00401076	FUN_00401070
00436100	DAT_00436100	WRITE	0040107d	FUN_00401070
00436100	DAT_00436100	READ	00401173	FUN_00401130
00436100	DAT_00436100	WRITE	0040117a	FUN_00401130
00436100	DAT_00436100	DATA	00401070	FUN_00401070
00436100	DAT_00436100	DATA	0040116d	FUN_00401130
00436100	DAT_00436100	READ	00401008	FUN_00401000
00436100	DAT_00436100	WRITE	0040100f	FUN_00401000
00436100	DAT_00436100	DATA	00401002	FUN_00401000
00436100	DAT_00436100	DATA	00426517	
00436100	DAT_00436100	DATA	0041efc1	
00436100	DAT_00436100	DATA	0041f061	
00436100	DAT_00436100	DATA	0041f101	
00436100	DAT_00436100	DATA	0041f1a1	
00436100	DAT_00436100	DATA	00424d80	
0043610c	DAT_0043610c	WRITE	0040aa32	FUN_0040a790
0043610c	DAT_0043610c	READ	00424eae	FUN_00424db0
0043610c	DAT_0043610c	READ	00424d59	
00436114	DAT_00436114	WRITE	0040953e	entry
00436118	DAT_00436118	READ	00401c8d	FUN_00401c70
00436118	DAT_00436118	READ	00401d13	FUN_00401cc0
0043611c	DAT_0043611c	READ	00401c9a	FUN_00401c70
0043611c	DAT_0043611c	READ	00401d1b	FUN_00401cc0
00436120	DAT_00436120	READ	00401ca2	FUN_00401c70
00436120	DAT_00436120	READ	00401d24	FUN_00401cc0
00436124	DAT_00436124	READ	00401cab	FUN_00401c70
00436124	DAT_00436124	READ	00401d2d	FUN_00401cc0
00436128	DAT_00436128	READ	00402316	FUN_00402310
00436128	DAT_00436128	WRITE	0040231d	FUN_00402310
00436128	DAT_00436128	READ	00402373	FUN_00402350
00436128	DAT_00436128	WRITE	0040237a	FUN_00402350
00436128	DAT_00436128	DATA	0040236d	FUN_00402350
00436128	DAT_00436128	DATA	00402310	FUN_00402310
00436128	DAT_00436128	READ	004022f8	FUN_004022f0
00436128	DAT_00436128	WRITE	004022ff	FUN_004022f0
00436128	DAT_00436128	DATA	004022f2	FUN_004022f0
00436128	DAT_00436128	DATA	004268d7	
00436138	DAT_00436138	READ	004025d6	FUN_004025d0
00436138	DAT_00436138	WRITE	004025dd	FUN_004025d0
00436138	DAT_00436138	READ	0040268e	FUN_00402680
00436138	DAT_00436138	WRITE	00402695	FUN_00402680
00436138	DAT_00436138	READ	00402548	FUN_00402540
00436138	DAT_00436138	WRITE	0040254f	FUN_00402540
00436138	DAT_00436138	DATA	00402542	FUN_00402540
00436138	DAT_00436138	DATA	004025d0	FUN_004025d0
00436138	DAT_00436138	DATA	00402688	FUN_00402680
00436138	DAT_00436138	DATA	00426607	
00436148	DAT_00436148	WRITE	00409559	entry
00436158	DAT_00436158	READ	00404826	FUN_00404820
00436158	DAT_00436158	WRITE	0040482d	FUN_00404820
00436158	DAT_00436158	READ	00404808	FUN_00404800
00436158	DAT_00436158	WRITE	0040480f	FUN_00404800
00436158	DAT_00436158	DATA	00404802	FUN_00404800
00436158	DAT_00436158	DATA	00404820	FUN_00404820
00436158	DAT_00436158	DATA	00404998	FUN_00404990
00436158	DAT_00436158	DATA	004267e7	
00436178	DAT_00436178	READ	00406636	FUN_00406630
00436178	DAT_00436178	WRITE	0040663d	FUN_00406630
00436178	DAT_00436178	READ	004064c8	FUN_004064c0
00436178	DAT_00436178	WRITE	004064cf	FUN_004064c0
00436178	DAT_00436178	READ	00406ae9	FUN_00406ad0
00436178	DAT_00436178	WRITE	00406af0	FUN_00406ad0
00436178	DAT_00436178	DATA	004064c2	FUN_004064c0
00436178	DAT_00436178	DATA	00406630	FUN_00406630
00436178	DAT_00436178	DATA	00406ae3	FUN_00406ad0
00436188	lpPrefixString_00436188	DATA	00406d82	FUN_00406d50
00436190	DAT_00436190	READ	004098f7	entry
00436194	DAT_00436194	READ	00409904	entry
0043619c	DAT_0043619c	WRITE	00409413	entry
0043619c	DAT_0043619c	READ	00409419	entry
0043619c	DAT_0043619c	READ	0042f68d	FUN_0042f610
0043619c	DAT_0043619c	READ	0042f6b8	FUN_0042f610
0043619c	DAT_0043619c	READ	004251d5	
004361a0	DAT_004361a0	WRITE	0040937b	entry
004361a0	DAT_004361a0	WRITE	00409350	entry
004361a0	DAT_004361a0	WRITE	0040931d	entry
004361a0	DAT_004361a0	WRITE	00409329	entry
004361a0	DAT_004361a0	WRITE	00409363	entry
004361a0	DAT_004361a0	READ	00415d43	FUN_00415d40
004361a4	DAT_004361a4	WRITE	004091c6	FUN_004091c0
004361a4	DAT_004361a4	READ	0040d370	FUN_0040d370
004361a4	DAT_004361a4	READ	00414eb1	FUN_00414eb0
004361a4	DAT_004361a4	READ	0042f67c	FUN_0042f610
004361a4	DAT_004361a4	READ	0042f6b0	FUN_0042f610
004361a4	DAT_004361a4	READ	0042fdde	
004361a4	DAT_004361a4	WRITE	004251dd	
004361a4	DAT_004361a4	WRITE	004251fc	
004361a4	DAT_004361a4	READ	0042536e	
004361a4	DAT_004361a4	READ	0042f9dc	
004361a8	DAT_004361a8	READ	00409993	entry
004361a8	DAT_004361a8	WRITE	004091d8	FUN_004091c0
004361a8	DAT_004361a8	READ	0042c123	
004361a8	DAT_004361a8	READ	004251c9	
004361ac	DAT_004361ac	WRITE	004091ea	FUN_004091c0
004361ac	DAT_004361ac	WRITE	0040933f	entry
004361ac	DAT_004361ac	WRITE	0040936f	entry
004361ac	DAT_004361ac	READ	00415d4a	FUN_00415d40
004361ac	DAT_004361ac	WRITE	00425124	
004361ac	DAT_004361ac	WRITE	004250c1	
004361ac	DAT_004361ac	WRITE	004250cc	
004361ac	DAT_004361ac	WRITE	004250d7	
004361ac	DAT_004361ac	WRITE	004250e2	
004361ac	DAT_004361ac	WRITE	004250ed	
004361ac	DAT_004361ac	WRITE	004250f8	
004361ac	DAT_004361ac	WRITE	00425103	
004361ac	DAT_004361ac	WRITE	0042510e	
004361ac	DAT_004361ac	WRITE	00425119	
004361b0	DAT_004361b0	WRITE	00409200	FUN_004091c0
004361b0	DAT_004361b0	READ	0040778e	FUN_004073f0
004361b0	DAT_004361b0	READ	004077bb	FUN_004073f0
004361b0	DAT_004361b0	READ	00407818	FUN_004073f0
004361b8	DAT_004361b8	DATA	004184d4	FUN_004184c0
004361b8	DAT_004361b8	DATA	004091d2	FUN_004091c0
004361b8	DAT_004361b8	READ	00409402	entry
004361b8	DAT_004361b8	READ	00415038	FUN_00414fd0
004361b8	DAT_004361b8	DATA	004093f8	entry
004361b8	DAT_004361b8	DATA	00415033	FUN_00414fd0
004361b8	DAT_004361b8	READ	004251e8	
004361b8	DAT_004361b8	DATA	004251e3	
004361bc	DAT_004361bc	DATA	004091e4	FUN_004091c0
004361c0	DAT_004361c0	DATA	004091de	FUN_004091c0
004361c4	DAT_004361c4	READ	00415079	FUN_00414fd0
004361c4	DAT_004361c4	WRITE	00415050	FUN_00414fd0
004361c4	DAT_004361c4	DATA	00415074	FUN_00414fd0
004361c4	DAT_004361c4	READ	0042521a	
004361c4	DAT_004361c4	DATA	00425215	
004361d8	DAT_004361d8	READ	00409402	entry
004361d8	DAT_004361d8	READ	00415038	FUN_00414fd0
004361d8	DAT_004361d8	READ	004251e8	
004361e4	DAT_004361e4	READ	00415079	FUN_00414fd0
004361e4	DAT_004361e4	READ	0042521a	
0043625c	DAT_0043625c	WRITE	00409356	entry
00436260	DAT_00436260	WRITE	0040935b	entry
00436268	PTR_s_Cancel_00436268	READ	0042f9e8	
0043626c	PTR_s_All_files_0043626c	READ	0042fdea	
00436270	PTR_s_Insufficient_Memory_00436270	READ	0040d37a	FUN_0040d370
00436274	PTR_s_Sorry,_this_program_will_be_term_00436274	READ	0040d380	FUN_0040d370
004364b8	PTR_s_Software\\Gemtree_Software\\Peter_004364b8	READ	00409385	entry
004364b8	PTR_s_Software\\Gemtree_Software\\Peter_004364b8	DATA	00409409	entry
004364b8	PTR_s_Software\\Gemtree_Software\\Peter_004364b8	DATA	00415040	FUN_00414fd0
004364b8	PTR_s_Software\\Gemtree_Software\\Peter_004364b8	DATA	004251f0	
004364c4	s_Gemtree_32-compiler_004364c4	DATA	00415083	FUN_00414fd0
004364c4	s_Gemtree_32-compiler_004364c4	DATA	00425224	
004364d8	s_Software\\Gemtree_Software\\Peter_004364d8	DATA	00409393	entry
004364d8	s_Software\\Gemtree_Software\\Peter_004364d8	DATA	004364b8	
004364f8	DAT_004364f8	DATA	00436434	
00436534	DAT_00436534	DATA	00436430	
00436548	DAT_00436548	DATA	0043642c	
00436558	DAT_00436558	DATA	00436394	
00436594	DAT_00436594	DATA	00436390	
004365a4	s_Wszystkie_pliki_004365a4	DATA	0043638c	
004365b4	s_Anuluj_004365b4	DATA	00436388	
004365bc	s_Ich_bedauere,_das_Programm_wird_w_004365bc	DATA	00436234	
00436600	s_Speicherplatzmangel_00436600	DATA	00436230	
00436614	s_Alle_Dateien_00436614	DATA	0043622c	
00436624	s_Abbrechen_00436624	DATA	00436228	
00436630	DAT_00436630	DATA	004361f4	
0043666c	DAT_0043666c	DATA	004361f0	
00436680	DAT_00436680	DATA	004361ec	
00436690	s_Storno_00436690	DATA	004361e8	
00436690	s_Storno_00436690	DATA	00436428	
00436698	s_Sorry,_this_program_will_be_term_00436698	DATA	0040d387	FUN_0040d370
00436698	s_Sorry,_this_program_will_be_term_00436698	DATA	00436274	
00436698	s_Sorry,_this_program_will_be_term_00436698	DATA	004361d4	
00436698	s_Sorry,_this_program_will_be_term_00436698	DATA	00436214	
00436698	s_Sorry,_this_program_will_be_term_00436698	DATA	00436254	
00436698	s_Sorry,_this_program_will_be_term_00436698	DATA	00436294	
00436698	s_Sorry,_this_program_will_be_term_00436698	DATA	004362b4	
00436698	s_Sorry,_this_program_will_be_term_00436698	DATA	004362d4	
00436698	s_Sorry,_this_program_will_be_term_00436698	DATA	004362f4	
00436698	s_Sorry,_this_program_will_be_term_00436698	DATA	00436314	
00436698	s_Sorry,_this_program_will_be_term_00436698	DATA	00436334	
00436698	s_Sorry,_this_program_will_be_term_00436698	DATA	00436354	
00436698	s_Sorry,_this_program_will_be_term_00436698	DATA	00436374	
00436698	s_Sorry,_this_program_will_be_term_00436698	DATA	004363b4	
00436698	s_Sorry,_this_program_will_be_term_00436698	DATA	004363d4	
00436698	s_Sorry,_this_program_will_be_term_00436698	DATA	004363f4	
00436698	s_Sorry,_this_program_will_be_term_00436698	DATA	00436414	
00436698	s_Sorry,_this_program_will_be_term_00436698	DATA	00436454	
00436698	s_Sorry,_this_program_will_be_term_00436698	DATA	00436474	
00436698	s_Sorry,_this_program_will_be_term_00436698	DATA	00436494	
00436698	s_Sorry,_this_program_will_be_term_00436698	DATA	004364b4	
004366e0	s_Insufficient_Memory_004366e0	DATA	0040d386	FUN_0040d370
004366e0	s_Insufficient_Memory_004366e0	DATA	00436270	
004366e0	s_Insufficient_Memory_004366e0	DATA	004361d0	
004366e0	s_Insufficient_Memory_004366e0	DATA	00436210	
004366e0	s_Insufficient_Memory_004366e0	DATA	00436250	
004366e0	s_Insufficient_Memory_004366e0	DATA	00436290	
004366e0	s_Insufficient_Memory_004366e0	DATA	004362b0	
004366e0	s_Insufficient_Memory_004366e0	DATA	004362d0	
004366e0	s_Insufficient_Memory_004366e0	DATA	004362f0	
004366e0	s_Insufficient_Memory_004366e0	DATA	00436310	
004366e0	s_Insufficient_Memory_004366e0	DATA	00436330	
004366e0	s_Insufficient_Memory_004366e0	DATA	00436350	
004366e0	s_Insufficient_Memory_004366e0	DATA	00436370	
004366e0	s_Insufficient_Memory_004366e0	DATA	004363b0	
004366e0	s_Insufficient_Memory_004366e0	DATA	004363d0	
004366e0	s_Insufficient_Memory_004366e0	DATA	004363f0	
004366e0	s_Insufficient_Memory_004366e0	DATA	00436410	
004366e0	s_Insufficient_Memory_004366e0	DATA	00436450	
004366e0	s_Insufficient_Memory_004366e0	DATA	00436470	
004366e0	s_Insufficient_Memory_004366e0	DATA	00436490	
004366e0	s_Insufficient_Memory_004366e0	DATA	004364b0	
004366f4	s_All_files_004366f4	DATA	0043626c	
004366f4	s_All_files_004366f4	DATA	004361cc	
004366f4	s_All_files_004366f4	DATA	0043620c	
004366f4	s_All_files_004366f4	DATA	0043624c	
004366f4	s_All_files_004366f4	DATA	0043628c	
004366f4	s_All_files_004366f4	DATA	004362ac	
004366f4	s_All_files_004366f4	DATA	004362cc	
004366f4	s_All_files_004366f4	DATA	004362ec	
004366f4	s_All_files_004366f4	DATA	0043630c	
004366f4	s_All_files_004366f4	DATA	0043632c	
004366f4	s_All_files_004366f4	DATA	0043634c	
004366f4	s_All_files_004366f4	DATA	0043636c	
004366f4	s_All_files_004366f4	DATA	004363ac	
004366f4	s_All_files_004366f4	DATA	004363cc	
004366f4	s_All_files_004366f4	DATA	004363ec	
004366f4	s_All_files_004366f4	DATA	0043640c	
004366f4	s_All_files_004366f4	DATA	0043644c	
004366f4	s_All_files_004366f4	DATA	0043646c	
004366f4	s_All_files_004366f4	DATA	0043648c	
004366f4	s_All_files_004366f4	DATA	004364ac	
00436700	s_Cancel_00436700	DATA	00436268	
00436700	s_Cancel_00436700	DATA	004361c8	
00436700	s_Cancel_00436700	DATA	00436208	
00436700	s_Cancel_00436700	DATA	00436248	
00436700	s_Cancel_00436700	DATA	00436288	
00436700	s_Cancel_00436700	DATA	004362a8	
00436700	s_Cancel_00436700	DATA	004362c8	
00436700	s_Cancel_00436700	DATA	004362e8	
00436700	s_Cancel_00436700	DATA	00436308	
00436700	s_Cancel_00436700	DATA	00436328	
00436700	s_Cancel_00436700	DATA	00436348	
00436700	s_Cancel_00436700	DATA	00436368	
00436700	s_Cancel_00436700	DATA	004363a8	
00436700	s_Cancel_00436700	DATA	004363c8	
00436700	s_Cancel_00436700	DATA	004363e8	
00436700	s_Cancel_00436700	DATA	00436408	
00436700	s_Cancel_00436700	DATA	00436448	
00436700	s_Cancel_00436700	DATA	00436468	
00436700	s_Cancel_00436700	DATA	00436488	
00436700	s_Cancel_00436700	DATA	004364a8	
00436708	s_LOADER_00436708	DATA	004096d8	entry
00436710	s_GetDiskFreeSpaceExA_00436710	DATA	00409458	entry
00436724	s_KERNEL32.DLL_00436724	DATA	00409444	entry
00436734	s_Language_00436734	DATA	004093c8	entry
00436740	s_\\command.com_/c_00436740	DATA	00409cb8	FUN_00409af0
00436750	s_\\system32\\cmd.exe_/c_00436750	DATA	00409c79	FUN_00409af0
00436768	DAT_00436768	READ	00409a01	FUN_004099e0
00436768	DAT_00436768	READ	004231dc	FUN_00422df0
00436768	DAT_00436768	READ	00427b20	
00436768	DAT_00436768	WRITE	0040c5f5	
00436768	DAT_00436768	READ	00423b2e	FUN_00423aa0
00436768	DAT_00436768	READ	00425643	
00436768	DAT_00436768	WRITE	00425673	
00436768	DAT_00436768	WRITE	00425687	
0043676c	DAT_0043676c	WRITE	0040afca	FUN_0040ae30
0043676c	DAT_0043676c	READ	0040c639	
00436770	DAT_00436770	WRITE	0040afd2	FUN_0040ae30
00436770	DAT_00436770	READ	0040c621	
00436774	DAT_00436774	WRITE	0040afdb	FUN_0040ae30
00436774	DAT_00436774	READ	0040c634	
00436778	DAT_00436778	READ	0040a901	FUN_0040a790
00436778	DAT_00436778	READ	0040a67c	FUN_0040a610
00436778	DAT_00436778	READ	0040ad38	FUN_0040ad10
00436778	DAT_00436778	WRITE	0042373f	FUN_00423610
00436778	DAT_00436778	READ	00423a57	
00436778	DAT_00436778	WRITE	00423a62	
00436778	DAT_00436778	WRITE	00423a6f	
0043677c	DAT_0043677c	READ	0040a8eb	FUN_0040a790
0043677c	DAT_0043677c	READ	0040a682	FUN_0040a610
0043677c	DAT_0043677c	READ	0040ad57	FUN_0040ad10
0043677c	DAT_0043677c	WRITE	00423738	FUN_00423610
00436780	s_PeterProgClass_00436780	DATA	0040a8af	FUN_0040a790
00436780	s_PeterProgClass_00436780	DATA	0040a8fc	FUN_0040a790
00436780	s_PeterProgClass_00436780	DATA	00415cda	FUN_00415be0
00436790	lpPoint_00436790	WRITE	0040b8cf	FUN_0040b4f0
00436790	lpPoint_00436790	READ	0040b8e6	FUN_0040b4f0
00436790	lpPoint_00436790	READ	0041b02b	FUN_0041b010
00436790	lpPoint_00436790	WRITE	0040b557	FUN_0040b4f0
00436790	lpPoint_00436790	DATA	0041b01a	FUN_0041b010
00436790	lpPoint_00436790	DATA	0040b8a7	FUN_0040b4f0
00436790	lpPoint_00436790	READ	00424ffd	
00436794	DAT_00436794	WRITE	0040b8d5	FUN_0040b4f0
00436794	DAT_00436794	READ	0040b8e0	FUN_0040b4f0
00436794	DAT_00436794	READ	0041b025	FUN_0041b010
00436794	DAT_00436794	WRITE	0040b545	FUN_0040b4f0
00436794	DAT_00436794	READ	0042500f	
00436798	lpPoint_00436798	WRITE	0040b8f7	FUN_0040b4f0
00436798	lpPoint_00436798	WRITE	0041b03c	FUN_0041b010
00436798	lpPoint_00436798	READ	0041b088	FUN_0041b010
00436798	lpPoint_00436798	READ	0041b0d2	FUN_0041b010
00436798	lpPoint_00436798	WRITE	0040b55c	FUN_0040b4f0
00436798	lpPoint_00436798	DATA	0041b041	FUN_0041b010
00436798	lpPoint_00436798	DATA	0040b56e	FUN_0040b4f0
00436798	lpPoint_00436798	DATA	0040b8fc	FUN_0040b4f0
00436798	lpPoint_00436798	READ	00424cad	
0043679c	DAT_0043679c	WRITE	0040b8eb	FUN_0040b4f0
0043679c	DAT_0043679c	WRITE	0041b030	FUN_0041b010
0043679c	DAT_0043679c	READ	0041b0b3	FUN_0041b010
0043679c	DAT_0043679c	READ	0041b0ea	FUN_0041b010
0043679c	DAT_0043679c	WRITE	0040b54b	FUN_0040b4f0
0043679c	DAT_0043679c	READ	00424cb2	
004367a0	s_commdlg_FindReplace_004367a0	DATA	0040be03	FUN_0040ba30
004367b8	DAT_004367b8	READ	0040d870	FUN_0040d870
004367b8	DAT_004367b8	WRITE	0040d898	FUN_0040d870
004367b8	DAT_004367b8	WRITE	0040d8a4	FUN_0040d870
004367b8	DAT_004367b8	READ	0040d8c3	FUN_0040d870
004367c0	DAT_004367c0	DATA	0040d3cf	FUN_0040d3a0
004367c0	DAT_004367c0	DATA	0040d3bc	FUN_0040d3a0
004367c8	DAT_004367c8	READ	0040d3b6	FUN_0040d3a0
004367cc	DAT_004367cc	DATA	0040d3cf	FUN_0040d3a0
004367ce	DAT_004367ce	DATA	00412d5f	FUN_00411d37
004367d4	DAT_004367d4	READ	0040d3c5	FUN_0040d3a0
004367d8	DAT_004367d8	DATA	0040d3cf	FUN_0040d3a0
004367e0	DAT_004367e0	READ	0040d3c5	FUN_0040d3a0
004368b8	DAT_004368b8	READ	0041bc4b	
004368b8	DAT_004368b8	WRITE	0041bc5c	
004368b8	DAT_004368b8	READ	0041bc6f	
004368b8	DAT_004368b8	WRITE	0041bc76	
004368b8	DAT_004368b8	READ	0041bca6	
004368b8	DAT_004368b8	WRITE	0041bcbc	
004368b8	DAT_004368b8	READ	0041bccf	
004368b8	DAT_004368b8	WRITE	0041bcdc	
004368b8	DAT_004368b8	READ	00425812	
004368b8	DAT_004368b8	WRITE	00425823	
004368b8	DAT_004368b8	READ	00425836	
004368b8	DAT_004368b8	WRITE	00425842	
004368b8	DAT_004368b8	READ	00425bff	
004368b8	DAT_004368b8	WRITE	00425c10	
004368b8	DAT_004368b8	READ	00425c23	
004368b8	DAT_004368b8	WRITE	00425c30	
004368b8	DAT_004368b8	READ	00427e12	
004368b8	DAT_004368b8	WRITE	00427e23	
004368b8	DAT_004368b8	READ	00427e36	
004368b8	DAT_004368b8	WRITE	00427e42	
004368b8	DAT_004368b8	READ	00428702	
004368b8	DAT_004368b8	WRITE	00428713	
004368b8	DAT_004368b8	READ	00428726	
004368b8	DAT_004368b8	WRITE	00428732	
004368b8	DAT_004368b8	READ	00428de2	
004368b8	DAT_004368b8	WRITE	00428df3	
004368b8	DAT_004368b8	READ	00428e06	
004368b8	DAT_004368b8	WRITE	00428e13	
004368b8	DAT_004368b8	READ	0042c502	
004368b8	DAT_004368b8	WRITE	0042c513	
004368b8	DAT_004368b8	READ	0042c526	
004368b8	DAT_004368b8	WRITE	0042c532	
004368b8	DAT_004368b8	READ	0042e632	
004368b8	DAT_004368b8	WRITE	0042e643	
004368b8	DAT_004368b8	READ	0042e656	
004368b8	DAT_004368b8	WRITE	0042e662	
004368b8	DAT_004368b8	READ	0042ea22	
004368b8	DAT_004368b8	WRITE	0042ea33	
004368b8	DAT_004368b8	READ	0042ea46	
004368b8	DAT_004368b8	WRITE	0042ea52	
004368b8	DAT_004368b8	READ	0042ec52	
004368b8	DAT_004368b8	WRITE	0042ec63	
004368b8	DAT_004368b8	READ	0042ec76	
004368b8	DAT_004368b8	WRITE	0042ec82	
004368bc	DAT_004368bc	READ	00418519	FUN_00418510
004368bc	DAT_004368bc	READ	004185eb	FUN_00418510
004368bc	DAT_004368bc	READ	0041868c	FUN_00418510
004368bc	DAT_004368bc	READ	004186a3	FUN_00418510
004368bc	DAT_004368bc	READ	004186e6	FUN_00418510
004368bc	DAT_004368bc	READ	00418bc3	FUN_00418a80
004368bc	DAT_004368bc	WRITE	00418be1	FUN_00418a80
004368bc	DAT_004368bc	READ	00418bfe	FUN_00418a80
004368bc	DAT_004368bc	READ	0041ab77	FUN_0041aa00
004368bc	DAT_004368bc	READ	0041a420	FUN_0041a1b0
004368bc	DAT_004368bc	READ	00424dba	FUN_00424db0
004368bc	DAT_004368bc	READ	00424cc8	
004368c0	DAT_004368c0	READ	00418525	FUN_00418510
004368c0	DAT_004368c0	READ	00418659	FUN_00418510
004368c0	DAT_004368c0	READ	004186fa	FUN_00418510
004368c0	DAT_004368c0	READ	00418711	FUN_00418510
004368c0	DAT_004368c0	READ	00418757	FUN_00418510
004368c0	DAT_004368c0	READ	00418bbc	FUN_00418a80
004368c0	DAT_004368c0	WRITE	00418c10	FUN_00418a80
004368c0	DAT_004368c0	READ	0041ab33	FUN_0041aa00
004368c0	DAT_004368c0	READ	0041a431	FUN_0041a1b0
004368c0	DAT_004368c0	READ	0041b0f5	FUN_0041b010
004368c0	DAT_004368c0	READ	00424dc1	FUN_00424db0
004368c0	DAT_004368c0	READ	00424e39	FUN_00424db0
004368c0	DAT_004368c0	READ	00424ce4	
004368c0	DAT_004368c0	READ	00424d0d	
004368c0	DAT_004368c0	READ	00424fac	
004368c8	DAT_004368c8	READ	004185dd	FUN_00418510
004368c8	DAT_004368c8	READ	0041864b	FUN_00418510
004368c8	DAT_004368c8	READ	004186b9	FUN_00418510
004368c8	DAT_004368c8	READ	00418727	FUN_00418510
004368c8	DAT_004368c8	WRITE	00418ae3	FUN_00418a80
004368c8	DAT_004368c8	READ	00418af3	FUN_00418a80
004368c8	DAT_004368c8	WRITE	00418b00	FUN_00418a80
004368c8	DAT_004368c8	READ	00418b10	FUN_00418a80
004368c8	DAT_004368c8	WRITE	00418b4e	FUN_00418a80
004368c8	DAT_004368c8	READ	00418b54	FUN_00418a80
004368c8	DAT_004368c8	WRITE	00418b67	FUN_00418a80
004368c8	DAT_004368c8	READ	00418ba0	FUN_00418a80
004368c8	DAT_004368c8	READ	00418bca	FUN_00418a80
004368c8	DAT_004368c8	READ	00418beb	FUN_00418a80
004368c8	DAT_004368c8	READ	0041b0fa	FUN_0041b010
004368c8	DAT_004368c8	READ	0041b118	FUN_0041b010
004368c8	DAT_004368c8	READ	00424e23	FUN_00424db0
004368c8	DAT_004368c8	READ	00424e4a	FUN_00424db0
004368c8	DAT_004368c8	READ	00421c23	
004368c8	DAT_004368c8	READ	00421c48	
004368c8	DAT_004368c8	READ	00424cff	
004368c8	DAT_004368c8	READ	00424d26	
004368c8	DAT_004368c8	READ	00424f6b	
004368c8	DAT_004368c8	READ	00424f88	
004368cc	DAT_004368cc	WRITE	00418b71	FUN_00418a80
004368cc	DAT_004368cc	READ	00418ba6	FUN_00418a80
004368d0	DAT_004368d0	READ	0040a62d	FUN_0040a610
004368d0	DAT_004368d0	READ	0040a653	FUN_0040a610
004368d0	DAT_004368d0	WRITE	00418bab	FUN_00418a80
004368d4	DAT_004368d4	WRITE	00418bb1	FUN_00418a80
004368d8	DAT_004368d8	READ	00418db3	FUN_00418d50
004368d8	DAT_004368d8	READ	0042ad70	
004368d8	DAT_004368d8	READ	004222bf	
004368d8	DAT_004368d8	WRITE	004222c7	
004368dc	DAT_004368dc	READ	00418dd1	FUN_00418d50
004368dc	DAT_004368dc	READ	0042ad80	
004368dc	DAT_004368dc	READ	004222ff	
004368dc	DAT_004368dc	WRITE	00422307	
004368e0	DAT_004368e0	WRITE	0041b242	FUN_0041b130
004368e0	DAT_004368e0	READ	0041df22	FUN_0041df60
004368e0	DAT_004368e0	WRITE	0041df2a	FUN_0041df60
004368e0	DAT_004368e0	WRITE	0041df31	FUN_0041df60
004368e0	DAT_004368e0	READ	0041e021	
004368e0	DAT_004368e0	WRITE	0041e029	
004368e0	DAT_004368e0	WRITE	0041e030	
004368e4	DAT_004368e4	WRITE	0041a1f9	FUN_0041a1b0
004368e4	DAT_004368e4	WRITE	0041a6d2	FUN_0041a1b0
004368e4	DAT_004368e4	READ	0041af88	FUN_0041ad10
004368e4	DAT_004368e4	WRITE	0041af92	FUN_0041ad10
004368e4	DAT_004368e4	READ	0041dee7	
004368e4	DAT_004368e4	READ	0041df73	FUN_0041df60
004368e4	DAT_004368e4	WRITE	0041df7f	FUN_0041df60
004368e4	DAT_004368e4	READ	0041df8e	FUN_0041df60
004368e4	DAT_004368e4	READ	0041dfe4	
004368e4	DAT_004368e4	READ	0041e072	
004368e4	DAT_004368e4	WRITE	0041e07e	
004368e4	DAT_004368e4	READ	0041e08d	
004368e8	DAT_004368e8	READ	00417cc0	FUN_00417cc0
004368e8	DAT_004368e8	WRITE	00417cc6	FUN_00417cc0
004368e8	DAT_004368e8	READ	0041781c	FUN_00417810
004368e8	DAT_004368e8	WRITE	0041784e	FUN_00417810
004368ec	DAT_004368ec	WRITE	0041789e	FUN_00417870
004368ec	DAT_004368ec	READ	00417915	FUN_00417870
004368ec	DAT_004368ec	READ	0041793d	FUN_00417870
004368ec	DAT_004368ec	READ	00417a3d	FUN_00417870
004368ec	DAT_004368ec	WRITE	00417a4a	FUN_00417870
004368ec	DAT_004368ec	WRITE	00417a56	FUN_00417870
004368ec	DAT_004368ec	WRITE	004179af	FUN_00417870
004368ec	DAT_004368ec	READ	0041751c	FUN_004174c0
004368ec	DAT_004368ec	READ	0041763d	FUN_004175e0
004368f0	DAT_004368f0	READ	00417d00	FUN_00417cc0
004368f0	DAT_004368f0	WRITE	004178a4	FUN_00417870
004368f0	DAT_004368f0	WRITE	00417a9c	FUN_00417870
004368f0	DAT_004368f0	WRITE	00417aa3	FUN_00417870
004368f0	DAT_004368f0	READ	00417c64	FUN_00417870
004368f0	DAT_004368f0	READ	0042a795	
004368f0	DAT_004368f0	WRITE	0041799d	FUN_00417870
004368f0	DAT_004368f0	READ	00417617	FUN_004175e0
004368f4	DAT_004368f4	WRITE	004178aa	FUN_00417870
004368f4	DAT_004368f4	WRITE	00417ade	FUN_00417870
004368f4	DAT_004368f4	WRITE	00417ae5	FUN_00417870
004368f4	DAT_004368f4	READ	00417bb4	FUN_00417870
004368f4	DAT_004368f4	READ	0042a7b5	
004368f4	DAT_004368f4	WRITE	004179bc	FUN_00417870
004368f4	DAT_004368f4	READ	0041738c	FUN_00417380
004368f4	DAT_004368f4	READ	00417410	FUN_00417400
004368f8	DAT_004368f8	WRITE	004178af	FUN_00417870
004368f8	DAT_004368f8	WRITE	00417aef	FUN_00417870
004368f8	DAT_004368f8	READ	00417bc1	FUN_00417870
004368f8	DAT_004368f8	WRITE	00417c01	FUN_00417870
004368f8	DAT_004368f8	READ	00417c23	FUN_00417870
004368f8	DAT_004368f8	READ	0042a7e5	
004368f8	DAT_004368f8	WRITE	004179c1	FUN_00417870
004368f8	DAT_004368f8	READ	0041775c	FUN_00417690
004368f8	DAT_004368f8	READ	0041779b	FUN_00417690
004368fc	DAT_004368fc	READ	00417d1d	FUN_00417cc0
004368fc	DAT_004368fc	WRITE	004178b4	FUN_00417870
004368fc	DAT_004368fc	READ	00417bcc	FUN_00417870
004368fc	DAT_004368fc	WRITE	00417c52	FUN_00417870
004368fc	DAT_004368fc	READ	00417c59	FUN_00417870
004368fc	DAT_004368fc	WRITE	00417c70	FUN_00417870
004368fc	DAT_004368fc	READ	0042a7f5	
004368fc	DAT_004368fc	WRITE	004179a3	FUN_00417870
004368fc	DAT_004368fc	READ	004176cd	FUN_00417690
00436900	DAT_00436900	READ	0042a550	
00436900	DAT_00436900	READ	0042f355	
00436900	DAT_00436900	READ	0042f365	
00436900	DAT_00436900	READ	0042f3aa	
00436900	DAT_00436900	READ	0042f3b8	
00436900	DAT_00436900	WRITE	0041e66e	
00436900	DAT_00436900	READ	0041e9e1	
00436904	DAT_00436904	READ	004172e3	FUN_004172c0
00436904	DAT_00436904	READ	0041715d	FUN_00417120
00436904	DAT_00436904	WRITE	00417179	FUN_00417120
00436904	DAT_00436904	READ	00417191	FUN_00417120
00436904	DAT_00436904	READ	004171af	FUN_00417120
00436904	DAT_00436904	WRITE	004171f4	FUN_00417120
00436908	DAT_00436908	READ	0041717f	FUN_00417120
00436908	DAT_00436908	WRITE	00417197	FUN_00417120
00436908	DAT_00436908	READ	004171b7	FUN_00417120
00436908	DAT_00436908	WRITE	004171fd	FUN_00417120
00436908	DAT_00436908	READ	0041724d	FUN_00417220
0043690c	DAT_0043690c	READ	0041719c	FUN_00417120
0043690c	DAT_0043690c	WRITE	004171bc	FUN_00417120
0043690c	DAT_0043690c	WRITE	00417204	FUN_00417120
0043690c	DAT_0043690c	READ	0041729d	FUN_00417270
00436910	DAT_00436910	READ	00422e0c	FUN_00422df0
00436910	DAT_00436910	READ	0042336c	FUN_00423350
00436910	DAT_00436910	READ	00425b80	
00436910	DAT_00436910	READ	004276d0	
00436910	DAT_00436910	READ	00427710	
00436910	DAT_00436910	READ	00427750	
00436910	DAT_00436910	READ	00427790	
00436910	DAT_00436910	READ	004277d0	
00436910	DAT_00436910	READ	00427810	
00436910	DAT_00436910	READ	00427850	
00436910	DAT_00436910	READ	00427890	
00436910	DAT_00436910	READ	004278d0	
00436910	DAT_00436910	READ	00427910	
00436910	DAT_00436910	READ	00427950	
00436910	DAT_00436910	READ	004279a0	
00436910	DAT_00436910	READ	004279e0	
00436910	DAT_00436910	READ	00427a20	
00436910	DAT_00436910	READ	00427a60	
00436910	DAT_00436910	READ	0042aea0	
00436910	DAT_00436910	READ	0042aebc	
00436910	DAT_00436910	WRITE	00415bf3	FUN_00415be0
00436910	DAT_00436910	READ	00415cec	FUN_00415be0
00436910	DAT_00436910	READ	00415cfc	FUN_00415be0
00436910	DAT_00436910	READ	0042aed9	
00436910	DAT_00436910	READ	0042af07	
00436910	DAT_00436910	WRITE	0041619b	FUN_00416180
00436910	DAT_00436910	READ	004161ff	FUN_00416180
00436910	DAT_00436910	READ	00416220	FUN_00416180
00436910	DAT_00436910	READ	00416303	FUN_00416180
00436910	DAT_00436910	READ	0042af47	
00436910	DAT_00436910	READ	0042af77	
00436910	DAT_00436910	READ	0042afaa	
00436910	DAT_00436910	READ	0042afd7	
00436910	DAT_00436910	READ	0042b00a	
00436910	DAT_00436910	READ	0042b03a	
00436910	DAT_00436910	READ	0042b06a	
00436910	DAT_00436910	READ	0042b097	
00436910	DAT_00436910	READ	0042b11d	
00436910	DAT_00436910	READ	0042b1a0	
00436910	DAT_00436910	READ	0042b1d0	
00436910	DAT_00436910	READ	0042b24a	
00436910	DAT_00436910	READ	0042b27a	
00436910	DAT_00436910	READ	0042b290	
00436910	DAT_00436910	READ	0042b4e0	
00436910	DAT_00436910	READ	0042b63d	
00436910	DAT_00436910	READ	0042b66d	
00436910	DAT_00436910	READ	0042b6b9	FUN_0042b680
00436910	DAT_00436910	READ	0042b710	
00436910	DAT_00436910	READ	0042b73d	
00436910	DAT_00436910	READ	0042b76d	
00436910	DAT_00436910	READ	0042b79d	
00436910	DAT_00436910	READ	0042b7d3	
00436910	DAT_00436910	READ	0042b901	
00436910	DAT_00436910	READ	0042ba2b	
00436910	DAT_00436910	READ	0042ba60	
00436910	DAT_00436910	READ	0042baf1	
00436910	DAT_00436910	READ	0042bb7a	
00436910	DAT_00436910	READ	0042bbaa	
00436910	DAT_00436910	READ	0042bbda	
00436910	DAT_00436910	READ	0042bc07	
00436910	DAT_00436910	READ	0042bc37	
00436910	DAT_00436910	READ	0042bc50	
00436910	DAT_00436910	READ	0042bca1	
00436910	DAT_00436910	READ	0042bd30	
00436910	DAT_00436910	READ	0042bd80	
00436910	DAT_00436910	READ	0042bdd0	
00436910	DAT_00436910	READ	0042be20	
00436910	DAT_00436910	READ	0042be70	
00436910	DAT_00436910	READ	0042beb0	
00436910	DAT_00436910	READ	0042bef0	
00436910	DAT_00436910	READ	0042bf30	
00436910	DAT_00436910	READ	0042bf70	
00436910	DAT_00436910	READ	0042c9f0	
00436910	DAT_00436910	READ	004307b0	
00436910	DAT_00436910	READ	004307d1	
00436910	DAT_00436910	READ	00430580	FUN_00430580
00436910	DAT_00436910	READ	004164ed	FUN_004164e0
00436910	DAT_00436910	WRITE	004164f5	FUN_004164e0
00436910	DAT_00436910	WRITE	004224d6	
00436910	DAT_00436910	WRITE	004224df	
00436910	DAT_00436910	READ	00422712	
00436910	DAT_00436910	READ	00422767	
00436910	DAT_00436910	READ	00422ba5	
00436910	DAT_00436910	READ	00422bf5	
00436910	DAT_00436910	READ	00422c75	
00436910	DAT_00436910	READ	00422cd6	
00436910	DAT_00436910	READ	00422d36	
00436910	DAT_00436910	READ	00422d96	
00436910	DAT_00436910	READ	004237b0	
00436910	DAT_00436910	READ	00423669	FUN_00423610
00436910	DAT_00436910	READ	0042372b	FUN_00423610
00436910	DAT_00436910	READ	00423810	
00436910	DAT_00436910	READ	00423870	
00436910	DAT_00436910	READ	00423a01	
00436910	DAT_00436910	READ	00423a4d	
00436910	DAT_00436910	READ	00423aa0	FUN_00423aa0
00436910	DAT_00436910	READ	00423b80	
00436910	DAT_00436910	READ	00423bc0	FUN_00423bc0
00436910	DAT_00436910	READ	00423ca0	
00436910	DAT_00436910	READ	00423ce0	FUN_00423ce0
00436910	DAT_00436910	READ	00423dc0	
00436910	DAT_00436910	READ	00423e00	FUN_00423e00
00436910	DAT_00436910	READ	00423ed0	
00436910	DAT_00436910	READ	00423f70	FUN_00423f70
00436910	DAT_00436910	READ	00423fd0	
00436910	DAT_00436910	READ	00424010	FUN_00424010
00436910	DAT_00436910	READ	00424070	
00436910	DAT_00436910	READ	004240b5	
00436910	DAT_00436910	READ	00424100	FUN_00424100
00436910	DAT_00436910	READ	00424160	
00436910	DAT_00436910	READ	004241a0	FUN_004241a0
00436910	DAT_00436910	READ	00424200	
00436910	DAT_00436910	READ	00424240	FUN_00424240
00436910	DAT_00436910	READ	004242a0	
00436910	DAT_00436910	READ	004242e0	FUN_004242e0
00436910	DAT_00436910	READ	00424340	
00436910	DAT_00436910	READ	00424390	
00436910	DAT_00436910	READ	004243f0	
00436910	DAT_00436910	READ	00424446	
00436910	DAT_00436910	READ	004244c7	
00436910	DAT_00436910	READ	004245d2	
00436910	DAT_00436910	READ	004246a0	
00436910	DAT_00436910	READ	00424832	
00436910	DAT_00436910	READ	004248c6	
00436910	DAT_00436910	READ	0042493f	
00436910	DAT_00436910	READ	00424a6f	
00436914	DAT_00436914	READ	0040bfc7	FUN_0040ba30
00436914	DAT_00436914	READ	0042af20	
00436914	DAT_00436914	WRITE	00424b1c	
00436918	DAT_00436918	READ	00415fdb	FUN_00415d40
00436918	DAT_00436918	WRITE	00415ff7	FUN_00415d40
00436918	DAT_00436918	WRITE	00416003	FUN_00415d40
00436918	DAT_00436918	READ	00416093	FUN_00415d40
00436918	DAT_00436918	WRITE	0041609c	FUN_00415d40
00436918	DAT_00436918	WRITE	004160a3	FUN_00415d40
0043691c	s_Button_0043691c	DATA	004158f2	FUN_004158f0
00436924	DAT_00436924	DATA	00415942	FUN_00415940
0043692c	s_RichEdit_0043692c	DATA	00415992	FUN_00415990
00436938	s_Listbox_00436938	DATA	004159e2	FUN_004159e0
00436940	s_Combobox_00436940	DATA	00415a32	FUN_00415a30
0043694c	s_Static_0043694c	DATA	00415a82	FUN_00415a80
00436954	s_SysTabControl32_00436954	DATA	00415ad2	FUN_00415ad0
00436964	s_Impact_00436964	DATA	00415b22	FUN_00415b20
0043696c	s_Arial_0043696c	DATA	0041b328	FUN_0041b2e0
0043696c	s_Arial_0043696c	DATA	0041b36d	FUN_0041b2e0
0043696c	s_Arial_0043696c	DATA	00415eba	FUN_00415d40
00436974	s_Times_New_Roman_00436974	DATA	00415ea4	FUN_00415d40
00436984	s_Courier_New_00436984	DATA	0041b3d5	FUN_0041b2e0
00436984	s_Courier_New_00436984	DATA	0041b41e	FUN_0041b2e0
00436984	s_Courier_New_00436984	DATA	00415e6a	FUN_00415d40
00436990	s_cdaudio_00436990	DATA	0041782f	FUN_00417810
00436998	s_ALIASES.INI_00436998	DATA	00418425	FUN_00418390
004369a4	s_LANGID_004369a4	DATA	004184e0	FUN_004184c0
004369ac	DAT_004369ac	WRITE	00420340	
004369ac	DAT_004369ac	READ	00420351	
004369ac	DAT_004369ac	READ	0041f7c4	FUN_0041f7c0
004369ac	DAT_004369ac	WRITE	00420390	
004369ac	DAT_004369ac	WRITE	00420a08	
004369ac	DAT_004369ac	READ	004208d7	FUN_004208b0
004369ac	DAT_004369ac	READ	00420986	FUN_00420960
004369ac	DAT_004369ac	WRITE	00420fd4	
004369b0	s_DISPLAY_004369b0	DATA	00421ccb	
004369b8	s_{\\RTF_004369b8	DATA	00422552	FUN_00422550
004369c0	DAT_004369c0	WRITE	004285c8	FUN_00428580
004369c0	DAT_004369c0	READ	0042866d	FUN_00428600
004369c0	DAT_004369c0	READ	0042846d	FUN_00428460
004369c0	DAT_004369c0	READ	0042a830	
004369c0	DAT_004369c0	WRITE	00428362	FUN_00428250
004369c0	DAT_004369c0	WRITE	00428369	FUN_00428250
004369c0	DAT_004369c0	WRITE	00428378	FUN_00428250
004369c4	DAT_004369c4	READ	00428696	FUN_00428600
004369c4	DAT_004369c4	WRITE	0042869c	FUN_00428600
004369c4	DAT_004369c4	WRITE	004286af	FUN_00428600
004369c4	DAT_004369c4	WRITE	00428415	FUN_00428410
004369c4	DAT_004369c4	WRITE	004284ff	FUN_004284f0
004369c4	DAT_004369c4	WRITE	00428487	FUN_00428460
004369c4	DAT_004369c4	WRITE	004283a5	FUN_00428250
004369c8	DAT_004369c8	WRITE	0042858e	FUN_00428580
004369c8	DAT_004369c8	READ	00428600	FUN_00428600
004369c8	DAT_004369c8	WRITE	00428611	FUN_00428600
004369c8	DAT_004369c8	READ	004286b9	FUN_00428600
004369c8	DAT_004369c8	WRITE	00428421	FUN_00428410
004369c8	DAT_004369c8	WRITE	00428519	FUN_004284f0
004369c8	DAT_004369c8	WRITE	0042856b	FUN_004284f0
004369c8	DAT_004369c8	READ	00428250	FUN_00428250
004369c8	DAT_004369c8	WRITE	004283f3	FUN_00428250
004369c8	DAT_004369c8	WRITE	0041ed0a	
004369cc	s_sequencer_004369cc	DATA	004282fa	FUN_00428250
004369d8	s_msctls_progress32_004369d8	DATA	0042b0c2	FUN_0042b0c0
004369ec	s_msctls_trackbar32_004369ec	DATA	0042b142	FUN_0042b140
00436a00	s_SCROLLBAR_00436a00	DATA	0042b1f2	FUN_0042b1f0
00436a0c	s_RICHED32.DLL_00436a0c	DATA	0042b689	FUN_0042b680
00436a1c	s_SysListView32_00436a1c	DATA	0042b7f2	FUN_0042b7f0
00436a2c	DAT_00436a2c	READ	0042e1c9	FUN_0042e1c0
00436a2c	DAT_00436a2c	WRITE	0042e1db	FUN_0042e1c0
00436a2c	DAT_00436a2c	READ	0042cf7f	FUN_0042cf20
00436a2c	DAT_00436a2c	READ	0042d714	FUN_0042cf20
00436a2c	DAT_00436a2c	WRITE	0042d789	FUN_0042cf20
00436a30	DAT_00436a30	READ	0042e1e7	FUN_0042e1c0
00436a30	DAT_00436a30	READ	0042cf5b	FUN_0042cf20
00436a30	DAT_00436a30	WRITE	0042cf94	FUN_0042cf20
00436a30	DAT_00436a30	WRITE	0042d09b	FUN_0042cf20
00436a30	DAT_00436a30	READ	00426f70	
00436a30	DAT_00436a30	READ	0042db10	FUN_0042db10
00436a30	DAT_00436a30	READ	0042d7b0	FUN_0042d7b0
00436a30	DAT_00436a30	READ	0042d8a2	FUN_0042d870
00436a34	DAT_00436a34	WRITE	0042dcf3	FUN_0042dc50
00436a34	DAT_00436a34	READ	0042e20d	FUN_0042e1c0
00436a34	DAT_00436a34	READ	0042e252	FUN_0042e1c0
00436a34	DAT_00436a34	READ	0042e306	FUN_0042e1c0
00436a34	DAT_00436a34	WRITE	0042e30e	FUN_0042e1c0
00436a34	DAT_00436a34	WRITE	0042d051	FUN_0042cf20
00436a34	DAT_00436a34	WRITE	0042d080	FUN_0042cf20
00436a34	DAT_00436a34	WRITE	0042d98f	FUN_0042d870
00436a38	DAT_00436a38	WRITE	0042cfb3	FUN_0042cf20
00436a38	DAT_00436a38	WRITE	0042cfe1	FUN_0042cf20
00436a38	DAT_00436a38	WRITE	0042d000	FUN_0042cf20
00436a38	DAT_00436a38	READ	0042d900	FUN_0042d870
00436a38	DAT_00436a38	READ	0042d923	FUN_0042d870
00436a3c	DAT_00436a3c	WRITE	0042cfbb	FUN_0042cf20
00436a3c	DAT_00436a3c	WRITE	0042cfd5	FUN_0042cf20
00436a3c	DAT_00436a3c	WRITE	0042cfec	FUN_0042cf20
00436a3c	DAT_00436a3c	READ	0042d8d9	FUN_0042d870
00436a3c	DAT_00436a3c	READ	0042d961	FUN_0042d870
00436a40	DAT_00436a40	READ	0042e28f	FUN_0042e1c0
00436a40	DAT_00436a40	WRITE	0042d015	FUN_0042cf20
00436a44	DAT_00436a44	READ	0042d56e	FUN_0042cf20
00436a44	DAT_00436a44	READ	0042cd5c	FUN_0042cc10
00436a44	DAT_00436a44	WRITE	0042cde6	FUN_0042cc10
00436a44	DAT_00436a44	WRITE	0042ce1c	FUN_0042cc10
00436a48	s_DirectSoundCreate_00436a48	DATA	0042cc4e	FUN_0042cc10
00436a5c	s_DSOUND.DLL_00436a5c	DATA	0042cc30	FUN_0042cc10
00436a68	DAT_00436a68	DATA	0042ece2	FUN_0042ece0
00436a6c	DAT_00436a6c	DATA	0042f438	FUN_0042f400
00436a6c	DAT_00436a6c	DATA	0042feb2	
00436a70	s_(*.*)_00436a70	DATA	0042fdf5	
00436a80	DAT_00436a80	DATA	00430a3a	FUN_00430a3a
00436a80	DAT_00436a80	DATA	00430a30	
00436ad0	DAT_00436ad0	READ	00430f0a	FUN_00430f06
00436ada	DAT_00436ada	READ	00431d2e	FUN_00431d2c
00436ae4	DAT_00436ae4	READ	00430e96	
00436aed	DAT_00436aed	DATA	00430db4	__trandisp1
00436aed	DAT_00436aed	DATA	00430e2d	__trandisp2
00436aed	DAT_00436aed	DATA	00430e3a	__trandisp2
00436aed	DAT_00436aed	DATA	00430d88	__trandisp1
00436aed	DAT_00436aed	DATA	00430def	__trandisp2
00436b1c	DAT_00436b1c	DATA	00431753	FUN_00431736
00436b34	DAT_00436b34	READ	004319a4	FUN_0043193c
00436b34	DAT_00436b34	READ	004319ae	FUN_0043193c
00436b34	DAT_00436b34	READ	004319d0	FUN_0043193c
00436b3c	DAT_00436b3c	READ	00431903	FUN_00431736
00436b3c	DAT_00436b3c	READ	00431bbb	FUN_00431b80
00436b4c	DAT_00436b4c	READ	00431897	FUN_00431736
00436b54	DAT_00436b54	READ	004318b2	FUN_00431736
00436c60	DAT_00436c60	DATA	00430a92	FUN_00430a92
00436c60	DAT_00436c60	DATA	00430a70	
00436c80	DAT_00436c80	DATA	00430a9c	FUN_00430a9c
00436cc0	DAT_00436cc0	DATA	00430a88	
00436cc0	DAT_00436cc0	DATA	00430aaa	
00436d10	DAT_00436d10	READ	00431e5f	
00436d1a	DAT_00436d1a	READ	00431e1d	
00436d42	DAT_00436d42	READ	00431f1f	FUN_00431f11
00436d54	DAT_00436d54	DATA	00430ae2	FUN_00430ae2
00436d54	DAT_00436d54	DATA	00430ac0	
00436dc4	DAT_00436dc4	DATA	00430aca	
00436dc4	DAT_00436dc4	DATA	00430aec	
00436ee0	DAT_00436ee0	READ	00430b22	__cintrindisp2
00436ee0	DAT_00436ee0	READ	00432058	__87except
00436ee0	DAT_00436ee0	READ	00430b5f	__cintrindisp1
00436ee8	DAT_00436ee8	READ	00432a6c	FUN_00432a60
00436ee8	DAT_00436ee8	READ	00432a7f	FUN_00432a60
00436ef8	DAT_00436ef8	READ	00432a92	FUN_00432a60
00436f08	DAT_00436f08	READ	004327a9	__handle_exc
00436f08	DAT_00436f08	READ	004327b6	__handle_exc
00436f08	DAT_00436f08	READ	004327ef	__handle_exc
00436f08	DAT_00436f08	READ	0043281b	__handle_exc
00436f08	DAT_00436f08	READ	004320db	FUN_004320a0
00436f08	DAT_00436f08	READ	0043217a	FUN_004320a0
00436f08	DAT_00436f08	READ	004321cf	FUN_004320a0
00436f08	DAT_00436f08	READ	0043224e	FUN_004320a0
00436f08	DAT_00436f08	READ	00432261	FUN_004320a0
00436f0c	DAT_00436f0c	READ	0043279e	__handle_exc
00436f0c	DAT_00436f0c	READ	00432810	__handle_exc
00436f0c	DAT_00436f0c	READ	004320d1	FUN_004320a0
00436f0c	DAT_00436f0c	READ	00432170	FUN_004320a0
00436f0c	DAT_00436f0c	READ	004321c5	FUN_004320a0
00436f0c	DAT_00436f0c	READ	0043225c	FUN_004320a0
00436f10	DAT_00436f10	READ	0043211c	FUN_004320a0
00436f10	DAT_00436f10	READ	00432196	FUN_004320a0
00436f14	DAT_00436f14	READ	0043210d	FUN_004320a0
00436f14	DAT_00436f14	READ	00432187	FUN_004320a0
00436f18	DAT_00436f18	READ	004327e2	__handle_exc
00436f18	DAT_00436f18	READ	00432828	__handle_exc
00436f18	DAT_00436f18	READ	00432854	__handle_exc
00436f18	DAT_00436f18	READ	00432861	__handle_exc
00436f1c	DAT_00436f1c	READ	004327d7	__handle_exc
00436f1c	DAT_00436f1c	READ	00432849	__handle_exc
00436f28	DAT_00436f28	READ	0043229e	FUN_004320a0
00436f2c	DAT_00436f2c	READ	00432299	FUN_004320a0
00436f30	DAT_00436f30	WRITE	00401d4f	FUN_00401d40
00436f30	DAT_00436f30	READ	00401d56	FUN_00401d40
00436f30	DAT_00436f30	READ	00401d5e	FUN_00401d40
00436f30	DAT_00436f30	READ	00401d67	FUN_00401d40
00436f30	DAT_00436f30	READ	00401d74	FUN_00401d40
00436f30	DAT_00436f30	READ	00401e10	FUN_00401e10
00436f30	DAT_00436f30	READ	00401d90	FUN_00401d90
00436f3c	DAT_00436f3c	WRITE	0040591c	FUN_00405910
00436f3c	DAT_00436f3c	READ	0040592a	FUN_00405910
00436f3c	DAT_00436f3c	READ	00405936	FUN_00405910
00436f3c	DAT_00436f3c	READ	00405943	FUN_00405910
00436f3c	DAT_00436f3c	READ	00405950	FUN_00405910
00436f3c	DAT_00436f3c	READ	0040595c	FUN_00405910
00436f3c	DAT_00436f3c	READ	00405969	FUN_00405910
00436f3c	DAT_00436f3c	READ	00405976	FUN_00405910
00436f3c	DAT_00436f3c	READ	00405982	FUN_00405910
00436f3c	DAT_00436f3c	READ	00405b78	FUN_00405b20
00436f3c	DAT_00436f3c	READ	00405d46	FUN_00405d10
00436f3c	DAT_00436f3c	READ	004059fa	FUN_004059a0
00436f3c	DAT_00436f3c	READ	004266f5	
00436f40	DAT_00436f40	DATA	00406d02	FUN_00406d00
00436f40	DAT_00436f40	DATA	00406d20	
00436f44	DAT_00436f44	WRITE	00408a68	FUN_00408a50
00436f44	DAT_00436f44	WRITE	00408722	FUN_00408710
00436f44	DAT_00436f44	READ	00408809	FUN_00408710
00436f48	DAT_00436f48	WRITE	00408a5a	FUN_00408a50
00436f48	DAT_00436f48	READ	00408aab	FUN_00408a50
00436f48	DAT_00436f48	READ	00408ab5	FUN_00408a50
00436f48	DAT_00436f48	WRITE	00408ac3	FUN_00408a50
00436f48	DAT_00436f48	READ	00408aeb	FUN_00408a50
00436f48	DAT_00436f48	READ	00408af5	FUN_00408a50
00436f48	DAT_00436f48	WRITE	00408afd	FUN_00408a50
00436f48	DAT_00436f48	READ	00408b3a	FUN_00408a50
00436f48	DAT_00436f48	READ	00408b44	FUN_00408a50
00436f48	DAT_00436f48	WRITE	00408b4c	FUN_00408a50
00436f48	DAT_00436f48	READ	00408b5c	FUN_00408a50
00436f48	DAT_00436f48	READ	00408b66	FUN_00408a50
00436f48	DAT_00436f48	READ	00408b6e	FUN_00408a50
00436f48	DAT_00436f48	WRITE	00408b78	FUN_00408a50
00436f48	DAT_00436f48	READ	00408b8e	FUN_00408a50
00436f48	DAT_00436f48	READ	00408bca	FUN_00408a50
00436f48	DAT_00436f48	READ	00408bd5	FUN_00408a50
00436f48	DAT_00436f48	WRITE	00408bdd	FUN_00408a50
00436f48	DAT_00436f48	READ	00408bea	FUN_00408a50
00436f48	DAT_00436f48	READ	00408bf6	FUN_00408a50
00436f48	DAT_00436f48	WRITE	00408bff	FUN_00408a50
00436f48	DAT_00436f48	WRITE	00408719	FUN_00408710
00436f48	DAT_00436f48	READ	004089d5	FUN_00408710
00436f48	DAT_00436f48	READ	00408659	FUN_00408650
00436f48	DAT_00436f48	READ	00408672	FUN_00408650
00436f48	DAT_00436f48	WRITE	00408685	FUN_00408650
00436f4c	DAT_00436f4c	WRITE	00408a55	FUN_00408a50
00436f4c	DAT_00436f4c	WRITE	00408714	FUN_00408710
00436f4c	DAT_00436f4c	READ	004089da	FUN_00408710
00436f50	DAT_00436f50	WRITE	00408a78	FUN_00408a50
00436f50	DAT_00436f50	WRITE	00408732	FUN_00408710
00436f50	DAT_00436f50	READ	00408781	FUN_00408710
00436f50	DAT_00436f50	WRITE	004087af	FUN_00408710
00436f50	DAT_00436f50	READ	00408831	FUN_00408710
00436f50	DAT_00436f50	WRITE	0040883e	FUN_00408710
00436f50	DAT_00436f50	READ	00408859	FUN_00408710
00436f50	DAT_00436f50	READ	004088ba	FUN_00408710
00436f50	DAT_00436f50	WRITE	004088c7	FUN_00408710
00436f50	DAT_00436f50	WRITE	00408900	FUN_00408710
00436f50	DAT_00436f50	WRITE	00408966	FUN_00408710
00436f50	DAT_00436f50	READ	004089c2	FUN_00408710
00436f50	DAT_00436f50	READ	004086f0	FUN_004086d0
00436f50	DAT_00436f50	WRITE	004086fd	FUN_004086d0
00436f54	DAT_00436f54	WRITE	00408752	FUN_00408710
00436f54	DAT_00436f54	READ	00408691	FUN_00408690
00436f54	DAT_00436f54	WRITE	004086be	FUN_00408690
00436f5c	DAT_00436f5c	WRITE	00408766	FUN_00408710
00436f5c	DAT_00436f5c	READ_WRITE	004086a0	FUN_00408690
00436f5c	DAT_00436f5c	WRITE	004086b7	FUN_00408690
00436f5c	DAT_00436f5c	READ	00408669	FUN_00408650
00436f5c	DAT_00436f5c	DATA	004086ea	FUN_004086d0
00436f5c	DAT_00436f5c	DATA	00408661	FUN_00408650
00436f60	DAT_00436f60	READ	00408669	FUN_00408650
00436f60	DAT_00436f60	READ	00408670	FUN_00408650
00436f61	DAT_00436f61	READ	00408670	FUN_00408650
00436fc0	DAT_00436fc0	WRITE	00408a8d	FUN_00408a50
00436fc0	DAT_00436fc0	READ	004089f1	FUN_004089f0
00436fc0	DAT_00436fc0	WRITE	00408a32	FUN_004089f0
00436fc0	DAT_00436fc0	WRITE	00408a3b	FUN_004089f0
00436fc4	DAT_00436fc4	WRITE	0040875c	FUN_00408710
00436fc4	DAT_00436fc4	READ	00408650	FUN_00408650
00436fc4	DAT_00436fc4	WRITE	0040867b	FUN_00408650
00436fc4	DAT_00436fc4	READ	004086e1	FUN_004086d0
00436fc4	DAT_00436fc4	WRITE	00408703	FUN_004086d0
00436fc8	DAT_00436fc8	WRITE	00408a6d	FUN_00408a50
00436fc8	DAT_00436fc8	READ	00408aa6	FUN_00408a50
00436fc8	DAT_00436fc8	READ	00408abb	FUN_00408a50
00436fc8	DAT_00436fc8	WRITE	00408ac9	FUN_00408a50
00436fc8	DAT_00436fc8	READ	00408a07	FUN_004089f0
00436fc8	DAT_00436fc8	WRITE	00408a17	FUN_004089f0
00436fc8	DAT_00436fc8	WRITE	00408727	FUN_00408710
00436fc8	DAT_00436fc8	READ	00408774	FUN_00408710
00436fc8	DAT_00436fc8	WRITE	004087aa	FUN_00408710
00436fc8	DAT_00436fc8	READ	0040882c	FUN_00408710
00436fc8	DAT_00436fc8	WRITE	00408839	FUN_00408710
00436fc8	DAT_00436fc8	READ	0040884b	FUN_00408710
00436fc8	DAT_00436fc8	READ	004088b5	FUN_00408710
00436fc8	DAT_00436fc8	WRITE	004088c2	FUN_00408710
00436fc8	DAT_00436fc8	WRITE	004088fb	FUN_00408710
00436fc8	DAT_00436fc8	WRITE	00408961	FUN_00408710
00436fc8	DAT_00436fc8	READ	004089bd	FUN_00408710
00436fc8	DAT_00436fc8	READ	004086dc	FUN_004086d0
00436fc8	DAT_00436fc8	WRITE	004086f8	FUN_004086d0
00436fd0	DAT_00436fd0	READ	00409479	entry
00436fd0	DAT_00436fd0	WRITE	0040925d	FUN_00409250
00436fd0	DAT_00436fd0	READ	0040b0ea	FUN_0040b090
00436fd0	DAT_00436fd0	WRITE	0040afe3	FUN_0040ae30
00436fd0	DAT_00436fd0	READ	0042bdba	
00436fd8	lpVersionInformation_00436fd8	WRITE	004092e0	entry
00436fd8	lpVersionInformation_00436fd8	DATA	004092d6	entry
00436fe4	DAT_00436fe4	READ	00409432	entry
00436fe8	DAT_00436fe8	READ	00409425	entry
0043706c	DAT_0043706c	DATA	004098ed	entry
0043706c	DAT_0043706c	READ	00430451	
0043706c	DAT_0043706c	DATA	00430430	
0043706c	DAT_0043706c	DATA	004304b5	
0043706c	DAT_0043706c	DATA	00408ca0	FUN_00408ca0
0043706c	DAT_0043706c	DATA	00408cc0	
00437070	DAT_00437070	READ	00409488	entry
00437070	DAT_00437070	WRITE	00409266	FUN_00409250
00437070	DAT_00437070	READ	0040b0ef	FUN_0040b090
00437070	DAT_00437070	WRITE	0040aff9	FUN_0040ae30
00437070	DAT_00437070	READ	0042be5a	
00437074	DAT_00437074	WRITE	00409886	entry
00437074	DAT_00437074	READ	004098d2	entry
00437074	DAT_00437074	READ	0041900e	FUN_00418d50
00437074	DAT_00437074	READ	00419a9f	FUN_00419a10
00437074	DAT_00437074	READ	00419aec	FUN_00419a10
00437074	DAT_00437074	READ	00421b8c	
00437078	DAT_00437078	READ	0042f5a6	FUN_0042f590
00437078	DAT_00437078	DATA	0040822b	FUN_00408220
00437078	DAT_00437078	DATA	004069d8	FUN_00406950
00437078	DAT_00437078	DATA	00408d20	FUN_00408d20
00437078	DAT_00437078	DATA	00408d40	
00437080	DAT_00437080	READ	00419831	FUN_00419830
00437080	DAT_00437080	READ	00419250	FUN_00419250
00437080	DAT_00437080	READ	00419350	FUN_00419350
00437080	DAT_00437080	READ	004193a7	FUN_004193a0
00437080	DAT_00437080	READ	0041941d	FUN_00419400
00437080	DAT_00437080	READ	00418d61	FUN_00418d50
00437080	DAT_00437080	READ	0041949d	FUN_00419480
00437080	DAT_00437080	READ	00419d1a	FUN_00419c90
00437080	DAT_00437080	READ	00419299	FUN_00419290
00437080	DAT_00437080	READ	004194db	FUN_004194d0
00437080	DAT_00437080	READ	0041ad87	FUN_0041ad10
00437080	DAT_00437080	READ	0041af07	FUN_0041ad10
00437080	DAT_00437080	READ	00428ba6	FUN_00428ba0
00437080	DAT_00437080	READ	00428bf6	FUN_00428bf0
00437080	DAT_00437080	READ	00422151	FUN_00422120
00437080	DAT_00437080	READ	004221d1	FUN_004221a0
00437080	DAT_00437080	DATA	00414a03	FUN_00414770
00437080	DAT_00437080	DATA	0041532f	FUN_00414fd0
00437080	DAT_00437080	DATA	0041535b	FUN_00414fd0
00437080	DAT_00437080	DATA	00415373	FUN_00414fd0
00437080	DAT_00437080	READ	00428c54	FUN_00428c50
00437080	DAT_00437080	READ	00428c63	FUN_00428c50
00437080	DAT_00437080	READ	00428d04	FUN_00428d00
00437080	DAT_00437080	READ	00428d19	FUN_00428d00
00437080	DAT_00437080	READ	00428b30	FUN_00428b30
00437080	DAT_00437080	READ	00428b60	FUN_00428b60
00437080	DAT_00437080	READ	00425daf	
00437080	DAT_00437080	READ	00425e18	
00437080	DAT_00437080	READ	00425e49	
00437080	DAT_00437080	READ	00425eb8	
00437080	DAT_00437080	READ	00425ede	
00437080	DAT_00437080	READ	00425f39	
00437080	DAT_00437080	READ	00425f5e	
00437080	DAT_00437080	READ	00425fd9	
00437080	DAT_00437080	READ	00426b90	
00437080	DAT_00437080	READ	00426ba0	
00437080	DAT_00437080	READ	00428ffe	
00437080	DAT_00437080	READ	00429059	
00437080	DAT_00437080	READ	0042907e	
00437080	DAT_00437080	READ	004290f9	
00437080	DAT_00437080	READ	0042911e	
00437080	DAT_00437080	READ	00429179	
00437080	DAT_00437080	READ	0042919e	
00437080	DAT_00437080	READ	00429219	
00437080	DAT_00437080	READ	0042923e	
00437080	DAT_00437080	READ	00429299	
00437080	DAT_00437080	READ	004292be	
00437080	DAT_00437080	READ	00429339	
00437080	DAT_00437080	READ	0041acac	FUN_0041aca0
00437080	DAT_00437080	READ	0042947e	
00437080	DAT_00437080	READ	004294d9	
00437080	DAT_00437080	READ	004294fe	
00437080	DAT_00437080	READ	00429579	
00437080	DAT_00437080	READ	00429590	
00437080	DAT_00437080	READ	004295a0	
00437080	DAT_00437080	READ	004295b0	
00437080	DAT_00437080	READ	004295c0	
00437080	DAT_00437080	READ	004295d0	
00437080	DAT_00437080	READ	004295e0	
00437080	DAT_00437080	READ	0042ea70	
00437080	DAT_00437080	READ	0042eaae	
00437080	DAT_00437080	READ	0042eb09	
00437080	DAT_00437080	READ	0042eb34	
00437080	DAT_00437080	READ	0042eba8	
00437080	DAT_00437080	DATA	0041bee5	
00437080	DAT_00437080	DATA	0041bf0c	
00437080	DAT_00437080	DATA	0041bf44	
00437080	DAT_00437080	DATA	0041bf65	
00437080	DAT_00437080	READ	00419950	FUN_00419950
00437080	DAT_00437080	READ	004197a3	FUN_004197a0
00437080	DAT_00437080	READ	0041d457	
00437080	DAT_00437080	READ	0041d4bb	
00437080	DAT_00437080	READ	0041d53f	
00437080	DAT_00437080	READ	0041d5ba	
00437080	DAT_00437080	READ	0041d648	
00437080	DAT_00437080	READ	0041d6ac	
00437080	DAT_00437080	READ	0041d730	
00437080	DAT_00437080	READ	0041d7ac	
00437080	DAT_00437080	READ	0041d9a4	
00437080	DAT_00437080	READ	0041d9e8	
00437080	DAT_00437080	READ	0041da4a	
00437080	DAT_00437080	READ	0041da97	
00437080	DAT_00437080	READ	0041daf4	
00437080	DAT_00437080	READ	0041db78	
00437080	DAT_00437080	READ	0041dc1c	
00437080	DAT_00437080	READ	0041dca8	
00437080	DAT_00437080	READ	0041ed40	FUN_0041ed40
00437080	DAT_00437080	READ	0041ed5f	FUN_0041ed40
00437080	DAT_00437080	READ	0041ed70	FUN_0041ed70
00437080	DAT_00437080	READ	0041ed8f	FUN_0041ed70
00437080	DAT_00437080	READ	0041ee25	
00437080	DAT_00437080	READ	0041ee55	FUN_0041ee50
00437080	DAT_00437080	READ	0041ee85	
00437080	DAT_00437080	READ	0041eeb5	
00437080	DAT_00437080	READ	0041eee5	
00437080	DAT_00437080	READ	0041ef15	
00437080	DAT_00437080	READ	0041f2b3	
00437080	DAT_00437080	READ	0041f2f3	
00437080	DAT_00437080	READ	0041f33f	
00437080	DAT_00437080	READ	0041f37f	
00437080	DAT_00437080	DATA	00409060	FUN_00409060
00437080	DAT_00437080	DATA	00409080	
00437084	DAT_00437084	READ	00413d75	FUN_00413d0c
00437084	DAT_00437084	READ	00413dc7	FUN_00413d0c
00437084	DAT_00437084	READ	00415353	FUN_00414fd0
00437084	DAT_00437084	READ	00415365	FUN_00414fd0
00437084	DAT_00437084	READ	00411012	FUN_00410d31
00437084	DAT_00437084	READ	0041105d	FUN_00410d31
00437084	DAT_00437084	READ	004110c1	FUN_00410d31
00437084	DAT_00437084	READ	00411106	FUN_00410d31
00437084	DAT_00437084	READ	004120af	FUN_00411d37
00437084	DAT_00437084	READ	004120fa	FUN_00411d37
00437084	DAT_00437084	READ	0041215e	FUN_00411d37
00437084	DAT_00437084	READ	004121a9	FUN_00411d37
00437084	DAT_00437084	READ	0041220d	FUN_00411d37
00437084	DAT_00437084	READ	00412258	FUN_00411d37
00437084	DAT_00437084	READ	004122bc	FUN_00411d37
00437084	DAT_00437084	READ	00412307	FUN_00411d37
00437084	DAT_00437084	READ	0041236b	FUN_00411d37
00437084	DAT_00437084	READ	004123b6	FUN_00411d37
00437084	DAT_00437084	READ	0042214c	FUN_00422120
00437084	DAT_00437084	READ	004221cc	FUN_004221a0
00437084	DAT_00437084	READ	00425e36	
00437084	DAT_00437084	READ	00425e6c	
00437084	DAT_00437084	READ	00425f56	
00437084	DAT_00437084	READ	00425f8c	
00437084	DAT_00437084	READ	00429076	
00437084	DAT_00437084	READ	004290ac	
00437084	DAT_00437084	READ	00429196	
00437084	DAT_00437084	READ	004291cc	
00437084	DAT_00437084	READ	004292b6	
00437084	DAT_00437084	READ	004292ec	
00437084	DAT_00437084	READ	004293d7	
00437084	DAT_00437084	READ	0042940d	
00437084	DAT_00437084	READ	004294f6	
00437084	DAT_00437084	READ	0042952c	
00437084	DAT_00437084	READ	0042ea63	
00437084	DAT_00437084	READ	0042eb26	
00437084	DAT_00437084	READ	0042eb64	
00437084	DAT_00437084	READ	0040ed14	
00437084	DAT_00437084	READ	0040ed62	
00437084	DAT_00437084	READ	0040f09c	
00437084	DAT_00437084	READ	0040f0e7	
00437084	DAT_00437084	READ	0040f136	
00437084	DAT_00437084	READ	0040f181	
00437084	DAT_00437084	READ	0040f1d0	
00437084	DAT_00437084	READ	0040f21b	
00437084	DAT_00437084	READ	0040f26a	
00437084	DAT_00437084	READ	0040f2b5	
00437084	DAT_00437084	READ	0040f304	
00437084	DAT_00437084	READ	0040f34f	
00437084	DAT_00437084	READ	0040f39e	
00437084	DAT_00437084	READ	0040f3ec	
00437084	DAT_00437084	READ	0041d360	
00437084	DAT_00437084	READ	0041d3ae	
00437084	DAT_00437084	READ	0041d529	
00437084	DAT_00437084	READ	0041d5a8	
00437084	DAT_00437084	READ	0041d709	
00437084	DAT_00437084	READ	0041d773	
00437084	DAT_00437084	READ	0041d8c9	
00437084	DAT_00437084	READ	0041d913	
00437084	DAT_00437084	READ	0041da36	
00437084	DAT_00437084	READ	0041da75	
00437084	DAT_00437084	READ	0041dc06	
00437084	DAT_00437084	READ	0041dc80	
00437084	DAT_00437084	READ	0041ddd7	
00437084	DAT_00437084	READ	0041de21	
0043708c	DAT_0043708c	DATA	0040165b	FUN_00401650
0043708c	DAT_0043708c	DATA	00408d60	FUN_00408d60
0043708c	DAT_0043708c	DATA	00408d80	
00437090	DAT_00437090	DATA	00408e20	FUN_00408e20
00437090	DAT_00437090	DATA	00408e40	
004370f8	DAT_004370f8	WRITE	00409830	entry
004370f8	DAT_004370f8	READ	00409837	entry
004370f8	DAT_004370f8	READ	0040983f	entry
004370f8	DAT_004370f8	READ	0040984d	entry
004370f8	DAT_004370f8	READ	00409862	entry
004370f8	DAT_004370f8	READ	0042988c	
004370f8	DAT_004370f8	READ	0042989a	
004370f8	DAT_004370f8	READ	004298b0	
004370f8	DAT_004370f8	READ	004298c2	
004370f8	DAT_004370f8	READ	004298ce	
004370fc	DAT_004370fc	WRITE	0040926f	FUN_00409250
004370fc	DAT_004370fc	READ	0040a661	FUN_0040a610
004370fc	DAT_004370fc	READ	0040a6f6	FUN_0040a610
004370fc	DAT_004370fc	WRITE	0040afed	FUN_0040ae30
004370fc	DAT_004370fc	READ	0042bd6a	
004370fc	DAT_004370fc	READ	0043095c	
00437100	DAT_00437100	WRITE	004094c6	entry
00437100	DAT_00437100	READ	0041b575	FUN_0041b2e0
00437108	DAT_00437108	READ	0040ddcd	FUN_0040db61
00437108	DAT_00437108	READ	004147d6	FUN_00414770
00437108	DAT_00437108	READ	00414c3d	FUN_00414b90
00437108	DAT_00437108	READ	00412446	FUN_00411d37
00437108	DAT_00437108	DATA	004147bd	FUN_00414770
00437108	DAT_00437108	READ	004258c7	
00437108	DAT_00437108	READ	0042596e	
00437108	DAT_00437108	READ	00425cb6	
00437108	DAT_00437108	READ	00425d4d	
00437108	DAT_00437108	READ	00425dd6	
00437108	DAT_00437108	READ	00425e7d	
00437108	DAT_00437108	READ	00425ef6	
00437108	DAT_00437108	READ	00425f9d	
00437108	DAT_00437108	READ	00427ec7	
00437108	DAT_00437108	READ	00427f6e	
00437108	DAT_00437108	READ	004287a7	
00437108	DAT_00437108	READ	0042884e	
00437108	DAT_00437108	READ	00428e86	
00437108	DAT_00437108	READ	00428f1d	
00437108	DAT_00437108	READ	00428f75	
00437108	DAT_00437108	READ	00428fa0	
00437108	DAT_00437108	READ	00428fb5	
00437108	DAT_00437108	READ	00428fe0	
00437108	DAT_00437108	READ	00429016	
00437108	DAT_00437108	READ	004290bd	
00437108	DAT_00437108	READ	00429136	
00437108	DAT_00437108	READ	004291dd	
00437108	DAT_00437108	READ	00429256	
00437108	DAT_00437108	READ	004292fd	
00437108	DAT_00437108	READ	00429377	
00437108	DAT_00437108	READ	0042941e	
00437108	DAT_00437108	READ	00429496	
00437108	DAT_00437108	READ	0042953d	
00437108	DAT_00437108	READ	0042c5b7	
00437108	DAT_00437108	READ	0042c65e	
00437108	DAT_00437108	READ	0042e6e7	
00437108	DAT_00437108	READ	0042e78e	
00437108	DAT_00437108	READ	0042eac7	
00437108	DAT_00437108	READ	0042eb6e	
00437108	DAT_00437108	READ	0042ed57	
00437108	DAT_00437108	READ	0042edee	
00437108	DAT_00437108	DATA	0041bcf5	
00437108	DAT_00437108	DATA	0041bd15	
00437108	DAT_00437108	READ	0041c2ae	
00437108	DAT_00437108	READ	0041c2f4	
00437108	DAT_00437108	READ	0041c32e	
00437108	DAT_00437108	READ	0041c374	
00437108	DAT_00437108	READ	0041c414	
00437108	DAT_00437108	READ	0041c44e	
00437108	DAT_00437108	READ	0041c4fe	
00437108	DAT_00437108	READ	0041c53d	
00437108	DAT_00437108	READ	0041c5b2	
00437108	DAT_00437108	READ	0041c5d1	
00437108	DAT_00437108	READ	0041c65d	
00437108	DAT_00437108	READ	0041c680	
00437108	DAT_00437108	READ	0041c884	
00437108	DAT_00437108	READ	0041c8be	
00437108	DAT_00437108	READ	0041c96e	
00437108	DAT_00437108	READ	0041c9ad	
00437108	DAT_00437108	READ	0041ca22	
00437108	DAT_00437108	READ	0041ca41	
00437108	DAT_00437108	READ	0041cacd	
00437108	DAT_00437108	READ	0041caf0	
00437108	DAT_00437108	READ	0041cb94	
00437108	DAT_00437108	READ	0041cbce	
00437108	DAT_00437108	READ	0041cc7e	
00437108	DAT_00437108	READ	0041ccbd	
00437108	DAT_00437108	READ	0041cd64	
00437108	DAT_00437108	READ	0041cd9e	
00437108	DAT_00437108	READ	0041ce4e	
00437108	DAT_00437108	READ	0041ce8d	
00437108	DAT_00437108	READ	0041cf34	
00437108	DAT_00437108	READ	0041cf6e	
00437108	DAT_00437108	READ	0041d01e	
00437108	DAT_00437108	READ	0041d05d	
00437108	DAT_00437108	READ	0041d104	
00437108	DAT_00437108	READ	0041d13d	
00437108	DAT_00437108	READ	0041d1ef	
00437108	DAT_00437108	READ	0041d22b	
00437108	DAT_00437108	READ	0041d2d6	
00437108	DAT_00437108	READ	0041d308	
00437108	DAT_00437108	READ	0041d3c0	
00437108	DAT_00437108	READ	0041d3f7	
00437108	DAT_00437108	READ	0041d4a5	
00437108	DAT_00437108	READ	0041d4e5	
00437108	DAT_00437108	READ	0041d5a0	
00437108	DAT_00437108	READ	0041d5e3	
00437108	DAT_00437108	READ	0041d685	
00437108	DAT_00437108	READ	0041d6c4	
00437108	DAT_00437108	READ	0041d783	
00437108	DAT_00437108	READ	0041d7c5	
00437108	DAT_00437108	READ	0041d855	
00437108	DAT_00437108	READ	0041d87f	
00437108	DAT_00437108	READ	0041d923	
00437108	DAT_00437108	READ	0041d94f	
00437108	DAT_00437108	READ	0041d9d3	
00437108	DAT_00437108	READ	0041d9f9	
00437108	DAT_00437108	READ	0041da80	
00437108	DAT_00437108	READ	0041daa8	
00437108	DAT_00437108	READ	0041db62	
00437108	DAT_00437108	READ	0041dbc7	
00437108	DAT_00437108	READ	0041dc90	
00437108	DAT_00437108	READ	0041dcf6	
00437108	DAT_00437108	READ	0041dd73	
00437108	DAT_00437108	READ	0041dd98	
00437108	DAT_00437108	READ	0041de31	
00437108	DAT_00437108	READ	0041de58	
00437108	DAT_00437108	DATA	00409120	FUN_00409120
00437108	DAT_00437108	DATA	00409140	
0043710c	DAT_0043710c	READ	0041243a	FUN_00411d37
0043710c	DAT_0043710c	READ	0041247a	FUN_00411d37
0043710c	DAT_0043710c	READ	004124b4	FUN_00411d37
0043710c	DAT_0043710c	READ	004124ef	FUN_00411d37
0043710c	DAT_0043710c	READ	00412529	FUN_00411d37
0043710c	DAT_0043710c	READ	00425956	
0043710c	DAT_0043710c	READ	00425d36	
0043710c	DAT_0043710c	READ	00425e66	
0043710c	DAT_0043710c	READ	00425f86	
0043710c	DAT_0043710c	READ	00427f56	
0043710c	DAT_0043710c	READ	00428836	
0043710c	DAT_0043710c	READ	00428f06	
0043710c	DAT_0043710c	READ	00428f96	
0043710c	DAT_0043710c	READ	00428fd6	
0043710c	DAT_0043710c	READ	004290a6	
0043710c	DAT_0043710c	READ	004291c6	
0043710c	DAT_0043710c	READ	004292e6	
0043710c	DAT_0043710c	READ	00429407	
0043710c	DAT_0043710c	READ	00429526	
0043710c	DAT_0043710c	READ	0042c646	
0043710c	DAT_0043710c	READ	0042e776	
0043710c	DAT_0043710c	READ	0042eb56	
0043710c	DAT_0043710c	READ	0042edd6	
0043710c	DAT_0043710c	READ	0040f43e	
0043710c	DAT_0043710c	READ	0040f478	
0043710c	DAT_0043710c	READ	0040f4b3	
0043710c	DAT_0043710c	READ	0040f4ed	
0043710c	DAT_0043710c	READ	0041c2e6	
0043710c	DAT_0043710c	READ	0041c366	
0043710c	DAT_0043710c	READ	0041c4e7	
0043710c	DAT_0043710c	READ	0041c646	
0043710c	DAT_0043710c	READ	0041c957	
0043710c	DAT_0043710c	READ	0041cab6	
0043710c	DAT_0043710c	READ	0041cc67	
0043710c	DAT_0043710c	READ	0041ce37	
0043710c	DAT_0043710c	READ	0041d007	
0043710c	DAT_0043710c	READ	0041d1d7	
0043710c	DAT_0043710c	READ	0041d3a6	
0043710c	DAT_0043710c	READ	0041d589	
0043710c	DAT_0043710c	READ	0041d769	
0043710c	DAT_0043710c	READ	0041d909	
0043710c	DAT_0043710c	READ	0041da66	
0043710c	DAT_0043710c	READ	0041dc76	
0043710c	DAT_0043710c	READ	0041de17	
00437114	DAT_00437114	WRITE	00415499	FUN_00414fd0
00437114	DAT_00437114	READ	00425270	
00437114	DAT_00437114	READ	004252a7	
00437118	DAT_00437118	WRITE	004095b5	entry
00437118	DAT_00437118	READ	004095bd	entry
00437118	DAT_00437118	READ	004095c8	entry
00437118	DAT_00437118	READ	004095d1	entry
00437118	DAT_00437118	READ	004095da	entry
00437118	DAT_00437118	READ	004095e5	entry
00437118	DAT_00437118	READ	004095f1	entry
00437118	DAT_00437118	READ	004095fa	entry
00437118	DAT_00437118	READ	0040960b	entry
00437118	DAT_00437118	READ	0040978f	entry
00437118	DAT_00437118	READ	004097d4	entry
00437118	DAT_00437118	READ	0041a4e9	FUN_0041a1b0
00437118	DAT_00437118	READ	0041a654	FUN_0041a1b0
00437118	DAT_00437118	READ	00419ee9	FUN_00419eb0
00437118	DAT_00437118	READ	00419f20	FUN_00419eb0
00437118	DAT_00437118	READ	00419f2f	FUN_00419eb0
00437118	DAT_00437118	READ	004028c1	FUN_004028a0
00437118	DAT_00437118	READ	00402b44	FUN_00402950
00437118	DAT_00437118	READ	0040392f	FUN_00403890
00437118	DAT_00437118	READ	00405f20	FUN_00405d60
00437118	DAT_00437118	READ	00405f3a	FUN_00405d60
00437118	DAT_00437118	READ	00409da6	FUN_00409da0
00437118	DAT_00437118	READ	00427c52	
00437118	DAT_00437118	READ	00427c6a	
00437118	DAT_00437118	READ	00427d80	
00437118	DAT_00437118	READ	0040c7dd	
00437118	DAT_00437118	READ	0040c7f0	
00437118	DAT_00437118	READ	0040c88a	
00437118	DAT_00437118	READ	0040613e	FUN_00406090
00437118	DAT_00437118	READ	0040129c	FUN_00401200
0043711c	DAT_0043711c	DATA	00409598	entry
0043711c	DAT_0043711c	DATA	00430510	
0043711c	DAT_0043711c	DATA	00408ce0	FUN_00408ce0
0043711c	DAT_0043711c	DATA	00408d00	
00437120	DAT_00437120	DATA	00414a35	FUN_00414770
00437120	DAT_00437120	DATA	00415437	FUN_00414fd0
00437120	DAT_00437120	READ	00428749	
00437120	DAT_00437120	READ	00428788	
00437120	DAT_00437120	READ	004287e0	
00437120	DAT_00437120	READ	0042880f	
00437120	DAT_00437120	READ	0042887f	
00437120	DAT_00437120	DATA	0041c205	
00437120	DAT_00437120	DATA	0041c22c	
00437120	DAT_00437120	DATA	0041c262	
00437120	DAT_00437120	DATA	0041c285	
00437120	DAT_00437120	READ	0041cef7	
00437120	DAT_00437120	READ	0041cf5b	
00437120	DAT_00437120	READ	0041cfdd	
00437120	DAT_00437120	READ	0041d04a	
00437120	DAT_00437120	DATA	004090e0	FUN_004090e0
00437120	DAT_00437120	DATA	00409100	
00437124	DAT_00437124	READ	00411bf9	FUN_00411b79
00437124	DAT_00437124	READ	00411c43	FUN_00411b79
00437124	DAT_00437124	READ	00428743	
00437124	DAT_00437124	READ	00428806	
00437124	DAT_00437124	READ	00428844	
00437124	DAT_00437124	READ	0040ebc4	
00437124	DAT_00437124	READ	0040ec12	
00437124	DAT_00437124	READ	0041cfb7	
00437124	DAT_00437124	READ	0041d011	
00437130	DAT_00437130	DATA	004148b1	FUN_00414770
00437130	DAT_00437130	DATA	0041490b	FUN_00414770
00437130	DAT_00437130	DATA	0041494c	FUN_00414770
00437130	DAT_00437130	DATA	00415003	FUN_00414fd0
00437130	DAT_00437130	READ	00428e2b	
00437130	DAT_00437130	READ	00428e65	
00437130	DAT_00437130	READ	00428ebe	
00437130	DAT_00437130	READ	00428ecb	
00437130	DAT_00437130	READ	00428ef0	
00437130	DAT_00437130	READ	00428f4e	
00437130	DAT_00437130	READ	00428f5b	
00437130	DAT_00437130	DATA	0041bd35	
00437130	DAT_00437130	DATA	0041bd5c	
00437130	DAT_00437130	DATA	0041bd91	
00437130	DAT_00437130	DATA	0041bda5	
00437130	DAT_00437130	READ	0041ca04	
00437130	DAT_00437130	READ	0041ca38	
00437130	DAT_00437130	READ	0041ca9c	
00437130	DAT_00437130	READ	0041cae7	
00437130	DAT_00437130	DATA	00408ee0	FUN_00408ee0
00437130	DAT_00437130	DATA	00408f00	
00437134	DAT_00437134	READ	00411e2f	FUN_00411d37
00437134	DAT_00437134	READ	00411e87	FUN_00411d37
00437134	DAT_00437134	READ	00428e25	
00437134	DAT_00437134	READ	00428ee6	
00437134	DAT_00437134	READ	00428f0c	
00437134	DAT_00437134	READ	0040e9e1	
00437134	DAT_00437134	READ	0040ea32	
00437134	DAT_00437134	READ	0041ca86	
00437134	DAT_00437134	READ	0041cad5	
00437140	DAT_00437140	WRITE	0040991c	entry
00437140	DAT_00437140	WRITE	00408c64	
00437140	DAT_00437140	DATA	00408c60	
00437140	DAT_00437140	DATA	00408c80	
00437144	DAT_00437144	WRITE	00409922	entry
00437144	DAT_00437144	WRITE	00408c69	
00437148	DAT_00437148	WRITE	00409927	entry
00437148	DAT_00437148	WRITE	00408c66	
0043714c	DAT_0043714c	WRITE	00409520	entry
0043714c	DAT_0043714c	READ	0040a213	FUN_0040a210
0043714c	DAT_0043714c	WRITE	0040a23b	FUN_0040a210
00437150	DAT_00437150	WRITE	004096e0	entry
00437150	DAT_00437150	READ	0040972c	entry
00437150	DAT_00437150	READ	00402b31	FUN_00402950
00437150	DAT_00437150	READ	00402c1e	FUN_00402950
00437150	DAT_00437150	READ	004039e8	FUN_00403890
00437150	DAT_00437150	READ	00428b13	FUN_00428ad0
00437150	DAT_00437150	READ	00409e1e	FUN_00409da0
00437150	DAT_00437150	READ	00421f0e	
00437154	DAT_00437154	WRITE	004092db	entry
00437154	DAT_00437154	READ	004094ad	entry
00437154	DAT_00437154	READ	00409c67	FUN_00409af0
00437158	DAT_00437158	DATA	00408e60	FUN_00408e60
00437158	DAT_00437158	DATA	00408e80	
0043715c	DAT_0043715c	WRITE	004097da	entry
0043715c	DAT_0043715c	READ	004125fe	FUN_00411d37
0043715c	DAT_0043715c	READ	00429d8d	FUN_00429d00
0043715c	DAT_0043715c	READ	00429e3b	
00437160	DAT_00437160	DATA	00414ecd	FUN_00414eb0
00437160	DAT_00437160	READ	00414ef1	FUN_00414eb0
00437160	DAT_00437160	READ	00414f73	FUN_00414eb0
00437160	DAT_00437160	WRITE	00414f7f	FUN_00414eb0
00437160	DAT_00437160	WRITE	0041507e	FUN_00414fd0
00437160	DAT_00437160	DATA	00414eec	FUN_00414eb0
00437160	DAT_00437160	DATA	00414f6d	FUN_00414eb0
00437160	DAT_00437160	DATA	0041506f	FUN_00414fd0
00437160	DAT_00437160	WRITE	0042521f	
00437160	DAT_00437160	DATA	00425210	
00437164	DAT_00437164	READ	00414ef1	FUN_00414eb0
00437164	DAT_00437164	READ	00414f73	FUN_00414eb0
00437164	DAT_00437164	WRITE	00414f7f	FUN_00414eb0
00437164	DAT_00437164	WRITE	0041507e	FUN_00414fd0
00437164	DAT_00437164	WRITE	0042521f	
00437174	DAT_00437174	READ	00414edd	FUN_00414eb0
00437174	DAT_00437174	READ	00414eb7	FUN_00414eb0
004371c0	DAT_004371c0	DATA	00414eff	FUN_00414eb0
004371c0	DAT_004371c0	DATA	00414f84	FUN_00414eb0
004371c0	DAT_004371c0	DATA	00408da0	FUN_00408da0
004371c0	DAT_004371c0	DATA	00408dc0	
004371c8	DAT_004371c8	DATA	00414994	FUN_00414770
004371c8	DAT_004371c8	DATA	004150e1	FUN_00414fd0
004371c8	DAT_004371c8	READ	00425c48	
004371c8	DAT_004371c8	READ	00425c95	
004371c8	DAT_004371c8	READ	00425cee	
004371c8	DAT_004371c8	READ	00425cfb	
004371c8	DAT_004371c8	READ	00425d20	
004371c8	DAT_004371c8	READ	00425d7e	
004371c8	DAT_004371c8	READ	00425d8b	
004371c8	DAT_004371c8	DATA	0041bdc5	
004371c8	DAT_004371c8	DATA	0041bdec	
004371c8	DAT_004371c8	DATA	0041be12	
004371c8	DAT_004371c8	DATA	0041be25	
004371c8	DAT_004371c8	READ	0041c594	
004371c8	DAT_004371c8	READ	0041c5c8	
004371c8	DAT_004371c8	READ	0041c62c	
004371c8	DAT_004371c8	READ	0041c677	
004371c8	DAT_004371c8	DATA	00408f60	FUN_00408f60
004371c8	DAT_004371c8	DATA	00408f80	
004371cc	DAT_004371cc	READ	00410ed5	FUN_00410d31
004371cc	DAT_004371cc	READ	00410f20	FUN_00410d31
004371cc	DAT_004371cc	READ	00425c42	
004371cc	DAT_004371cc	READ	00425d16	
004371cc	DAT_004371cc	READ	00425d3c	
004371cc	DAT_004371cc	READ	0040ee7c	
004371cc	DAT_004371cc	READ	0040eec7	
004371cc	DAT_004371cc	READ	0041c616	
004371cc	DAT_004371cc	READ	0041c665	
004371d4	DAT_004371d4	WRITE	004154bf	FUN_00414fd0
004371d4	DAT_004371d4	READ	0042526b	
004371d4	DAT_004371d4	READ	004252a2	
004371d8	DAT_004371d8	DATA	00408de0	FUN_00408de0
004371d8	DAT_004371d8	DATA	00408e00	
004371e0	DAT_004371e0	DATA	0040a7cc	FUN_0040a790
004371e0	DAT_004371e0	DATA	00413f22	FUN_00413e87
004371e0	DAT_004371e0	DATA	004146cc	FUN_00414640
004371e0	DAT_004371e0	DATA	00414970	FUN_00414770
004371e0	DAT_004371e0	DATA	004150ab	FUN_00414fd0
004371e0	DAT_004371e0	READ	0042ec99	
004371e0	DAT_004371e0	READ	0042ed38	
004371e0	DAT_004371e0	READ	0042ed90	
004371e0	DAT_004371e0	READ	0042edbf	
004371e0	DAT_004371e0	READ	0042ee1f	
004371e0	DAT_004371e0	DATA	0041c025	
004371e0	DAT_004371e0	DATA	0041c04c	
004371e0	DAT_004371e0	DATA	0041c082	
004371e0	DAT_004371e0	DATA	0041c0a5	
004371e0	DAT_004371e0	READ	0041d0c7	
004371e0	DAT_004371e0	READ	0041d12b	
004371e0	DAT_004371e0	READ	0041d1ad	
004371e0	DAT_004371e0	READ	0041d219	
004371e0	DAT_004371e0	READ	00425283	
004371e0	DAT_004371e0	READ	004252ba	
004371e0	DAT_004371e0	DATA	00425298	
004371e0	DAT_004371e0	DATA	004252cf	
004371e0	DAT_004371e0	DATA	00408f20	FUN_00408f20
004371e0	DAT_004371e0	DATA	00408f40	
004371e4	DAT_004371e4	READ	00413f54	FUN_00413e87
004371e4	DAT_004371e4	READ	00413f91	FUN_00413e87
004371e4	DAT_004371e4	READ	00415488	FUN_00414fd0
004371e4	DAT_004371e4	READ	004154ae	FUN_00414fd0
004371e4	DAT_004371e4	READ	0042ec93	
004371e4	DAT_004371e4	READ	0042edb6	
004371e4	DAT_004371e4	READ	0042ede4	
004371e4	DAT_004371e4	READ	0040edb4	
004371e4	DAT_004371e4	READ	0040ee02	
004371e4	DAT_004371e4	READ	0041d187	
004371e4	DAT_004371e4	READ	0041d1f7	
004371e4	DAT_004371e4	READ	00425255	
004371e4	DAT_004371e4	READ	004252b2	
004371f0	DAT_004371f0	READ	0040a613	FUN_0040a610
004371f0	DAT_004371f0	READ	0040a63b	FUN_0040a610
004371f0	DAT_004371f0	READ	0040ac2d	FUN_0040ac10
004371f0	DAT_004371f0	READ	00418770	FUN_00418770
004371f0	DAT_004371f0	READ	00419a14	FUN_00419a10
004371f0	DAT_004371f0	READ	00419b8e	FUN_00419b60
004371f0	DAT_004371f0	READ	00428bcf	FUN_00428ba0
004371f0	DAT_004371f0	READ	00428c25	FUN_00428bf0
004371f0	DAT_004371f0	DATA	004149d1	FUN_00414770
004371f0	DAT_004371f0	DATA	004151cd	FUN_00414fd0
004371f0	DAT_004371f0	DATA	004151f7	FUN_00414fd0
004371f0	DAT_004371f0	READ	004259d7	
004371f0	DAT_004371f0	READ	00425a27	
004371f0	DAT_004371f0	READ	00425a77	
004371f0	DAT_004371f0	READ	00425ac7	
004371f0	DAT_004371f0	READ	00427e59	
004371f0	DAT_004371f0	READ	00427e90	
004371f0	DAT_004371f0	READ	00427ea8	
004371f0	DAT_004371f0	READ	00427f00	
004371f0	DAT_004371f0	READ	00427f2f	
004371f0	DAT_004371f0	READ	00427f9f	
004371f0	DAT_004371f0	READ	004281df	
004371f0	DAT_004371f0	READ	0042ac30	
004371f0	DAT_004371f0	READ	0042ac80	
004371f0	DAT_004371f0	DATA	0041bf85	
004371f0	DAT_004371f0	DATA	0041bfac	
004371f0	DAT_004371f0	DATA	0041bfe2	
004371f0	DAT_004371f0	DATA	0041c005	
004371f0	DAT_004371f0	READ	0041c6ed	
004371f0	DAT_004371f0	READ	0041c70e	
004371f0	DAT_004371f0	READ	0041c72b	
004371f0	DAT_004371f0	READ	0041c8ab	
004371f0	DAT_004371f0	READ	0041c92d	
004371f0	DAT_004371f0	READ	0041c99a	
004371f0	DAT_004371f0	READ	0041efdc	
004371f0	DAT_004371f0	READ	0041f07c	
004371f0	DAT_004371f0	READ	0041f11c	
004371f0	DAT_004371f0	READ	0041f1bc	
004371f0	DAT_004371f0	DATA	00408fe0	FUN_00408fe0
004371f0	DAT_004371f0	DATA	00409000	
004371f4	DAT_004371f4	READ	004119f9	FUN_004118c0
004371f4	DAT_004371f4	READ	00411a4f	FUN_004118c0
004371f4	DAT_004371f4	READ	004151eb	FUN_00414fd0
004371f4	DAT_004371f4	READ	00427e53	
004371f4	DAT_004371f4	READ	00427f26	
004371f4	DAT_004371f4	READ	00427f64	
004371f4	DAT_004371f4	READ	0040ec74	
004371f4	DAT_004371f4	READ	0040ecc2	
004371f4	DAT_004371f4	READ	0041c907	
004371f4	DAT_004371f4	READ	0041c961	
00437200	DAT_00437200	DATA	00414a1c	FUN_00414770
00437200	DAT_00437200	DATA	004153f4	FUN_00414fd0
00437200	DAT_00437200	READ	0042e679	
00437200	DAT_00437200	READ	0042e6c8	
00437200	DAT_00437200	READ	0042e720	
00437200	DAT_00437200	READ	0042e74f	
00437200	DAT_00437200	READ	0042e7bf	
00437200	DAT_00437200	DATA	0041c0c5	
00437200	DAT_00437200	DATA	0041c0ec	
00437200	DAT_00437200	DATA	0041c122	
00437200	DAT_00437200	DATA	0041c145	FUN_0041c140
00437200	DAT_00437200	READ	0041cd27	
00437200	DAT_00437200	READ	0041cd8b	
00437200	DAT_00437200	READ	0041ce0d	
00437200	DAT_00437200	READ	0041ce7a	
00437200	DAT_00437200	DATA	004090a0	FUN_004090a0
00437200	DAT_00437200	DATA	004090c0	
00437204	DAT_00437204	READ	00413acc	FUN_00413a07
00437204	DAT_00437204	READ	00413b25	FUN_00413a07
00437204	DAT_00437204	READ	0042e673	
00437204	DAT_00437204	READ	0042e746	
00437204	DAT_00437204	READ	0042e784	
00437204	DAT_00437204	READ	0040eb24	
00437204	DAT_00437204	READ	0040eb72	
00437204	DAT_00437204	READ	0041cde7	
00437204	DAT_00437204	READ	0041ce41	
00437210	DAT_00437210	DATA	004149ea	FUN_00414770
00437210	DAT_00437210	DATA	00415244	FUN_00414fd0
00437210	DAT_00437210	READ	0042c549	
00437210	DAT_00437210	READ	0042c598	
00437210	DAT_00437210	READ	0042c5f0	
00437210	DAT_00437210	READ	0042c61f	
00437210	DAT_00437210	READ	0042c68f	
00437210	DAT_00437210	DATA	0041c165	
00437210	DAT_00437210	DATA	0041c18c	
00437210	DAT_00437210	DATA	0041c1c2	
00437210	DAT_00437210	DATA	0041c1e5	
00437210	DAT_00437210	READ	0041cb57	
00437210	DAT_00437210	READ	0041cbbb	
00437210	DAT_00437210	READ	0041cc3d	
00437210	DAT_00437210	READ	0041ccaa	
00437210	DAT_00437210	DATA	00409020	FUN_00409020
00437210	DAT_00437210	DATA	00409040	
00437214	DAT_00437214	READ	004136ec	FUN_00413593
00437214	DAT_00437214	READ	0041373a	FUN_00413593
00437214	DAT_00437214	READ	0042c543	
00437214	DAT_00437214	READ	0042c616	
00437214	DAT_00437214	READ	0042c654	
00437214	DAT_00437214	READ	0040efc8	
00437214	DAT_00437214	READ	0040f016	
00437214	DAT_00437214	READ	0041cc17	
00437214	DAT_00437214	READ	0041cc71	
0043721c	DAT_0043721c	DATA	00408ea0	FUN_00408ea0
0043721c	DAT_0043721c	DATA	00408ec0	
00437220	DAT_00437220	WRITE	0040929e	FUN_00409250
00437220	DAT_00437220	WRITE	0040b00d	FUN_0040ae30
00437220	DAT_00437220	READ	0043096c	
00437228	DAT_00437228	READ	004125da	FUN_00411d37
00437228	DAT_00437228	READ	004125eb	FUN_00411d37
00437228	DAT_00437228	DATA	00401ee7	FUN_00401ee0
00437228	DAT_00437228	DATA	004149b8	FUN_00414770
00437228	DAT_00437228	DATA	0041511c	FUN_00414fd0
00437228	DAT_00437228	DATA	0041514d	FUN_00414fd0
00437228	DAT_00437228	DATA	00415199	FUN_00414fd0
00437228	DAT_00437228	READ	00425859	
00437228	DAT_00437228	READ	004258a8	
00437228	DAT_00437228	READ	00425900	
00437228	DAT_00437228	READ	0042592f	
00437228	DAT_00437228	READ	0042599f	
00437228	DAT_00437228	DATA	0041be45	
00437228	DAT_00437228	DATA	0041be6c	
00437228	DAT_00437228	DATA	0041bea2	
00437228	DAT_00437228	DATA	0041bec5	
00437228	DAT_00437228	READ	0041c3d7	
00437228	DAT_00437228	READ	0041c43b	
00437228	DAT_00437228	READ	0041c4bd	
00437228	DAT_00437228	READ	0041c52a	
00437228	DAT_00437228	DATA	00408fa0	FUN_00408fa0
00437228	DAT_00437228	DATA	00408fc0	
0043722c	DAT_0043722c	READ	00410b08	FUN_00410a52
0043722c	DAT_0043722c	READ	00410b61	FUN_00410a52
0043722c	DAT_0043722c	READ	00415145	FUN_00414fd0
0043722c	DAT_0043722c	READ	004125cb	FUN_00411d37
0043722c	DAT_0043722c	READ	00425853	
0043722c	DAT_0043722c	READ	00425926	
0043722c	DAT_0043722c	READ	00425964	
0043722c	DAT_0043722c	READ	0040ea87	
0043722c	DAT_0043722c	READ	0040ead2	
0043722c	DAT_0043722c	READ	0041c497	
0043722c	DAT_0043722c	READ	0041c4f1	
00437238	DAT_00437238	READ	0040a92f	FUN_0040a790
00437238	DAT_00437238	READ	0040a93c	FUN_0040a790
00437238	DAT_00437238	READ	0040a949	FUN_0040a790
00437238	DAT_00437238	READ	0040a956	FUN_0040a790
00437238	DAT_00437238	READ	0040a964	FUN_0040a790
00437238	DAT_00437238	READ	0040a970	FUN_0040a790
00437238	DAT_00437238	READ	0040a97e	FUN_0040a790
00437238	DAT_00437238	READ	0040a98c	FUN_0040a790
00437238	DAT_00437238	READ	0040a99b	FUN_0040a790
00437238	DAT_00437238	READ	0040a9a4	FUN_0040a790
00437238	DAT_00437238	READ	0040a9ae	FUN_0040a790
00437238	DAT_00437238	READ	0040a9b8	FUN_0040a790
00437238	DAT_00437238	READ	0040a9c1	FUN_0040a790
00437238	DAT_00437238	READ	0040aa21	FUN_0040a790
00437238	DAT_00437238	READ	0040b0d5	FUN_0040b090
00437238	DAT_00437238	READ	0040b021	FUN_0040ae30
00437238	DAT_00437238	READ	0040b03b	FUN_0040ae30
00437238	DAT_00437238	READ	0040ae00	FUN_0040ad10
00437238	DAT_00437238	READ	0040ae13	FUN_0040ad10
00437238	DAT_00437238	READ	0040a759	FUN_0040a750
00437238	DAT_00437238	READ	0040b2b6	FUN_0040b230
00437238	DAT_00437238	READ	0040b30f	FUN_0040b230
00437238	DAT_00437238	READ	00418a81	FUN_00418a80
00437238	DAT_00437238	READ	00418aaf	FUN_00418a80
00437238	DAT_00437238	READ	0041aa00	FUN_0041aa00
00437238	DAT_00437238	READ	0041aa44	FUN_0041aa00
00437238	DAT_00437238	READ	0041aaf8	FUN_0041aa00
00437238	DAT_00437238	READ	0041abbe	FUN_0041aa00
00437238	DAT_00437238	READ	0040b371	FUN_0040b340
00437238	DAT_00437238	READ	0040b383	FUN_0040b340
00437238	DAT_00437238	READ	0041a00c	FUN_00419f90
00437238	DAT_00437238	READ	0041a093	FUN_00419f90
00437238	DAT_00437238	READ	0041a82e	FUN_0041a7d0
00437238	DAT_00437238	READ	0041a8be	FUN_0041a7d0
00437238	DAT_00437238	READ	0040b910	FUN_0040b4f0
00437238	DAT_00437238	READ	0040ba91	FUN_0040ba30
00437238	DAT_00437238	READ	0041b055	FUN_0041b010
00437238	DAT_00437238	READ	0041b095	FUN_0041b010
00437238	DAT_00437238	READ	00422e48	FUN_00422df0
00437238	DAT_00437238	READ	004233a8	FUN_00423350
00437238	DAT_00437238	READ	0040b561	FUN_0040b4f0
00437238	DAT_00437238	READ	0040bae1	FUN_0040ba30
00437238	DAT_00437238	READ	004166e8	FUN_004166c0
00437238	DAT_00437238	READ	004167eb	FUN_004167c0
00437238	DAT_00437238	READ	0040bc31	FUN_0040ba30
00437238	DAT_00437238	READ	0040bd1e	FUN_0040ba30
00437238	DAT_00437238	READ	0040bd38	FUN_0040ba30
00437238	DAT_00437238	READ	0040bd80	FUN_0040ba30
00437238	DAT_00437238	READ	0040bec7	FUN_0040ba30
00437238	DAT_00437238	READ	0040bff8	FUN_0040ba30
00437238	DAT_00437238	READ	00416925	FUN_004168f0
00437238	DAT_00437238	READ	00416b07	FUN_00416ad0
00437238	DAT_00437238	READ	004169dc	FUN_004168f0
00437238	DAT_00437238	READ	00416d51	FUN_00416d20
00437238	DAT_00437238	READ	00416db2	FUN_00416d20
00437238	DAT_00437238	READ	00416de3	FUN_00416d20
00437238	DAT_00437238	READ	00416dfb	FUN_00416d20
00437238	DAT_00437238	READ	00416e20	FUN_00416d20
00437238	DAT_00437238	READ	00416b7f	FUN_00416ad0
00437238	DAT_00437238	READ	00416c28	FUN_00416ad0
00437238	DAT_00437238	DATA	0040a925	FUN_0040a790
00437238	DAT_00437238	READ	0040c2e1	
00437238	DAT_00437238	READ	0040c9d4	
00437238	DAT_00437238	READ	0040d08c	
00437238	DAT_00437238	READ	00425ba9	
00437238	DAT_00437238	READ	00426e4c	
00437238	DAT_00437238	READ	004276f9	
00437238	DAT_00437238	READ	00427739	
00437238	DAT_00437238	READ	00427779	
00437238	DAT_00437238	READ	004277b9	
00437238	DAT_00437238	READ	004277f9	
00437238	DAT_00437238	READ	00427839	
00437238	DAT_00437238	READ	00427879	
00437238	DAT_00437238	READ	004278b9	
00437238	DAT_00437238	READ	004278f9	
00437238	DAT_00437238	READ	00427939	
00437238	DAT_00437238	READ	00427979	
00437238	DAT_00437238	READ	004279c9	
00437238	DAT_00437238	READ	00427a09	
00437238	DAT_00437238	READ	00427a49	
00437238	DAT_00437238	READ	00427a89	
00437238	DAT_00437238	READ	00427ab6	
00437238	DAT_00437238	READ	00427ae6	
00437238	DAT_00437238	READ	00427b77	
00437238	DAT_00437238	READ	00427c1e	
00437238	DAT_00437238	READ	0042a314	FUN_0042a220
00437238	DAT_00437238	READ	0042a33b	FUN_0042a220
00437238	DAT_00437238	READ	00415c00	FUN_00415be0
00437238	DAT_00437238	READ	00415c5a	FUN_00415be0
00437238	DAT_00437238	READ	004161a8	FUN_00416180
00437238	DAT_00437238	READ	004161e7	FUN_00416180
00437238	DAT_00437238	READ	0041620b	FUN_00416180
00437238	DAT_00437238	READ	0042b2c6	
00437238	DAT_00437238	READ	0042b516	
00437238	DAT_00437238	READ	0042b907	
00437238	DAT_00437238	READ	0042ba8c	
00437238	DAT_00437238	READ	0042bb1a	
00437238	DAT_00437238	READ	0042bc79	
00437238	DAT_00437238	READ	0042bcc3	
00437238	DAT_00437238	READ	0042bd59	
00437238	DAT_00437238	READ	0042bda9	
00437238	DAT_00437238	READ	0042bdf9	
00437238	DAT_00437238	READ	0042be49	
00437238	DAT_00437238	READ	0042be99	
00437238	DAT_00437238	READ	0042bed9	
00437238	DAT_00437238	READ	0042bf19	
00437238	DAT_00437238	READ	0042bf59	
00437238	DAT_00437238	READ	0042bf99	
00437238	DAT_00437238	READ	0042ca19	
00437238	DAT_00437238	READ	0042fa97	
00437238	DAT_00437238	READ	0042fae0	
00437238	DAT_00437238	READ	0042fbb4	
00437238	DAT_00437238	READ	00430127	
00437238	DAT_00437238	READ	004307e6	
00437238	DAT_00437238	READ	004305b5	FUN_00430580
00437238	DAT_00437238	READ	0041652d	FUN_004164e0
00437238	DAT_00437238	READ	0041656f	FUN_004164e0
00437238	DAT_00437238	READ	00416591	FUN_004164e0
00437238	DAT_00437238	READ	004165fe	FUN_004164e0
00437238	DAT_00437238	READ	00416655	FUN_004164e0
00437238	DAT_00437238	READ	00416677	FUN_004164e0
00437238	DAT_00437238	READ	0041a724	FUN_0041a6f0
00437238	DAT_00437238	READ	0040c6cf	
00437238	DAT_00437238	READ	0040cd37	
00437238	DAT_00437238	READ	0040ce13	
00437238	DAT_00437238	READ	0040cec5	
00437238	DAT_00437238	READ	0040cfb4	
00437238	DAT_00437238	DATA	00415be2	FUN_00415be0
00437238	DAT_00437238	DATA	00416186	FUN_00416180
00437238	DAT_00437238	DATA	00416691	FUN_004164e0
00437238	DAT_00437238	READ	0041c833	
00437238	DAT_00437238	READ	00422743	
00437238	DAT_00437238	READ	00422bd0	
00437238	DAT_00437238	READ	00422c19	
00437238	DAT_00437238	READ	00422ca0	
00437238	DAT_00437238	READ	00422d01	
00437238	DAT_00437238	READ	00422d61	
00437238	DAT_00437238	READ	00422dc1	
00437238	DAT_00437238	READ	004237db	
00437238	DAT_00437238	READ	0042383b	
00437238	DAT_00437238	READ	0042389b	
00437238	DAT_00437238	READ	004238e5	
00437238	DAT_00437238	READ	0042391e	
00437238	DAT_00437238	READ	0042396b	
00437238	DAT_00437238	READ	0042399e	
00437238	DAT_00437238	READ	004239de	
00437238	DAT_00437238	READ	00423a30	
00437238	DAT_00437238	READ	00423ade	FUN_00423aa0
00437238	DAT_00437238	READ	00423bab	
00437238	DAT_00437238	READ	00423bf2	FUN_00423bc0
00437238	DAT_00437238	READ	00423ccb	
00437238	DAT_00437238	READ	00423d12	FUN_00423ce0
00437238	DAT_00437238	READ	00423deb	
00437238	DAT_00437238	READ	00423e2d	FUN_00423e00
00437238	DAT_00437238	READ	00423efb	
00437238	DAT_00437238	READ	00423f3d	
00437238	DAT_00437238	READ	00423f99	FUN_00423f70
00437238	DAT_00437238	READ	00423ffb	
00437238	DAT_00437238	READ	00424039	FUN_00424010
00437238	DAT_00437238	READ	0042409b	
00437238	DAT_00437238	READ	004240e0	
00437238	DAT_00437238	READ	00424129	FUN_00424100
00437238	DAT_00437238	READ	0042418b	
00437238	DAT_00437238	READ	004241c9	FUN_004241a0
00437238	DAT_00437238	READ	0042422b	
00437238	DAT_00437238	READ	00424269	FUN_00424240
00437238	DAT_00437238	READ	004242cb	
00437238	DAT_00437238	READ	00424309	FUN_004242e0
00437238	DAT_00437238	READ	0042436b	
00437238	DAT_00437238	READ	004243b9	
00437238	DAT_00437238	READ	00424419	
00437238	DAT_00437238	READ	00424476	
00437238	DAT_00437238	READ	00424500	
00437238	DAT_00437238	READ	00424609	
00437238	DAT_00437238	READ	004246d6	
00437238	DAT_00437238	READ	0042485b	
00437238	DAT_00437238	READ	004248f3	
00437238	DAT_00437238	READ	00424970	
00437238	DAT_00437238	READ	00424a98	
00437238	DAT_00437238	READ	00424f46	
00437238	DAT_00437238	READ	00424fde	
00437238	DAT_00437238	READ	004253e8	
00437238	DAT_00437238	READ	0042f970	
00437238	DAT_00437238	DATA	00409160	FUN_00409160
00437238	DAT_00437238	DATA	00409180	
0043723c	DAT_0043723c	READ	0041abe5	FUN_0041aa00
0043723c	DAT_0043723c	READ	0041a025	FUN_00419f90
0043723c	DAT_0043723c	READ	0041a847	FUN_0041a7d0
0043723c	DAT_0043723c	READ	0040ba85	FUN_0040ba30
0043723c	DAT_0043723c	READ	00422e2a	FUN_00422df0
0043723c	DAT_0043723c	READ	0042338a	FUN_00423350
0043723c	DAT_0043723c	READ	0040bac7	FUN_0040ba30
0043723c	DAT_0043723c	READ	004166cf	FUN_004166c0
0043723c	DAT_0043723c	READ	004167cf	FUN_004167c0
0043723c	DAT_0043723c	READ	0040bb32	FUN_0040ba30
0043723c	DAT_0043723c	READ	0040bc3b	FUN_0040ba30
0043723c	DAT_0043723c	READ	0040bd69	FUN_0040ba30
0043723c	DAT_0043723c	READ	0040bea9	FUN_0040ba30
0043723c	DAT_0043723c	READ	0040bfda	FUN_0040ba30
0043723c	DAT_0043723c	READ	00416905	FUN_004168f0
0043723c	DAT_0043723c	READ	00416ae7	FUN_00416ad0
0043723c	DAT_0043723c	READ	00416d32	FUN_00416d20
0043723c	DAT_0043723c	READ	0040c2a2	
0043723c	DAT_0043723c	READ	0040c331	
0043723c	DAT_0043723c	READ	0040c8e5	
0043723c	DAT_0043723c	READ	0040c9b7	
0043723c	DAT_0043723c	READ	0040d06d	
0043723c	DAT_0043723c	READ	00425b8f	
0043723c	DAT_0043723c	READ	00426e34	
0043723c	DAT_0043723c	READ	004276df	
0043723c	DAT_0043723c	READ	0042771f	
0043723c	DAT_0043723c	READ	0042775f	
0043723c	DAT_0043723c	READ	0042779f	
0043723c	DAT_0043723c	READ	004277df	
0043723c	DAT_0043723c	READ	0042781f	
0043723c	DAT_0043723c	READ	0042785f	
0043723c	DAT_0043723c	READ	0042789f	
0043723c	DAT_0043723c	READ	004278df	
0043723c	DAT_0043723c	READ	0042791f	
0043723c	DAT_0043723c	READ	0042795f	
0043723c	DAT_0043723c	READ	004279af	
0043723c	DAT_0043723c	READ	004279ef	
0043723c	DAT_0043723c	READ	00427a2f	
0043723c	DAT_0043723c	READ	00427a6f	
0043723c	DAT_0043723c	READ	0042b2a8	
0043723c	DAT_0043723c	READ	0042b4f8	
0043723c	DAT_0043723c	READ	0042ba72	
0043723c	DAT_0043723c	READ	0042bb00	
0043723c	DAT_0043723c	READ	0042bc5f	
0043723c	DAT_0043723c	READ	0042bcb0	
0043723c	DAT_0043723c	READ	0042bd3f	
0043723c	DAT_0043723c	READ	0042bd8f	
0043723c	DAT_0043723c	READ	0042bddf	
0043723c	DAT_0043723c	READ	0042be2f	
0043723c	DAT_0043723c	READ	0042be7f	
0043723c	DAT_0043723c	READ	0042bebf	
0043723c	DAT_0043723c	READ	0042beff	
0043723c	DAT_0043723c	READ	0042bf3f	
0043723c	DAT_0043723c	READ	0042bf7f	
0043723c	DAT_0043723c	READ	0042c9ff	
0043723c	DAT_0043723c	READ	004307c0	
0043723c	DAT_0043723c	READ	00430597	FUN_00430580
0043723c	DAT_0043723c	READ	0041650d	FUN_004164e0
0043723c	DAT_0043723c	READ	004165e1	FUN_004164e0
0043723c	DAT_0043723c	READ	0041a760	FUN_0041a6f0
0043723c	DAT_0043723c	READ	0040c52a	
0043723c	DAT_0043723c	READ	0040c76f	
0043723c	DAT_0043723c	READ	0040ccd6	
0043723c	DAT_0043723c	READ	0040cd11	
0043723c	DAT_0043723c	READ	0040cd4b	
0043723c	DAT_0043723c	READ	0040cdfc	
0043723c	DAT_0043723c	READ	004224cd	
0043723c	DAT_0043723c	READ	00422725	
0043723c	DAT_0043723c	READ	00422bb5	
0043723c	DAT_0043723c	READ	00422c05	
0043723c	DAT_0043723c	READ	00422c85	
0043723c	DAT_0043723c	READ	00422ce6	
0043723c	DAT_0043723c	READ	00422d46	
0043723c	DAT_0043723c	READ	00422da6	
0043723c	DAT_0043723c	READ	004237c0	
0043723c	DAT_0043723c	READ	00423820	
0043723c	DAT_0043723c	READ	00423880	
0043723c	DAT_0043723c	READ	00423a15	
0043723c	DAT_0043723c	READ	00423ab8	FUN_00423aa0
0043723c	DAT_0043723c	READ	00423b90	
0043723c	DAT_0043723c	READ	00423bd4	FUN_00423bc0
0043723c	DAT_0043723c	READ	00423cb0	
0043723c	DAT_0043723c	READ	00423cf4	FUN_00423ce0
0043723c	DAT_0043723c	READ	00423dd0	
0043723c	DAT_0043723c	READ	00423e13	FUN_00423e00
0043723c	DAT_0043723c	READ	00423ee0	
0043723c	DAT_0043723c	READ	00423f22	
0043723c	DAT_0043723c	READ	00423f7f	FUN_00423f70
0043723c	DAT_0043723c	READ	00423fe0	
0043723c	DAT_0043723c	READ	0042401f	FUN_00424010
0043723c	DAT_0043723c	READ	00424080	
0043723c	DAT_0043723c	READ	004240c5	
0043723c	DAT_0043723c	READ	0042410f	FUN_00424100
0043723c	DAT_0043723c	READ	00424170	
0043723c	DAT_0043723c	READ	004241af	FUN_004241a0
0043723c	DAT_0043723c	READ	00424210	
0043723c	DAT_0043723c	READ	0042424f	FUN_00424240
0043723c	DAT_0043723c	READ	004242b0	
0043723c	DAT_0043723c	READ	004242ef	FUN_004242e0
0043723c	DAT_0043723c	READ	00424350	
0043723c	DAT_0043723c	READ	0042439f	
0043723c	DAT_0043723c	READ	004243ff	
0043723c	DAT_0043723c	READ	0042445b	
0043723c	DAT_0043723c	READ	004244e2	
0043723c	DAT_0043723c	READ	004245e5	
0043723c	DAT_0043723c	READ	004246b8	
0043723c	DAT_0043723c	READ	00424841	
0043723c	DAT_0043723c	READ	004248d8	
0043723c	DAT_0043723c	READ	00424952	
0043723c	DAT_0043723c	READ	00424a7e	
0043723c	DAT_0043723c	READ	00424b0d	
00437240	DAT_00437240	READ	0041669b	FUN_004164e0
00437244	DAT_00437244	READ	0041aba6	FUN_0041aa00
00437244	DAT_00437244	READ	0041abdd	FUN_0041aa00
00437244	DAT_00437244	READ	00419fdd	FUN_00419f90
00437244	DAT_00437244	READ	0041a80a	FUN_0041a7d0
00437244	DAT_00437244	READ	0040ba8b	FUN_0040ba30
00437244	DAT_00437244	READ	00422e12	FUN_00422df0
00437244	DAT_00437244	READ	00423372	FUN_00423350
00437244	DAT_00437244	READ	0040babe	FUN_0040ba30
00437244	DAT_00437244	READ	004166c5	FUN_004166c0
00437244	DAT_00437244	READ	004167c5	FUN_004167c0
00437244	DAT_00437244	READ	0040bb24	FUN_0040ba30
00437244	DAT_00437244	READ	0040bc2c	FUN_0040ba30
00437244	DAT_00437244	READ	0040bd60	FUN_0040ba30
00437244	DAT_00437244	READ	0040be9c	FUN_0040ba30
00437244	DAT_00437244	READ	0040bfcd	FUN_0040ba30
00437244	DAT_00437244	READ	004168f6	FUN_004168f0
00437244	DAT_00437244	READ	00416ad6	FUN_00416ad0
00437244	DAT_00437244	READ	00416d24	FUN_00416d20
00437244	DAT_00437244	READ	0040c296	
00437244	DAT_00437244	READ	0040c429	
00437244	DAT_00437244	READ	0040c9ab	
00437244	DAT_00437244	READ	0040d061	
00437244	DAT_00437244	READ	00425b86	
00437244	DAT_00437244	READ	00426e28	
00437244	DAT_00437244	READ	004276d6	
00437244	DAT_00437244	READ	00427716	
00437244	DAT_00437244	READ	00427756	
00437244	DAT_00437244	READ	00427796	
00437244	DAT_00437244	READ	004277d6	
00437244	DAT_00437244	READ	00427816	
00437244	DAT_00437244	READ	00427856	
00437244	DAT_00437244	READ	00427896	
00437244	DAT_00437244	READ	004278d6	
00437244	DAT_00437244	READ	00427916	
00437244	DAT_00437244	READ	00427956	
00437244	DAT_00437244	READ	004279a6	
00437244	DAT_00437244	READ	004279e6	
00437244	DAT_00437244	READ	00427a26	
00437244	DAT_00437244	READ	00427a66	
00437244	DAT_00437244	READ	0042b296	
00437244	DAT_00437244	READ	0042b4e6	
00437244	DAT_00437244	READ	0042ba66	
00437244	DAT_00437244	READ	0042baf7	
00437244	DAT_00437244	READ	0042bc56	
00437244	DAT_00437244	READ	0042bca7	
00437244	DAT_00437244	READ	0042bd36	
00437244	DAT_00437244	READ	0042bd86	
00437244	DAT_00437244	READ	0042bdd6	
00437244	DAT_00437244	READ	0042be26	
00437244	DAT_00437244	READ	0042be76	
00437244	DAT_00437244	READ	0042beb6	
00437244	DAT_00437244	READ	0042bef6	
00437244	DAT_00437244	READ	0042bf36	
00437244	DAT_00437244	READ	0042bf76	
00437244	DAT_00437244	READ	0042c9f6	
00437244	DAT_00437244	READ	004307b8	
00437244	DAT_00437244	READ	00430586	FUN_00430580
00437244	DAT_00437244	READ	004164ff	FUN_004164e0
00437244	DAT_00437244	READ	004165f8	FUN_004164e0
00437244	DAT_00437244	READ	0041a732	FUN_0041a6f0
00437244	DAT_00437244	READ	0041a758	FUN_0041a6f0
00437244	DAT_00437244	READ	0040cd31	
00437244	DAT_00437244	READ	0040cdf0	
00437244	DAT_00437244	READ	004224c5	
00437244	DAT_00437244	READ	00422718	
00437244	DAT_00437244	READ	00422bab	
00437244	DAT_00437244	READ	00422bfb	
00437244	DAT_00437244	READ	00422c7b	
00437244	DAT_00437244	READ	00422cdc	
00437244	DAT_00437244	READ	00422d3c	
00437244	DAT_00437244	READ	00422d9c	
00437244	DAT_00437244	READ	004237b6	
00437244	DAT_00437244	READ	00423816	
00437244	DAT_00437244	READ	00423876	
00437244	DAT_00437244	READ	00423a07	
00437244	DAT_00437244	READ	00423aa6	FUN_00423aa0
00437244	DAT_00437244	READ	00423b86	
00437244	DAT_00437244	READ	00423bc6	FUN_00423bc0
00437244	DAT_00437244	READ	00423ca6	
00437244	DAT_00437244	READ	00423ce6	FUN_00423ce0
00437244	DAT_00437244	READ	00423dc6	
00437244	DAT_00437244	READ	00423e06	FUN_00423e00
00437244	DAT_00437244	READ	00423ed6	
00437244	DAT_00437244	READ	00423f1a	
00437244	DAT_00437244	READ	00423f76	FUN_00423f70
00437244	DAT_00437244	READ	00423fd6	
00437244	DAT_00437244	READ	00424016	FUN_00424010
00437244	DAT_00437244	READ	00424076	
00437244	DAT_00437244	READ	004240bb	
00437244	DAT_00437244	READ	00424106	FUN_00424100
00437244	DAT_00437244	READ	00424166	
00437244	DAT_00437244	READ	004241a6	FUN_004241a0
00437244	DAT_00437244	READ	00424206	
00437244	DAT_00437244	READ	00424246	FUN_00424240
00437244	DAT_00437244	READ	004242a6	
00437244	DAT_00437244	READ	004242e6	FUN_004242e0
00437244	DAT_00437244	READ	00424346	
00437244	DAT_00437244	READ	00424396	
00437244	DAT_00437244	READ	004243f6	
00437244	DAT_00437244	READ	0042444c	
00437244	DAT_00437244	READ	004244cf	
00437244	DAT_00437244	READ	004245d8	
00437244	DAT_00437244	READ	004246a6	
00437244	DAT_00437244	READ	00424838	
00437244	DAT_00437244	READ	004248cc	
00437244	DAT_00437244	READ	00424945	
00437244	DAT_00437244	READ	00424a75	
00437244	DAT_00437244	READ	00424b05	
0043724c	DAT_0043724c	WRITE	00409753	entry
0043724c	DAT_0043724c	READ	00404171	FUN_004040e0
0043724c	DAT_0043724c	READ	00409db6	FUN_00409da0
00437250	DAT_00437250	WRITE	00409276	FUN_00409250
00437250	DAT_00437250	READ	0040a670	FUN_0040a610
00437250	DAT_00437250	READ	0040a701	FUN_0040a610
00437250	DAT_00437250	WRITE	0040afff	FUN_0040ae30
00437250	DAT_00437250	READ	00426e82	
00437250	DAT_00437250	READ	0042bcf9	
00437250	DAT_00437250	READ	0042be0a	
00437250	DAT_00437250	READ	00430964	
00437250	DAT_00437250	READ	00422c51	
00437254	DAT_00437254	WRITE	0040990e	entry
00437254	DAT_00437254	READ	00409939	entry
00437254	DAT_00437254	READ	00414fe6	FUN_00414fd0
00437254	DAT_00437254	READ	0041501a	FUN_00414fd0
00437254	DAT_00437254	READ	004150c8	FUN_00414fd0
00437254	DAT_00437254	READ	004150fb	FUN_00414fd0
00437254	DAT_00437254	READ	0041515e	FUN_00414fd0
00437254	DAT_00437254	READ	00415208	FUN_00414fd0
00437254	DAT_00437254	READ	00415261	FUN_00414fd0
00437254	DAT_00437254	READ	00415386	FUN_00414fd0
00437254	DAT_00437254	READ	0041540e	FUN_00414fd0
00437254	DAT_00437254	READ	0041544c	FUN_00414fd0
00437254	DAT_00437254	READ	004154d1	FUN_00414fd0
00437254	DAT_00437254	READ	00415549	FUN_00414fd0
00437254	DAT_00437254	READ	00414510	FUN_00414510
00437254	DAT_00437254	READ	0042522b	
00437258	DAT_00437258	WRITE	00409917	entry
0043725c	DAT_0043725c	WRITE	00409212	FUN_004091c0
0043725c	DAT_0043725c	WRITE	0040921d	FUN_004091c0
0043725c	DAT_0043725c	WRITE	00409228	FUN_004091c0
0043725c	DAT_0043725c	READ	00414ec7	FUN_00414eb0
00437260	DAT_00437260	WRITE	004091f4	FUN_004091c0
00437260	DAT_00437260	READ	0042c103	
00437260	DAT_00437260	READ	004065ea	FUN_004065a0
00437260	DAT_00437260	READ	0040670a	FUN_004066c0
00437260	DAT_00437260	READ	00406773	FUN_00406760
00437260	DAT_00437260	WRITE	004250ab	
00437264	DAT_00437264	WRITE	0041508a	FUN_00414fd0
00437264	DAT_00437264	READ	00414f8f	FUN_00414eb0
00437264	DAT_00437264	READ	00414f9c	FUN_00414eb0
00437264	DAT_00437264	WRITE	00414fa3	FUN_00414eb0
00437264	DAT_00437264	WRITE	00425230	
00437268	DAT_00437268	WRITE	004092f9	entry
00437268	DAT_00437268	READ	0040957a	entry
00437268	DAT_00437268	READ	004096d2	entry
00437268	DAT_00437268	READ	004096eb	entry
00437268	DAT_00437268	READ	00409714	entry
00437268	DAT_00437268	READ	004098fc	entry
00437268	DAT_00437268	READ	0040a85e	FUN_0040a790
00437268	DAT_00437268	READ	0040a8c7	FUN_0040a790
00437268	DAT_00437268	READ	0040aa11	FUN_0040a790
00437268	DAT_00437268	READ	00415caf	FUN_00415be0
00437268	DAT_00437268	READ	004162f8	FUN_00416180
00437268	DAT_00437268	READ	0042fabd	
00437268	DAT_00437268	READ	00401580	FUN_00401420
00437268	DAT_00437268	READ	004013cb	FUN_00401390
0043726c	DAT_0043726c	WRITE	00409451	entry
0043726c	DAT_0043726c	READ	004099ec	FUN_004099e0
00437270	DAT_00437270	READ	004099a6	entry
00437270	DAT_00437270	READ	0042ad93	
00437270	DAT_00437270	WRITE	004223f0	
00437270	DAT_00437270	WRITE	0042240b	
00437274	DAT_00437274	WRITE	004097ca	entry
00437274	DAT_00437274	READ	004099e0	FUN_004099e0
00437274	DAT_00437274	READ	0041a355	FUN_0041a1b0
00437274	DAT_00437274	READ	00408c37	FUN_00408c20
00437274	DAT_00437274	READ	0040c7c2	
00437274	DAT_00437274	READ	00421cfa	
00437274	DAT_00437274	READ	00421d2e	
00437278	DAT_00437278	WRITE	00409766	entry
00437278	DAT_00437278	READ	0040976e	entry
00437278	DAT_00437278	READ	0040977e	entry
00437278	DAT_00437278	READ	00409789	entry
00437278	DAT_00437278	READ	004097b9	entry
00437280	DAT_00437280	WRITE	0040946f	entry
00437280	DAT_00437280	READ	00409a0a	FUN_004099e0
00437280	DAT_00437280	WRITE	0040c229	FUN_0040c1d0
00437280	DAT_00437280	READ	0042567b	
00437284	DAT_00437284	WRITE	0040994c	entry
00437284	DAT_00437284	WRITE	0040995d	entry
00437284	DAT_00437284	READ	00414f22	FUN_00414eb0
00437288	DAT_00437288	WRITE	00409464	entry
00437288	DAT_00437288	READ	00417d40	FUN_00417d40
00437290	DAT_00437290	WRITE	00409483	entry
00437290	DAT_00437290	READ	0040a70c	FUN_0040a610
00437290	DAT_00437290	WRITE	0040b136	FUN_0040b090
00437290	DAT_00437290	WRITE	0041c794	
00437298	lpRect_00437298	READ	0040b195	FUN_0040b090
00437298	lpRect_00437298	DATA	0040b14d	FUN_0040b090
0043729c	DAT_0043729c	READ	0040b19b	FUN_0040b090
004372a0	DAT_004372a0	READ	0040b190	FUN_0040b090
004372a4	DAT_004372a4	READ	0040b17a	FUN_0040b090
004372a4	DAT_004372a4	WRITE	0040b182	FUN_0040b090
004372a4	DAT_004372a4	READ	0040b18a	FUN_0040b090
004372a8	DAT_004372a8	WRITE	00409492	entry
004372a8	DAT_004372a8	READ	0040a724	FUN_0040a610
004372a8	DAT_004372a8	WRITE	0040b146	FUN_0040b090
004372a8	DAT_004372a8	WRITE	0041c7a9	
004372b0	param_1_004372b0	WRITE	0040be18	FUN_0040ba30
004372b0	param_1_004372b0	DATA	0040be65	FUN_0040ba30
004372b0	param_1_004372b0	DATA	0040c317	
004372b4	DAT_004372b4	WRITE	0040be22	FUN_0040ba30
004372bc	DAT_004372bc	WRITE	0040be2e	FUN_0040ba30
004372bc	DAT_004372bc	WRITE	0040be3a	FUN_0040ba30
004372bc	DAT_004372bc	READ	0040be4d	FUN_0040ba30
004372bc	DAT_004372bc	WRITE	0040be54	FUN_0040ba30
004372bc	DAT_004372bc	READ	0040bf4b	FUN_0040ba30
004372bc	DAT_004372bc	READ	0040c350	
004372bc	DAT_004372bc	READ	0040c3b0	
004372c0	DAT_004372c0	WRITE	0040be6a	FUN_0040ba30
004372c0	DAT_004372c0	READ	0040c3b6	
004372c0	DAT_004372c0	READ	0040c3e5	
004372c8	DAT_004372c8	WRITE	0040be70	FUN_0040ba30
004372cc	DAT_004372cc	WRITE	0040be79	FUN_0040ba30
004372cc	DAT_004372cc	READ	0040c323	
004372d8	DAT_004372d8	READ	0040a9d7	FUN_0040a790
004372d8	DAT_004372d8	DATA	0040b1f5	FUN_0040b1f0
004372d8	DAT_004372d8	DATA	0040b210	FUN_0040b1f0
004372d8	DAT_004372d8	DATA	0040b220	FUN_0040b1f0
004372d8	DAT_004372d8	READ	004252f1	
004372d8	DAT_004372d8	DATA	0040a5e0	FUN_0040a5e0
004372d8	DAT_004372d8	DATA	0040a600	
004372dc	DAT_004372dc	WRITE	0040aa1a	FUN_0040a790
004372dc	DAT_004372dc	READ	0040aa2c	FUN_0040a790
004372e0	DAT_004372e0	READ	0040a8f1	FUN_0040a790
004372e0	DAT_004372e0	READ	0040b329	FUN_0040b320
004372e0	DAT_004372e0	DATA	0040a7dc	FUN_0040a790
004372e0	DAT_004372e0	DATA	0040a94e	FUN_0040a790
004372e0	DAT_004372e0	DATA	0040b345	FUN_0040b340
004372e0	DAT_004372e0	DATA	0040b357	FUN_0040b340
004372e0	DAT_004372e0	DATA	0040b367	FUN_0040b340
004372e0	DAT_004372e0	DATA	0040b376	FUN_0040b340
004372e0	DAT_004372e0	READ	004252d9	
004372e0	DAT_004372e0	DATA	0040a5a0	FUN_0040a5a0
004372e0	DAT_004372e0	DATA	0040a5c0	
004372e4	DAT_004372e4	WRITE	0040aa27	FUN_0040a790
004372e4	DAT_004372e4	READ	00424e94	FUN_00424db0
004372e4	DAT_004372e4	READ	00424ec0	FUN_00424db0
004372e4	DAT_004372e4	READ	00424d63	
004372e8	DAT_004372e8	WRITE	0040aec4	FUN_0040ae30
004372e8	DAT_004372e8	WRITE	0040afa3	FUN_0040ae30
004372e8	DAT_004372e8	WRITE	0040b027	FUN_0040ae30
004372e8	DAT_004372e8	WRITE	0040ad13	FUN_0040ad10
004372e8	DAT_004372e8	WRITE	0040ae06	FUN_0040ad10
004372e8	DAT_004372e8	READ	0040c4c5	
004372e8	DAT_004372e8	READ	0040c4fb	
004372e8	DAT_004372e8	READ	0040cff3	
004372e9	DAT_004372e9	WRITE	0040c4e1	
004372e9	DAT_004372e9	READ	00425650	
004372ea	DAT_004372ea	READ	004092b0	FUN_004092b0
004372ea	DAT_004372ea	READ	0040b0e1	FUN_0040b090
004372ea	DAT_004372ea	READ	0040b074	FUN_0040b070
004372ea	DAT_004372ea	READ	0040ae30	FUN_0040ae30
004372ea	DAT_004372ea	READ	0040ae5f	FUN_0040ae30
004372ea	DAT_004372ea	WRITE	0040b02f	FUN_0040ae30
004372ea	DAT_004372ea	READ	0040ad25	FUN_0040ad10
004372ea	DAT_004372ea	READ	0040ad6e	FUN_0040ad10
004372ea	DAT_004372ea	WRITE	0040ad7c	FUN_0040ad10
004372ea	DAT_004372ea	READ	00418a8e	FUN_00418a80
004372ea	DAT_004372ea	READ	00418b0a	FUN_00418a80
004372ea	DAT_004372ea	READ	0041aa25	FUN_0041aa00
004372ea	DAT_004372ea	READ	0041aa53	FUN_0041aa00
004372ea	DAT_004372ea	READ	0041a2bd	FUN_0041a1b0
004372ea	DAT_004372ea	READ	0041a2ea	FUN_0041a1b0
004372ea	DAT_004372ea	READ	004255df	FUN_00425410
004372ea	DAT_004372ea	READ	0040b60a	FUN_0040b4f0
004372ea	DAT_004372ea	READ	00418941	FUN_00418890
004372ea	DAT_004372ea	READ	00427990	
004372ea	DAT_004372ea	READ	0042a328	FUN_0042a220
004372ea	DAT_004372ea	READ	0042fad0	
004372ea	DAT_004372ea	READ	00430117	
004372ea	DAT_004372ea	READ	0040c5e8	
004372ea	DAT_004372ea	READ	00424dea	FUN_00424db0
004372ea	DAT_004372ea	READ	00424e8b	FUN_00424db0
004372ea	DAT_004372ea	READ	00424eb7	FUN_00424db0
004372ea	DAT_004372ea	READ	0040d01b	
004372ea	DAT_004372ea	READ	0041c74f	
004372ea	DAT_004372ea	READ	00424b30	
004372ea	DAT_004372ea	READ	00424ca7	
004372ea	DAT_004372ea	READ	00424d4d	
004372ec	DAT_004372ec	WRITE	0040ae77	FUN_0040ae30
004372ec	DAT_004372ec	READ	0040ad95	FUN_0040ad10
004372ec	DAT_004372ec	READ	0040ade4	FUN_0040ad10
004372f0	DAT_004372f0	READ	0040af60	FUN_0040ae30
004372f0	DAT_004372f0	READ	0040ab1d	FUN_0040aaf0
004372f0	DAT_004372f0	READ	0040aba1	FUN_0040aaf0
004372f0	DAT_004372f0	READ	0040abd2	FUN_0040aaf0
004372f0	DAT_004372f0	WRITE	0040abd8	FUN_0040aaf0
004372f0	DAT_004372f0	READ	0040abdd	FUN_0040aaf0
004372f0	DAT_004372f0	READ	0040abec	FUN_0040aaf0
004372f0	DAT_004372f0	READ	0040ac12	FUN_0040ac10
004372f0	DAT_004372f0	READ	004308e8	
004372f0	DAT_004372f0	READ	004309a6	
004372f4	DAT_004372f4	READ	0040aeff	FUN_0040ae30
004372f4	DAT_004372f4	READ	0040af59	FUN_0040ae30
004372f4	DAT_004372f4	WRITE	0040ab18	FUN_0040aaf0
004372f4	DAT_004372f4	READ	0040aba7	FUN_0040aaf0
004372f4	DAT_004372f4	READ	0040abf2	FUN_0040aaf0
004372f4	DAT_004372f4	READ	0040ac6b	FUN_0040ac10
004372f4	DAT_004372f4	READ	004308fe	
004372f8	DAT_004372f8	READ	0040aaf0	FUN_0040aaf0
004372f8	DAT_004372f8	WRITE	0040ab0c	FUN_0040aaf0
004372fc	DAT_004372fc	READ	0040aebb	FUN_0040ae30
004372fc	DAT_004372fc	READ	0040aede	FUN_0040ae30
004372fc	DAT_004372fc	READ	004255e8	FUN_00425410
004372fc	DAT_004372fc	WRITE	00425600	FUN_00425410
00437300	DAT_00437300	READ	0040aeb5	FUN_0040ae30
00437300	DAT_00437300	READ	0040aed9	FUN_0040ae30
00437300	DAT_00437300	READ	004255f0	FUN_00425410
00437300	DAT_00437300	WRITE	00425606	FUN_00425410
00437304	DAT_00437304	READ	0040aeb0	FUN_0040ae30
00437304	DAT_00437304	READ	004255f8	FUN_00425410
00437304	DAT_00437304	WRITE	0042560c	FUN_00425410
00437308	DAT_00437308	READ	0040927b	FUN_00409250
00437308	DAT_00437308	READ	00409296	FUN_00409250
00437308	DAT_00437308	WRITE	0040a910	FUN_0040a790
00437308	DAT_00437308	READ	0040a934	FUN_0040a790
00437308	DAT_00437308	READ	0040a9ca	FUN_0040a790
00437308	DAT_00437308	READ	0040a9dd	FUN_0040a790
00437308	DAT_00437308	READ	0040b112	FUN_0040b090
00437308	DAT_00437308	READ	0041b57b	FUN_0041b2e0
00437308	DAT_00437308	READ	0041b5ec	FUN_0041b2e0
00437308	DAT_00437308	READ	0041b5fc	FUN_0041b2e0
00437308	DAT_00437308	READ	0041b615	FUN_0041b2e0
00437308	DAT_00437308	READ	0040ae6b	FUN_0040ae30
00437308	DAT_00437308	READ	0040ae7c	FUN_0040ae30
00437308	DAT_00437308	READ	0040ae96	FUN_0040ae30
00437308	DAT_00437308	READ	0040aff2	FUN_0040ae30
00437308	DAT_00437308	READ	0040ad3d	FUN_0040ad10
00437308	DAT_00437308	READ	0040ad5d	FUN_0040ad10
00437308	DAT_00437308	READ	0040add5	FUN_0040ad10
00437308	DAT_00437308	READ	0040aded	FUN_0040ad10
00437308	DAT_00437308	READ	0040a76b	FUN_0040a750
00437308	DAT_00437308	READ	0040a779	FUN_0040a750
00437308	DAT_00437308	READ	0040b245	FUN_0040b230
00437308	DAT_00437308	READ	0040b29b	FUN_0040b230
00437308	DAT_00437308	READ	0040b302	FUN_0040b230
00437308	DAT_00437308	READ	00418b7f	FUN_00418a80
00437308	DAT_00437308	READ	00418b8f	FUN_00418a80
00437308	DAT_00437308	READ	0041a33e	FUN_0041a1b0
00437308	DAT_00437308	READ	0041a6a1	FUN_0041a1b0
00437308	DAT_00437308	READ	0040b361	FUN_0040b340
00437308	DAT_00437308	READ	00428543	FUN_004284f0
00437308	DAT_00437308	READ	0042cc85	FUN_0042cc10
00437308	DAT_00437308	READ	00421671	FUN_004214a0
00437308	DAT_00437308	READ	0040be13	FUN_0040ba30
00437308	DAT_00437308	READ	004188ab	FUN_00418890
00437308	DAT_00437308	READ	004188c0	FUN_00418890
00437308	DAT_00437308	READ	00415bb3	FUN_00415ba0
00437308	DAT_00437308	READ	00415bc3	FUN_00415ba0
00437308	DAT_00437308	READ	0043087f	
00437308	DAT_00437308	READ	0043089f	
00437308	DAT_00437308	READ	0040c1d0	FUN_0040c1d0
00437308	DAT_00437308	READ	0040c1e8	FUN_0040c1d0
00437308	DAT_00437308	READ	004166a6	FUN_004164e0
00437308	DAT_00437308	READ	0040c612	
00437308	DAT_00437308	READ	0040c682	
00437308	DAT_00437308	READ	0040c691	
00437308	DAT_00437308	READ	0041c762	
00437308	DAT_00437308	READ	0041c7b3	
00437308	DAT_00437308	READ	0041c7f3	
00437308	DAT_00437308	READ	00421c78	
00437308	DAT_00437308	READ	00421cac	
00437308	DAT_00437308	READ	00421fa0	
00437308	DAT_00437308	READ	00417148	FUN_00417120
00437308	DAT_00437308	READ	00423930	
00437308	DAT_00437308	READ	0042393e	
00437308	DAT_00437308	READ	004239b0	
00437308	DAT_00437308	READ	00425659	
00437308	DAT_00437308	READ	00425667	
0043730c	DAT_0043730c	READ	0040a750	FUN_0040a750
0043730c	DAT_0043730c	WRITE	0040a75f	FUN_0040a750
0043730c	DAT_0043730c	READ	0041aa0f	FUN_0041aa00
0043730c	DAT_0043730c	READ	0041a207	FUN_0041a1b0
0043730c	DAT_0043730c	READ	00421c9f	
0043730c	DAT_0043730c	READ	00421f95	
0043730c	DAT_0043730c	READ	0041713f	FUN_00417120
0043730c	DAT_0043730c	WRITE	00417150	FUN_00417120
0043730c	DAT_0043730c	READ	00423910	
0043730c	DAT_0043730c	WRITE	00423924	
0043730c	DAT_0043730c	READ	00423990	
0043730c	DAT_0043730c	WRITE	004239a4	
0043730c	DAT_0043730c	READ	004253f8	
00437310	DAT_00437310	WRITE	0040a9f9	FUN_0040a790
00437310	DAT_00437310	READ	0040a6b8	FUN_0040a610
00437310	DAT_00437310	READ	0040b162	FUN_0040b090
00437310	DAT_00437310	READ	0040b260	FUN_0040b230
00437310	DAT_00437310	READ	0040b2a7	FUN_0040b230
00437310	DAT_00437310	READ	0040b2d3	FUN_0040b230
00437310	DAT_00437310	READ	00418a97	FUN_00418a80
00437310	DAT_00437310	READ	0040b205	FUN_0040b1f0
00437310	DAT_00437310	READ	0040b21a	FUN_0040b1f0
00437310	DAT_00437310	READ	004188da	FUN_00418890
00437314	DAT_00437314	READ	0040a6af	FUN_0040a610
00437314	DAT_00437314	READ	0040b159	FUN_0040b090
00437314	DAT_00437314	WRITE	0040ad9e	FUN_0040ad10
00437314	DAT_00437314	WRITE	0040adc0	FUN_0040ad10
00437314	DAT_00437314	READ	0040b230	FUN_0040b230
00437314	DAT_00437314	WRITE	0040b258	FUN_0040b230
00437314	DAT_00437314	READ	004188d1	FUN_00418890
0043731c	DAT_0043731c	WRITE	0040b0f5	FUN_0040b090
0043731c	DAT_0043731c	WRITE	0040b1a5	FUN_0040b090
0043731c	DAT_0043731c	READ	00418abf	FUN_00418a80
0043731c	DAT_0043731c	READ	00418c06	FUN_00418a80
0043731c	DAT_0043731c	READ	0041ab7c	FUN_0041aa00
00437320	DAT_00437320	WRITE	0040b0fa	FUN_0040b090
00437320	DAT_00437320	READ	0040b103	FUN_0040b090
00437320	DAT_00437320	WRITE	0040b1aa	FUN_0040b090
00437320	DAT_00437320	READ	0040b1b3	FUN_0040b090
00437320	DAT_00437320	READ	00418ac5	FUN_00418a80
00437320	DAT_00437320	READ	00418c20	FUN_00418a80
00437320	DAT_00437320	READ	0041ab39	FUN_0041aa00
00437324	DAT_00437324	READ	00427aa0	
00437324	DAT_00437324	WRITE	00427aa5	
00437324	DAT_00437324	WRITE	00415d0c	FUN_00415be0
00437324	DAT_00437324	WRITE	0040c49a	
00437324	DAT_00437324	WRITE	00416687	FUN_004164e0
00437324	DAT_00437324	WRITE	004238ef	
00437325	DAT_00437325	WRITE	0040b8b0	FUN_0040b4f0
00437325	DAT_00437325	WRITE	0040b52d	FUN_0040b4f0
00437325	DAT_00437325	READ	00426d10	
00437325	DAT_00437325	WRITE	0040c5fa	
00437326	DAT_00437326	WRITE	0040b88d	FUN_0040b4f0
00437326	DAT_00437326	READ	00426d30	
00437326	DAT_00437326	WRITE	00426d35	
00437327	DAT_00437327	WRITE	0040b886	FUN_0040b4f0
00437327	DAT_00437327	READ	00426d50	
00437327	DAT_00437327	WRITE	00426d55	
00437328	DAT_00437328	WRITE	0040b8c6	FUN_0040b4f0
00437328	DAT_00437328	WRITE	0040b536	FUN_0040b4f0
00437328	DAT_00437328	READ	00426d20	
00437328	DAT_00437328	WRITE	0040c601	
00437329	DAT_00437329	WRITE	0040b89d	FUN_0040b4f0
00437329	DAT_00437329	READ	00426d40	
00437329	DAT_00437329	WRITE	00426d45	
0043732a	DAT_0043732a	WRITE	0040b896	FUN_0040b4f0
0043732a	DAT_0043732a	READ	00426d60	
0043732a	DAT_0043732a	WRITE	00426d65	
0043732b	DAT_0043732b	WRITE	0040b920	FUN_0040b4f0
0043732b	DAT_0043732b	WRITE	0041ad11	FUN_0041ad10
0043732b	DAT_0043732b	READ	0041b011	FUN_0041b010
0043732b	DAT_0043732b	WRITE	0041b065	FUN_0041b010
0043732b	DAT_0043732b	WRITE	0040b586	FUN_0040b4f0
0043732b	DAT_0043732b	WRITE	0042502d	
0043732c	DAT_0043732c	WRITE	00422e1d	FUN_00422df0
0043732c	DAT_0043732c	WRITE	004232f1	FUN_00422df0
0043732c	DAT_0043732c	WRITE	0042337d	FUN_00423350
0043732c	DAT_0043732c	WRITE	004235d8	FUN_00423350
0043732c	DAT_0043732c	WRITE	00423435	FUN_00423350
0043732c	DAT_0043732c	WRITE	004234b5	FUN_00423350
0043732c	DAT_0043732c	WRITE	004234e7	FUN_00423350
0043732c	DAT_0043732c	WRITE	00422eab	FUN_00422df0
0043732c	DAT_0043732c	WRITE	00422efb	FUN_00422df0
0043732c	DAT_0043732c	WRITE	00422f44	FUN_00422df0
0043732c	DAT_0043732c	WRITE	00422f8f	FUN_00422df0
0043732c	DAT_0043732c	WRITE	00422fda	FUN_00422df0
0043732c	DAT_0043732c	WRITE	00423025	FUN_00422df0
0043732c	DAT_0043732c	WRITE	00423161	FUN_00422df0
0043732c	DAT_0043732c	WRITE	004230d0	FUN_00422df0
0043732c	DAT_0043732c	WRITE	00423228	FUN_00422df0
0043732c	DAT_0043732c	WRITE	00423253	FUN_00422df0
0043732c	DAT_0043732c	WRITE	00416d61	FUN_00416d20
0043732c	DAT_0043732c	WRITE	00416e43	FUN_00416d20
0043732c	DAT_0043732c	READ	0040cc96	
0043732c	DAT_0043732c	WRITE	00422774	
0043732c	DAT_0043732c	WRITE	00422b02	
0043732c	DAT_0043732c	WRITE	00423f57	
0043732c	DAT_0043732c	WRITE	00423f67	
0043732c	DAT_0043732c	WRITE	00423e50	FUN_00423e00
0043732c	DAT_0043732c	WRITE	00423e7e	FUN_00423e00
0043732c	DAT_0043732c	WRITE	00423d47	FUN_00423ce0
0043732c	DAT_0043732c	WRITE	00423d75	FUN_00423ce0
00437330	DAT_00437330	READ	0040bddf	FUN_0040ba30
00437330	DAT_00437330	WRITE	0040bdf2	FUN_0040ba30
00437330	DAT_00437330	READ	0040be59	FUN_0040ba30
00437330	DAT_00437330	READ	0040bf1e	FUN_0040ba30
00437330	DAT_00437330	READ	0040bf50	FUN_0040ba30
00437330	DAT_00437330	READ	0040bf84	FUN_0040ba30
00437334	DAT_00437334	READ	0040be27	FUN_0040ba30
00437334	DAT_00437334	WRITE	0040c36a	
00437335	DAT_00437335	READ	0040be44	FUN_0040ba30
00437335	DAT_00437335	WRITE	0040c370	
00437338	DAT_00437338	READ	0041b209	FUN_0041b130
00437338	DAT_00437338	READ	0040bdb2	FUN_0040ba30
00437338	DAT_00437338	WRITE	0040be86	FUN_0040ba30
00437338	DAT_00437338	WRITE	0040c378	
00437338	DAT_00437338	READ	0040c38a	
0043733c	DAT_0043733c	READ	0040bdfa	FUN_0040ba30
0043733c	DAT_0043733c	WRITE	0040be0e	FUN_0040ba30
0043733c	DAT_0043733c	READ	0040c301	
00437340	DAT_00437340	WRITE	0040d327	FUN_0040d2f0
00437340	DAT_00437340	READ	0040d414	FUN_0040d410
00437340	DAT_00437340	READ	0040d4a4	FUN_0040d470
00437340	DAT_00437340	READ	0040d884	FUN_0040d870
00437340	DAT_00437340	READ	0040d97e	FUN_0040d940
00437344	DAT_00437344	READ	0040d2f0	FUN_0040d2f0
00437344	DAT_00437344	WRITE	0040d30d	FUN_0040d2f0
00437344	DAT_00437344	READ	0040d340	FUN_0040d340
00437344	DAT_00437344	WRITE	0040d357	FUN_0040d340
00437344	DAT_00437344	READ	0040d3dc	FUN_0040d3a0
00437344	DAT_00437344	READ	0040d425	FUN_0040d410
00437344	DAT_00437344	READ	0040d56a	FUN_0040d470
00437344	DAT_00437344	READ	0040d5c4	FUN_0040d470
00437344	DAT_00437344	READ	0040d5da	FUN_0040d470
00437348	DAT_00437348	WRITE	0040d336	FUN_0040d2f0
00437348	DAT_00437348	WRITE	0040d345	FUN_0040d340
00437348	DAT_00437348	READ	0040c240	
0043734c	DAT_0043734c	READ	0040d732	FUN_0040d6d0
0043734c	DAT_0043734c	WRITE	0040d73b	FUN_0040d6d0
0043734c	DAT_0043734c	READ	0040d84d	FUN_0040d7a0
0043734c	DAT_0043734c	WRITE	0040d85b	FUN_0040d7a0
0043734c	DAT_0043734c	WRITE	0040d8fe	FUN_0040d870
0043734c	DAT_0043734c	READ	0040d940	FUN_0040d940
0043734c	DAT_0043734c	WRITE	0040d94d	FUN_0040d940
00437350	DAT_00437350	READ	0040d6d1	FUN_0040d6d0
00437350	DAT_00437350	READ	0040d6ef	FUN_0040d6d0
00437350	DAT_00437350	WRITE	0040d745	FUN_0040d6d0
00437350	DAT_00437350	READ	0040d82b	FUN_0040d7a0
00437350	DAT_00437350	READ	0040d833	FUN_0040d7a0
00437350	DAT_00437350	WRITE	0040d840	FUN_0040d7a0
00437350	DAT_00437350	READ	0040d925	FUN_0040d870
00437350	DAT_00437350	WRITE	0040d92d	FUN_0040d870
00437350	DAT_00437350	WRITE	0040d96c	FUN_0040d940
00437354	DAT_00437354	READ	00430bc5	FUN_00430bc5
00437358	DAT_00437358	WRITE	004329b4	__set_errno
00437358	DAT_00437358	WRITE	004329bf	__set_errno
0043735c	DAT_0043735c	READ	00430a46	
00437360	DAT_00437360	READ_WRITE	0040dfd9	FUN_0040de20
00437360	DAT_00437360	READ_WRITE	0040e185	FUN_0040de20
00437360	DAT_00437360	READ	00411e9c	FUN_00411d37
00437360	DAT_00437360	READ	00411eb6	FUN_00411d37
00437364	DAT_00437364	READ_WRITE	0040e0cd	FUN_0040de20
00437364	DAT_00437364	READ_WRITE	0040e1df	FUN_0040de20
00437364	DAT_00437364	READ	00410f35	FUN_00410d31
00437364	DAT_00437364	READ	00410f52	FUN_00410d31
00437368	DAT_00437368	READ_WRITE	0040df93	FUN_0040de20
00437368	DAT_00437368	READ_WRITE	0040e20c	FUN_0040de20
00437368	DAT_00437368	READ	00410b76	FUN_00410a52
00437368	DAT_00437368	READ	00410b90	FUN_00410a52
0043736c	DAT_0043736c	READ_WRITE	0040dec1	FUN_0040de20
0043736c	DAT_0043736c	READ_WRITE	0040e239	FUN_0040de20
0043736c	DAT_0043736c	READ	00411a64	FUN_004118c0
0043736c	DAT_0043736c	READ	00411a7e	FUN_004118c0
00437370	DAT_00437370	READ_WRITE	0040df07	FUN_0040de20
00437370	DAT_00437370	READ_WRITE	0040e2ed	FUN_0040de20
00437370	DAT_00437370	READ	00411c54	FUN_00411b79
00437370	DAT_00437370	READ	00411c6e	FUN_00411b79
00437374	DAT_00437374	READ_WRITE	0040e087	FUN_0040de20
00437374	DAT_00437374	READ_WRITE	0040e266	FUN_0040de20
00437374	DAT_00437374	READ	0041374f	FUN_00413593
00437374	DAT_00437374	READ	00413769	FUN_00413593
00437378	DAT_00437378	READ_WRITE	0040df4d	FUN_0040de20
00437378	DAT_00437378	READ_WRITE	0040e2c0	FUN_0040de20
00437378	DAT_00437378	READ	00413b3a	FUN_00413a07
00437378	DAT_00437378	READ	00413b54	FUN_00413a07
0043737c	DAT_0043737c	READ_WRITE	0040e01f	FUN_0040de20
0043737c	DAT_0043737c	READ_WRITE	0040e293	FUN_0040de20
0043737c	DAT_0043737c	READ	00413ddc	FUN_00413d0c
0043737c	DAT_0043737c	READ	00413df6	FUN_00413d0c
0043737c	DAT_0043737c	READ	00411072	FUN_00410d31
0043737c	DAT_0043737c	READ	0041108f	FUN_00410d31
0043737c	DAT_0043737c	READ	0041111b	FUN_00410d31
0043737c	DAT_0043737c	READ	0041113e	FUN_00410d31
0043737c	DAT_0043737c	READ	0041210f	FUN_00411d37
0043737c	DAT_0043737c	READ	0041212c	FUN_00411d37
0043737c	DAT_0043737c	READ	004121be	FUN_00411d37
0043737c	DAT_0043737c	READ	004121db	FUN_00411d37
0043737c	DAT_0043737c	READ	0041226d	FUN_00411d37
0043737c	DAT_0043737c	READ	0041228a	FUN_00411d37
0043737c	DAT_0043737c	READ	0041231c	FUN_00411d37
0043737c	DAT_0043737c	READ	00412339	FUN_00411d37
0043737c	DAT_0043737c	READ	004123cb	FUN_00411d37
0043737c	DAT_0043737c	READ	004123e8	FUN_00411d37
00437380	DAT_00437380	READ_WRITE	0040e128	FUN_0040de20
00437380	DAT_00437380	READ_WRITE	0040e1b2	FUN_0040de20
00437380	DAT_00437380	READ	00413fa6	FUN_00413e87
00437380	DAT_00437380	READ	00413fca	FUN_00413e87
00437384	DAT_00437384	READ_WRITE	0040e0e3	FUN_0040de20
00437384	DAT_00437384	READ_WRITE	0040e316	FUN_0040de20
00437384	DAT_00437384	READ	00410b8a	FUN_00410a52
00437384	DAT_00437384	READ	00410f4c	FUN_00410d31
00437384	DAT_00437384	READ	00411a78	FUN_004118c0
00437384	DAT_00437384	READ	00411c68	FUN_00411b79
00437384	DAT_00437384	READ	00413763	FUN_00413593
00437384	DAT_00437384	READ	00413b4e	FUN_00413a07
00437384	DAT_00437384	READ	00413df0	FUN_00413d0c
00437384	DAT_00437384	READ	00413fc0	FUN_00413e87
00437384	DAT_00437384	READ	00411089	FUN_00410d31
00437384	DAT_00437384	READ	00411138	FUN_00410d31
00437384	DAT_00437384	READ	00411eb0	FUN_00411d37
00437384	DAT_00437384	READ	00412126	FUN_00411d37
00437384	DAT_00437384	READ	004121d5	FUN_00411d37
00437384	DAT_00437384	READ	00412284	FUN_00411d37
00437384	DAT_00437384	READ	00412333	FUN_00411d37
00437384	DAT_00437384	READ	004123e2	FUN_00411d37
00437388	DAT_00437388	WRITE	00411d17	FUN_00411d12
00437388	DAT_00437388	READ	00411d22	FUN_00411d12
0043738c	DAT_0043738c	READ	0040dbb1	FUN_0040db61
0043738c	DAT_0043738c	READ	0040dc39	FUN_0040db61
0043738c	DAT_0043738c	READ	0040dd97	FUN_0040db61
0043738c	DAT_0043738c	READ	0040ddb3	FUN_0040db61
0043738c	DAT_0043738c	READ	00410b58	FUN_00410a52
0043738c	DAT_0043738c	READ	00410f17	FUN_00410d31
0043738c	DAT_0043738c	READ	00411a46	FUN_004118c0
0043738c	DAT_0043738c	READ	00411c3a	FUN_00411b79
0043738c	DAT_0043738c	READ	00413731	FUN_00413593
0043738c	DAT_0043738c	READ	00413b1c	FUN_00413a07
0043738c	DAT_0043738c	READ	00413dbe	FUN_00413d0c
0043738c	DAT_0043738c	READ	00413f88	FUN_00413e87
0043738c	DAT_0043738c	WRITE	004154ed	FUN_00414fd0
0043738c	DAT_0043738c	READ	004154fd	FUN_00414fd0
0043738c	DAT_0043738c	READ	00415516	FUN_00414fd0
0043738c	DAT_0043738c	READ	00415536	FUN_00414fd0
0043738c	DAT_0043738c	READ	00414b99	FUN_00414b90
0043738c	DAT_0043738c	READ	00411054	FUN_00410d31
0043738c	DAT_0043738c	READ	004110fd	FUN_00410d31
0043738c	DAT_0043738c	READ	00411e7e	FUN_00411d37
0043738c	DAT_0043738c	READ	004120f1	FUN_00411d37
0043738c	DAT_0043738c	READ	004121a0	FUN_00411d37
0043738c	DAT_0043738c	READ	0041224f	FUN_00411d37
0043738c	DAT_0043738c	READ	004122fe	FUN_00411d37
0043738c	DAT_0043738c	READ	004123ad	FUN_00411d37
0043738c	DAT_0043738c	READ	00412431	FUN_00411d37
0043738c	DAT_0043738c	READ	004124ab	FUN_00411d37
0043738c	DAT_0043738c	READ	00412520	FUN_00411d37
0043738c	DAT_0043738c	READ	0040ea29	
0043738c	DAT_0043738c	READ	0040eac9	
0043738c	DAT_0043738c	READ	0040eb69	
0043738c	DAT_0043738c	READ	0040ec09	
0043738c	DAT_0043738c	READ	0040ecb9	
0043738c	DAT_0043738c	READ	0040ed59	
0043738c	DAT_0043738c	READ	0040edf9	
0043738c	DAT_0043738c	READ	0040eebe	
0043738c	DAT_0043738c	READ	0040f00d	
0043738c	DAT_0043738c	READ	0040f0de	
0043738c	DAT_0043738c	READ	0040f178	
0043738c	DAT_0043738c	READ	0040f212	
0043738c	DAT_0043738c	READ	0040f2ac	
0043738c	DAT_0043738c	READ	0040f346	
0043738c	DAT_0043738c	READ	0040f3e3	
0043738c	DAT_0043738c	READ	0040f46f	
0043738c	DAT_0043738c	READ	0040f4e4	
00437390	DAT_00437390	READ	0040dc0f	FUN_0040db61
00437390	DAT_00437390	READ	00410aff	FUN_00410a52
00437390	DAT_00437390	READ	00410ecc	FUN_00410d31
00437390	DAT_00437390	READ	004119f0	FUN_004118c0
00437390	DAT_00437390	READ	00411bf0	FUN_00411b79
00437390	DAT_00437390	READ	004136e3	FUN_00413593
00437390	DAT_00437390	READ	00413ac3	FUN_00413a07
00437390	DAT_00437390	READ	00413d6c	FUN_00413d0c
00437390	DAT_00437390	READ	00413f4b	FUN_00413e87
00437390	DAT_00437390	WRITE	00415465	FUN_00414fd0
00437390	DAT_00437390	READ	00415475	FUN_00414fd0
00437390	DAT_00437390	READ	00415493	FUN_00414fd0
00437390	DAT_00437390	READ	004154b9	FUN_00414fd0
00437390	DAT_00437390	READ	00411009	FUN_00410d31
00437390	DAT_00437390	READ	004110b8	FUN_00410d31
00437390	DAT_00437390	READ	00411e26	FUN_00411d37
00437390	DAT_00437390	READ	004120a6	FUN_00411d37
00437390	DAT_00437390	READ	00412155	FUN_00411d37
00437390	DAT_00437390	READ	00412204	FUN_00411d37
00437390	DAT_00437390	READ	004122b3	FUN_00411d37
00437390	DAT_00437390	READ	00412362	FUN_00411d37
00437390	DAT_00437390	READ	00412411	FUN_00411d37
00437390	DAT_00437390	READ	00412471	FUN_00411d37
00437390	DAT_00437390	READ	004124e6	FUN_00411d37
00437390	DAT_00437390	READ	0040e9d8	
00437390	DAT_00437390	READ	0040ea7e	
00437390	DAT_00437390	READ	0040eb1b	
00437390	DAT_00437390	READ	0040ebbb	
00437390	DAT_00437390	READ	0040ec6b	
00437390	DAT_00437390	READ	0040ed0b	
00437390	DAT_00437390	READ	0040edab	
00437390	DAT_00437390	READ	0040ee73	
00437390	DAT_00437390	READ	0040efbf	
00437390	DAT_00437390	READ	0040f093	
00437390	DAT_00437390	READ	0040f12d	
00437390	DAT_00437390	READ	0040f1c7	
00437390	DAT_00437390	READ	0040f261	
00437390	DAT_00437390	READ	0040f2fb	
00437390	DAT_00437390	READ	0040f395	
00437390	DAT_00437390	READ	0040f435	
00437390	DAT_00437390	READ	0040f4aa	
00437394	DAT_00437394	READ	0040db91	FUN_0040db61
00437394	DAT_00437394	READ	0040dc1c	FUN_0040db61
00437394	DAT_00437394	READ	00410b49	FUN_00410a52
00437394	DAT_00437394	READ	00410f08	FUN_00410d31
00437394	DAT_00437394	READ	00411a37	FUN_004118c0
00437394	DAT_00437394	READ	00411c2f	FUN_00411b79
00437394	DAT_00437394	READ	00413722	FUN_00413593
00437394	DAT_00437394	READ	00413b0d	FUN_00413a07
00437394	DAT_00437394	READ	00413daf	FUN_00413d0c
00437394	DAT_00437394	READ	00413f79	FUN_00413e87
00437394	DAT_00437394	WRITE	004154dd	FUN_00414fd0
00437394	DAT_00437394	READ	004154f7	FUN_00414fd0
00437394	DAT_00437394	READ	00415510	FUN_00414fd0
00437394	DAT_00437394	READ	00415530	FUN_00414fd0
00437394	DAT_00437394	READ	00414b93	FUN_00414b90
00437394	DAT_00437394	READ	00414d22	FUN_00414b90
00437394	DAT_00437394	READ	00411045	FUN_00410d31
00437394	DAT_00437394	READ	004110ee	FUN_00410d31
00437394	DAT_00437394	READ	00411e6f	FUN_00411d37
00437394	DAT_00437394	READ	004120e2	FUN_00411d37
00437394	DAT_00437394	READ	00412191	FUN_00411d37
00437394	DAT_00437394	READ	00412240	FUN_00411d37
00437394	DAT_00437394	READ	004122ef	FUN_00411d37
00437394	DAT_00437394	READ	0041239e	FUN_00411d37
00437394	DAT_00437394	READ	00412422	FUN_00411d37
00437394	DAT_00437394	READ	0041249c	FUN_00411d37
00437394	DAT_00437394	READ	00412511	FUN_00411d37
00437394	DAT_00437394	READ	0040ea1a	
00437394	DAT_00437394	READ	0040eaba	
00437394	DAT_00437394	READ	0040eb5a	
00437394	DAT_00437394	READ	0040ebfa	
00437394	DAT_00437394	READ	0040ecaa	
00437394	DAT_00437394	READ	0040ed4a	
00437394	DAT_00437394	READ	0040edea	
00437394	DAT_00437394	READ	0040eeaf	
00437394	DAT_00437394	READ	0040effe	
00437394	DAT_00437394	READ	0040f0cf	
00437394	DAT_00437394	READ	0040f169	
00437394	DAT_00437394	READ	0040f203	
00437394	DAT_00437394	READ	0040f29d	
00437394	DAT_00437394	READ	0040f337	
00437394	DAT_00437394	READ	0040f3d4	
00437394	DAT_00437394	READ	0040f460	
00437394	DAT_00437394	READ	0040f4d5	
00437398	DAT_00437398	READ	0040a790	FUN_0040a790
00437398	DAT_00437398	READ	0040dbef	FUN_0040db61
00437398	DAT_00437398	READ	00410af0	FUN_00410a52
00437398	DAT_00437398	READ	00410ebd	FUN_00410d31
00437398	DAT_00437398	READ	004119e1	FUN_004118c0
00437398	DAT_00437398	READ	00411be1	FUN_00411b79
00437398	DAT_00437398	READ	004136d4	FUN_00413593
00437398	DAT_00437398	READ	00413ab4	FUN_00413a07
00437398	DAT_00437398	READ	00413d61	FUN_00413d0c
00437398	DAT_00437398	READ	00413f3c	FUN_00413e87
00437398	DAT_00437398	WRITE	00415455	FUN_00414fd0
00437398	DAT_00437398	READ	0041546f	FUN_00414fd0
00437398	DAT_00437398	READ	0041548e	FUN_00414fd0
00437398	DAT_00437398	READ	004154b3	FUN_00414fd0
00437398	DAT_00437398	READ	00410ffa	FUN_00410d31
00437398	DAT_00437398	READ	004110a9	FUN_00410d31
00437398	DAT_00437398	READ	00411e17	FUN_00411d37
00437398	DAT_00437398	READ	00412097	FUN_00411d37
00437398	DAT_00437398	READ	00412146	FUN_00411d37
00437398	DAT_00437398	READ	004121f5	FUN_00411d37
00437398	DAT_00437398	READ	004122a4	FUN_00411d37
00437398	DAT_00437398	READ	00412353	FUN_00411d37
00437398	DAT_00437398	READ	00412402	FUN_00411d37
00437398	DAT_00437398	READ	00412462	FUN_00411d37
00437398	DAT_00437398	READ	004124d7	FUN_00411d37
00437398	DAT_00437398	READ	0040e9c9	
00437398	DAT_00437398	READ	0040ea6f	
00437398	DAT_00437398	READ	0040eb0c	
00437398	DAT_00437398	READ	0040ebac	
00437398	DAT_00437398	READ	0040ec5c	
00437398	DAT_00437398	READ	0040ecfc	
00437398	DAT_00437398	READ	0040ed9c	
00437398	DAT_00437398	READ	0040ee64	
00437398	DAT_00437398	READ	0040efb0	
00437398	DAT_00437398	READ	0040f084	
00437398	DAT_00437398	READ	0040f11e	
00437398	DAT_00437398	READ	0040f1b8	
00437398	DAT_00437398	READ	0040f252	
00437398	DAT_00437398	READ	0040f2ec	
00437398	DAT_00437398	READ	0040f386	
00437398	DAT_00437398	READ	0040f426	
00437398	DAT_00437398	READ	0040f49b	
0043739c	DAT_0043739c	READ	0040da0b	FUN_0040d9f0
0043739c	DAT_0043739c	READ	0040dae2	FUN_0040d9f0
0043739c	DAT_0043739c	READ	0040db7b	FUN_0040db61
0043739c	DAT_0043739c	READ	0040ddf0	FUN_0040db61
0043739c	DAT_0043739c	READ	0040de05	FUN_0040db61
0043739c	DAT_0043739c	READ	00410a6a	FUN_00410a52
0043739c	DAT_0043739c	READ	00410d49	FUN_00410d31
0043739c	DAT_0043739c	READ	004118d4	FUN_004118c0
0043739c	DAT_0043739c	READ	00411b13	FUN_00411b0f
0043739c	DAT_0043739c	READ	00411b8c	FUN_00411b79
0043739c	DAT_0043739c	READ	00411d4d	FUN_00411d37
0043739c	DAT_0043739c	READ	0041352b	FUN_00413525
0043739c	DAT_0043739c	READ	004135ab	FUN_00413593
0043739c	DAT_0043739c	READ	00411839	FUN_00411833
0043739c	DAT_0043739c	READ	004139a1	FUN_0041399d
0043739c	DAT_0043739c	READ	00413a1f	FUN_00413a07
0043739c	DAT_0043739c	READ	00413ca6	FUN_00413ca2
0043739c	DAT_0043739c	READ	00413d1e	FUN_00413d0c
0043739c	DAT_0043739c	READ	00413e9f	FUN_00413e87
0043739c	DAT_0043739c	READ	0041449d	FUN_00414499
0043739c	DAT_0043739c	WRITE	00415580	FUN_00414fd0
0043739c	DAT_0043739c	READ	0040e49a	FUN_0040e494
0043739c	DAT_0043739c	READ	0040e5a6	FUN_0040e494
0043739c	DAT_0043739c	READ	0040e7fd	FUN_0040e494
0043739c	DAT_0043739c	READ	004109c3	FUN_004109bd
0043739c	DAT_0043739c	READ	0040e91b	
0043739c	DAT_0043739c	READ	00410ccb	FUN_00410cc7
004373a0	DAT_004373a0	READ	0040e334	FUN_0040e328
004373a0	DAT_004373a0	READ	0040e35d	FUN_0040e328
004373a0	DAT_004373a0	READ	0040e3f7	FUN_0040e328
004373a0	DAT_004373a0	READ	0040da19	FUN_0040d9f0
004373a0	DAT_004373a0	READ	0040daf0	FUN_0040d9f0
004373a0	DAT_004373a0	READ	0040de1a	FUN_0040db61
004373a0	DAT_004373a0	READ	0040de32	FUN_0040de20
004373a0	DAT_004373a0	READ	00410c92	FUN_00410c80
004373a0	DAT_004373a0	READ	004117fe	FUN_004117ec
004373a0	DAT_004373a0	READ	00411ada	FUN_00411ac8
004373a0	DAT_004373a0	READ	00411b25	FUN_00411b0f
004373a0	DAT_004373a0	READ	00411cc0	FUN_00411cae
004373a0	DAT_004373a0	READ	004134f0	FUN_004134de
004373a0	DAT_004373a0	READ	00411d5f	FUN_00411d37
004373a0	DAT_004373a0	READ	0041353c	FUN_00413525
004373a0	DAT_004373a0	READ	00413968	FUN_00413956
004373a0	DAT_004373a0	READ	0041184a	FUN_00411833
004373a0	DAT_004373a0	READ	004139b3	FUN_0041399d
004373a0	DAT_004373a0	READ	00413c6d	FUN_00413c5b
004373a0	DAT_004373a0	READ	00413cb8	FUN_00413ca2
004373a0	DAT_004373a0	READ	00413e52	FUN_00413e40
004373a0	DAT_004373a0	READ	00414464	FUN_00414452
004373a0	DAT_004373a0	READ	004144af	FUN_00414499
004373a0	DAT_004373a0	WRITE	00415568	FUN_00414fd0
004373a0	DAT_004373a0	READ	00415578	FUN_00414fd0
004373a0	DAT_004373a0	READ	0040e4af	FUN_0040e494
004373a0	DAT_004373a0	READ	0040e5b4	FUN_0040e494
004373a0	DAT_004373a0	READ	0040e809	FUN_0040e494
004373a0	DAT_004373a0	READ	004109e2	FUN_004109bd
004373a0	DAT_004373a0	READ	00410cdd	FUN_00410cc7
004373a4	DAT_004373a4	READ	0040e32c	FUN_0040e328
004373a4	DAT_004373a4	READ	0040e369	FUN_0040e328
004373a4	DAT_004373a4	READ	0040dbbb	FUN_0040db61
004373a4	DAT_004373a4	READ	0040dc43	FUN_0040db61
004373a4	DAT_004373a4	READ	00410a56	FUN_00410a52
004373a4	DAT_004373a4	READ	00410d35	FUN_00410d31
004373a4	DAT_004373a4	READ	004118c3	FUN_004118c0
004373a4	DAT_004373a4	READ	00411b79	FUN_00411b79
004373a4	DAT_004373a4	READ	00411d41	FUN_00411d37
004373a4	DAT_004373a4	READ	00413596	FUN_00413593
004373a4	DAT_004373a4	READ	00413a0b	FUN_00413a07
004373a4	DAT_004373a4	READ	00413d0c	FUN_00413d0c
004373a4	DAT_004373a4	READ	00413e8a	FUN_00413e87
004373a4	DAT_004373a4	WRITE	00415558	FUN_00414fd0
004373a4	DAT_004373a4	READ	00415572	FUN_00414fd0
004373a4	DAT_004373a4	READ	0040e90b	
004373a8	DAT_004373a8	READ	0040db9d	FUN_0040db61
004373a8	DAT_004373a8	READ	0040dc28	FUN_0040db61
004373a8	DAT_004373a8	READ	0040de49	FUN_0040de20
004373a8	DAT_004373a8	WRITE	00415506	FUN_00414fd0
004373a8	DAT_004373a8	READ	0041551b	FUN_00414fd0
004373a8	DAT_004373a8	READ	0041553b	FUN_00414fd0
004373a8	DAT_004373a8	READ	00414b9f	FUN_00414b90
004373ac	DAT_004373ac	READ	0040a7a2	FUN_0040a790
004373ac	DAT_004373ac	READ	0040dbfb	FUN_0040db61
004373ac	DAT_004373ac	WRITE	0041547e	FUN_00414fd0
004373ac	DAT_004373ac	READ	0041549f	FUN_00414fd0
004373ac	DAT_004373ac	READ	004154c4	FUN_00414fd0
004373b0	DAT_004373b0	WRITE	0040a7f7	FUN_0040a790
004373b0	DAT_004373b0	READ	0040a975	FUN_0040a790
004373b0	DAT_004373b0	READ	0040cabc	
004373b0	DAT_004373b0	READ	00415c18	FUN_00415be0
004373b0	DAT_004373b0	READ	004162dd	FUN_00416180
004373b0	DAT_004373b0	READ	0042bf64	
004373b8	DAT_004373b8	READ	004192cb	FUN_00419290
004373b8	DAT_004373b8	DATA	00419311	FUN_00419290
004373b8	DAT_004373b8	DATA	00419456	FUN_00419400
004373b8	DAT_004373b8	DATA	00415730	FUN_00415730
004373b8	DAT_004373b8	DATA	00415750	
004373bc	DAT_004373bc	READ	00419450	FUN_00419400
004373bc	DAT_004373bc	READ	004192c2	FUN_00419290
004373c4	DAT_004373c4	DATA	0041a1ec	FUN_0041a1b0
004373c4	DAT_004373c4	DATA	0041a274	FUN_0041a1b0
004373c4	DAT_004373c4	DATA	0041a1c7	FUN_0041a1b0
004373c4	DAT_004373c4	DATA	0041a1e2	FUN_0041a1b0
004373c4	DAT_004373c4	DATA	0041a24f	FUN_0041a1b0
004373c4	DAT_004373c4	DATA	0041a26a	FUN_0041a1b0
004373c4	DAT_004373c4	DATA	0042ec20	
004373c4	DAT_004373c4	DATA	0041e222	
004373c4	DAT_004373c4	DATA	00422780	
004373c4	DAT_004373c4	DATA	004155b0	FUN_004155b0
004373c4	DAT_004373c4	DATA	004155d0	
004373c8	DAT_004373c8	DATA	0040b5c1	FUN_0040b4f0
004373c8	DAT_004373c8	DATA	0042f72a	FUN_0042f6e0
004373c8	DAT_004373c8	DATA	0042f76f	
00437418	DAT_00437418	DATA	0042b6ae	FUN_0042b680
00437418	DAT_00437418	DATA	00415997	FUN_00415990
00437418	DAT_00437418	DATA	004159c0	
0043741c	DAT_0043741c	READ	0041b2c0	FUN_0041b2b0
0043741c	DAT_0043741c	READ	0041b298	FUN_0041b130
0043741c	DAT_0043741c	WRITE	0041b2a1	FUN_0041b130
0043741c	DAT_0043741c	READ	0042f6e8	FUN_0042f6e0
0043741c	DAT_0043741c	READ	0042f714	FUN_0042f6e0
0043741c	DAT_0043741c	READ	0041bc7c	
0043741c	DAT_0043741c	WRITE	0041bc83	
0043741c	DAT_0043741c	READ	0041bce2	
0043741c	DAT_0043741c	WRITE	0041bce9	
0043741c	DAT_0043741c	READ	0041e134	
0043741c	DAT_0043741c	READ	00425847	
0043741c	DAT_0043741c	WRITE	0042584e	
0043741c	DAT_0043741c	READ	00425c36	
0043741c	DAT_0043741c	WRITE	00425c3d	
0043741c	DAT_0043741c	READ	00427e47	
0043741c	DAT_0043741c	WRITE	00427e4e	
0043741c	DAT_0043741c	READ	00428737	
0043741c	DAT_0043741c	WRITE	0042873e	
0043741c	DAT_0043741c	READ	00428e19	
0043741c	DAT_0043741c	WRITE	00428e20	
0043741c	DAT_0043741c	READ	0042ab79	
0043741c	DAT_0043741c	READ	0042aba5	
0043741c	DAT_0043741c	READ	0042c537	
0043741c	DAT_0043741c	WRITE	0042c53e	
0043741c	DAT_0043741c	READ	0042e667	
0043741c	DAT_0043741c	WRITE	0042e66e	
0043741c	DAT_0043741c	READ	0042ea57	
0043741c	DAT_0043741c	WRITE	0042ea5e	
0043741c	DAT_0043741c	READ	0042ec87	
0043741c	DAT_0043741c	WRITE	0042ec8e	
0043741c	DAT_0043741c	READ	0041df15	FUN_0041df60
0043741c	DAT_0043741c	READ	0041df57	FUN_0041df60
0043741c	DAT_0043741c	READ	0041dfbe	FUN_0041df60
0043741c	DAT_0043741c	WRITE	0041dfc7	FUN_0041df60
0043741c	DAT_0043741c	READ	0041e014	
0043741c	DAT_0043741c	READ	0041e056	
0043741c	DAT_0043741c	READ	0041e0b9	
0043741c	DAT_0043741c	WRITE	0041e0c0	
0043741c	DAT_0043741c	READ	0041e0d0	
0043741c	DAT_0043741c	WRITE	0041e0d7	
0043741c	DAT_0043741c	READ	0041e0e0	
0043741c	DAT_0043741c	WRITE	0041e0e7	
0043741c	DAT_0043741c	READ	0041e191	
0043741c	DAT_0043741c	READ	0041ed4c	FUN_0041ed40
0043741c	DAT_0043741c	READ	0041ed7c	FUN_0041ed70
0043741c	DAT_0043741c	READ	00421fc0	
0043741c	DAT_0043741c	READ	00421fec	
0043741c	DAT_0043741c	READ	00422020	
0043741c	DAT_0043741c	READ	0042204c	
00437420	DAT_00437420	WRITE	0040a859	FUN_0040a790
00437420	DAT_00437420	READ	0041b63a	FUN_0041b2e0
00437420	DAT_00437420	READ	0040ca7b	
00437424	DAT_00437424	DATA	0040c198	FUN_0040c150
00437424	DAT_00437424	DATA	0042b05e	
00437424	DAT_00437424	DATA	0042b02e	
00437424	DAT_00437424	DATA	0042b08b	
00437424	DAT_00437424	DATA	0042aefb	
00437424	DAT_00437424	DATA	0042af6b	
00437424	DAT_00437424	DATA	0042af3b	
00437424	DAT_00437424	DATA	0042afcb	
00437424	DAT_00437424	DATA	0042affe	
00437424	DAT_00437424	DATA	0042af9e	
00437424	DAT_00437424	DATA	004158f7	FUN_004158f0
00437424	DAT_00437424	DATA	00415920	
00437428	DAT_00437428	READ	00419890	FUN_00419830
00437428	DAT_00437428	READ	00419d0b	FUN_00419c90
00437428	DAT_00437428	DATA	0041985b	FUN_00419830
00437428	DAT_00437428	DATA	004198a7	FUN_00419830
00437428	DAT_00437428	DATA	00415630	FUN_00415630
00437428	DAT_00437428	DATA	00415650	
0043742c	DAT_0043742c	READ	00419884	FUN_00419830
0043742c	DAT_0043742c	READ	00419cf4	FUN_00419c90
00437434	DAT_00437434	WRITE	0040a82e	FUN_0040a790
00437434	DAT_00437434	READ	004162c2	FUN_00416180
00437434	DAT_00437434	READ	00424549	
00437438	DAT_00437438	READ	00430870	
00437438	DAT_00437438	DATA	004308b0	
00437438	DAT_00437438	DATA	0043084d	
00437438	DAT_00437438	DATA	00415b70	FUN_00415b70
00437438	DAT_00437438	DATA	00415b90	
0043743c	DAT_0043743c	WRITE	0041ac7b	FUN_0041aa00
0043743c	DAT_0043743c	READ	0041a313	FUN_0041a1b0
0043743c	DAT_0043743c	READ	0041a3af	FUN_0041a1b0
0043743c	DAT_0043743c	READ	0041a3f8	FUN_0041a1b0
0043743c	DAT_0043743c	WRITE	0041a6c0	FUN_0041a1b0
0043743c	DAT_0043743c	READ	00419226	FUN_00418d50
0043743c	DAT_0043743c	WRITE	00419230	FUN_00418d50
0043743c	DAT_0043743c	READ	00419ce2	FUN_00419c90
0043743c	DAT_0043743c	WRITE	00419cef	FUN_00419c90
0043743c	DAT_0043743c	WRITE	0041c818	
00437440	DAT_00437440	WRITE	0041ac6b	FUN_0041aa00
00437440	DAT_00437440	READ	0041a319	FUN_0041a1b0
00437440	DAT_00437440	READ	0041a42c	FUN_0041a1b0
00437440	DAT_00437440	WRITE	0041a6cb	FUN_0041a1b0
00437440	DAT_00437440	READ	00419239	FUN_00418d50
00437440	DAT_00437440	WRITE	00419243	FUN_00418d50
00437440	DAT_00437440	READ	00419cd4	FUN_00419c90
00437440	DAT_00437440	WRITE	00419cdc	FUN_00419c90
00437440	DAT_00437440	WRITE	0041c828	
00437444	DAT_00437444	READ	0042f5bf	FUN_0042f590
00437444	DAT_00437444	DATA	004184e5	FUN_004184c0
00437444	DAT_00437444	DATA	004184f3	FUN_004184c0
00437444	DAT_00437444	READ	004253a0	
00437444	DAT_00437444	DATA	004158b0	FUN_004158b0
00437444	DAT_00437444	DATA	004158d0	
00437448	DAT_00437448	READ	00427458	FUN_00427450
00437448	DAT_00437448	READ	00417df3	FUN_00417de0
00437448	DAT_00437448	READ	0042f619	FUN_0042f610
00437448	DAT_00437448	DATA	0042f632	FUN_0042f610
00437448	DAT_00437448	READ	004273b5	
00437448	DAT_00437448	READ	00427405	
00437448	DAT_00437448	READ	0042a3b5	FUN_0042a3b0
00437448	DAT_00437448	DATA	0042f130	
00437448	DAT_00437448	DATA	0041e373	
00437448	DAT_00437448	DATA	004157b0	FUN_004157b0
00437448	DAT_00437448	DATA	004157d0	
0043744c	DAT_0043744c	DATA	0042b761	
0043744c	DAT_0043744c	DATA	0042b731	
0043744c	DAT_0043744c	DATA	0042b791	
0043744c	DAT_0043744c	DATA	00415a37	FUN_00415a30
0043744c	DAT_0043744c	DATA	00415a60	
00437450	DAT_00437450	WRITE	0040a837	FUN_0040a790
00437450	DAT_00437450	READ	0041b631	FUN_0041b2e0
00437450	DAT_00437450	READ	00408524	FUN_004084c0
00437450	DAT_00437450	READ	004162cb	FUN_00416180
00437450	DAT_00437450	READ	00424523	
00437450	DAT_00437450	READ	00424551	
00437454	DAT_00437454	DATA	0042b7c7	
00437454	DAT_00437454	DATA	00415ad7	FUN_00415ad0
00437454	DAT_00437454	DATA	00415b00	
00437458	DAT_00437458	READ	004192d8	FUN_00419290
00437458	DAT_00437458	DATA	00419327	FUN_00419290
00437458	DAT_00437458	DATA	00419466	FUN_00419400
00437458	DAT_00437458	DATA	00415770	FUN_00415770
00437458	DAT_00437458	DATA	00415790	
0043745c	DAT_0043745c	READ	00419460	FUN_00419400
00437464	DAT_00437464	DATA	0040b76f	FUN_0040b4f0
00437464	DAT_00437464	DATA	0040b717	FUN_0040b4f0
00437464	DAT_00437464	DATA	0042abbb	
00437464	DAT_00437464	DATA	0042ab46	
004374b0	DAT_004374b0	READ	0040b717	FUN_0040b4f0
004374b0	DAT_004374b0	WRITE	0040b76f	FUN_0040b4f0
004374b4	DAT_004374b4	WRITE	0040a852	FUN_0040a790
004374b8	DAT_004374b8	READ	0042f5b4	FUN_0042f590
004374b8	DAT_004374b8	DATA	00418407	FUN_00418390
004374b8	DAT_004374b8	DATA	0042f641	FUN_0042f610
004374b8	DAT_004374b8	READ	0042539a	
004374b8	DAT_004374b8	DATA	00415870	FUN_00415870
004374b8	DAT_004374b8	DATA	00415890	
004374bc	DAT_004374bc	DATA	0040b750	FUN_0040b4f0
004374bc	DAT_004374bc	DATA	0040b75d	FUN_0040b4f0
004374bc	DAT_004374bc	DATA	0040b7cd	FUN_0040b4f0
004374bc	DAT_004374bc	DATA	0040b7db	FUN_0040b4f0
004374bc	DAT_004374bc	DATA	00426cc9	
004374bc	DAT_004374bc	WRITE	0040c57a	
004374bc	DAT_004374bc	DATA	0040c570	
004374c0	DAT_004374c0	WRITE	0040c57a	
004374cc	DAT_004374cc	READ	0040b7f4	FUN_0040b4f0
004374cc	DAT_004374cc	WRITE	0040b816	FUN_0040b4f0
004374cd	DAT_004374cd	READ	0040b665	FUN_0040b4f0
004374cd	DAT_004374cd	READ	0040b72f	FUN_0040b4f0
004374cd	DAT_004374cd	WRITE	0040b73c	FUN_0040b4f0
0043755d	DAT_0043755d	READ	0040b827	FUN_0040b4f0
0043755d	DAT_0043755d	WRITE	0040b849	FUN_0040b4f0
004375bc	DAT_004375bc	READ	00417e86	FUN_00417e60
004375bc	DAT_004375bc	READ	0041e42b	FUN_0041e410
004375bc	DAT_004375bc	READ	0041e454	FUN_0041e410
004375bc	DAT_004375bc	READ	004273c2	
004375bc	DAT_004375bc	READ	00427412	
004375bc	DAT_004375bc	DATA	0042f140	
004375bc	DAT_004375bc	READ	00425350	
004375bc	DAT_004375bc	DATA	0042535f	
004375bc	DAT_004375bc	DATA	0041e3d3	
004375bc	DAT_004375bc	DATA	004157f0	FUN_004157f0
004375bc	DAT_004375bc	DATA	00415810	
004375c0	DAT_004375c0	WRITE	0040a813	FUN_0040a790
004375c0	DAT_004375c0	READ	0040a992	FUN_0040a790
004375c0	DAT_004375c0	READ	0041b622	FUN_0041b2e0
004375c0	DAT_004375c0	READ	0040851a	FUN_004084c0
004375c0	DAT_004375c0	READ	0040ca82	
004375c0	DAT_004375c0	READ	00415c29	FUN_00415be0
004375c0	DAT_004375c0	READ	004162ef	FUN_00416180
004375c0	DAT_004375c0	READ	0042451b	
004375c0	DAT_004375c0	READ	0042453e	
004375c4	DAT_004375c4	WRITE	0040a80a	FUN_0040a790
004375c4	DAT_004375c4	READ	0040a984	FUN_0040a790
004375c4	DAT_004375c4	READ	00415c20	FUN_00415be0
004375c4	DAT_004375c4	READ	004162e6	FUN_00416180
004375c4	DAT_004375c4	READ	0042bfa4	
004375c4	DAT_004375c4	READ	00424536	
004375c8	DAT_004375c8	DATA	0042b661	
004375c8	DAT_004375c8	DATA	0042b631	
004375c8	DAT_004375c8	DATA	00415947	FUN_00415940
004375c8	DAT_004375c8	DATA	00415970	
004375cc	DAT_004375cc	READ	0042f667	FUN_0042f610
004375cc	DAT_004375cc	READ	00418459	FUN_00418390
004375cc	DAT_004375cc	READ	0042f5a1	FUN_0042f590
004375cc	DAT_004375cc	DATA	0041843d	FUN_00418390
004375cc	DAT_004375cc	DATA	0041848b	FUN_00418390
004375cc	DAT_004375cc	DATA	00418499	FUN_00418390
004375cc	DAT_004375cc	READ	00425382	
004375cc	DAT_004375cc	DATA	00415830	FUN_00415830
004375cc	DAT_004375cc	DATA	00415850	
004375d0	DAT_004375d0	READ	00419909	FUN_00419830
004375d0	DAT_004375d0	READ	004195b4	FUN_004194d0
004375d0	DAT_004375d0	READ	00419738	FUN_004194d0
004375d0	DAT_004375d0	READ	0041ad7e	FUN_0041ad10
004375d0	DAT_004375d0	DATA	004195ca	FUN_004194d0
004375d0	DAT_004375d0	DATA	0041967d	FUN_004194d0
004375d0	DAT_004375d0	DATA	00419762	FUN_004194d0
004375d0	DAT_004375d0	DATA	0041991f	FUN_00419830
004375d0	DAT_004375d0	DATA	0041ae36	FUN_0041ad10
004375d0	DAT_004375d0	DATA	00415670	FUN_00415670
004375d0	DAT_004375d0	DATA	00415690	
004375d4	DAT_004375d4	READ	004198fb	FUN_00419830
004375d4	DAT_004375d4	READ	004195a7	FUN_004194d0
004375d4	DAT_004375d4	READ	0041972c	FUN_004194d0
004375d4	DAT_004375d4	READ	0041ad6b	FUN_0041ad10
004375dc	DAT_004375dc	WRITE	0041ac84	FUN_0041aa00
004375dc	DAT_004375dc	READ	0041a2fd	FUN_0041a1b0
004375dc	DAT_004375dc	READ	0041a419	FUN_0041a1b0
004375dc	DAT_004375dc	WRITE	0041a6c5	FUN_0041a1b0
004375dc	DAT_004375dc	READ	00419213	FUN_00418d50
004375dc	DAT_004375dc	WRITE	0041921d	FUN_00418d50
004375dc	DAT_004375dc	READ	00419cc2	FUN_00419c90
004375dc	DAT_004375dc	WRITE	00419ccf	FUN_00419c90
004375dc	DAT_004375dc	WRITE	0041c822	
004375e0	DAT_004375e0	WRITE	0041b52a	FUN_0041b2e0
004375e0	DAT_004375e0	DATA	00416f02	FUN_00416e50
004375e0	DAT_004375e0	DATA	00416f1b	FUN_00416e50
004375e4	DAT_004375e4	WRITE	0041b53b	FUN_0041b2e0
004375e8	DAT_004375e8	WRITE	0041b54c	FUN_0041b2e0
004375ec	DAT_004375ec	WRITE	0041b55d	FUN_0041b2e0
004375f0	DAT_004375f0	WRITE	0041b524	FUN_0041b2e0
004375f0	DAT_004375f0	DATA	00416f9d	FUN_00416e50
004375f0	DAT_004375f0	DATA	00416fb1	FUN_00416e50
004375f4	DAT_004375f4	WRITE	0041b535	FUN_0041b2e0
004375f8	DAT_004375f8	WRITE	0041b546	FUN_0041b2e0
004375fc	DAT_004375fc	WRITE	0041b557	FUN_0041b2e0
00437600	DAT_00437600	WRITE	0041b4fd	FUN_0041b2e0
00437600	DAT_00437600	DATA	00417039	FUN_00416e50
00437600	DAT_00437600	DATA	00417052	FUN_00416e50
00437604	DAT_00437604	WRITE	0041b504	FUN_0041b2e0
00437608	DAT_00437608	WRITE	0041b513	FUN_0041b2e0
0043760c	DAT_0043760c	WRITE	0041b518	FUN_0041b2e0
00437610	DAT_00437610	READ	0041940e	FUN_00419400
00437610	DAT_00437610	READ	0041948e	FUN_00419480
00437610	DAT_00437610	DATA	00419333	FUN_00419290
00437610	DAT_00437610	DATA	00419446	FUN_00419400
00437610	DAT_00437610	DATA	004156f0	FUN_004156f0
00437610	DAT_00437610	DATA	00415710	
00437614	DAT_00437614	READ	00419400	FUN_00419400
00437614	DAT_00437614	READ	00419440	FUN_00419400
00437614	DAT_00437614	READ	00419480	FUN_00419480
0043761c	DAT_0043761c	WRITE	0041b530	FUN_0041b2e0
0043761c	DAT_0043761c	DATA	00416e70	FUN_00416e50
0043761c	DAT_0043761c	DATA	00417110	FUN_00416e50
0043761c	DAT_0043761c	DATA	00416e77	FUN_00416e50
0043761c	DAT_0043761c	DATA	0041ad32	FUN_0041ad10
00437620	DAT_00437620	WRITE	0041b541	FUN_0041b2e0
00437624	DAT_00437624	WRITE	0041b552	FUN_0041b2e0
00437624	DAT_00437624	READ	0041ad22	FUN_0041ad10
00437624	DAT_00437624	WRITE	0041ad2d	FUN_0041ad10
00437628	DAT_00437628	WRITE	0041b563	FUN_0041b2e0
00437628	DAT_00437628	READ	0041ad22	FUN_0041ad10
00437628	DAT_00437628	WRITE	0041ad2d	FUN_0041ad10
00437628	DAT_00437628	DATA	0041ad1d	FUN_0041ad10
0043762c	DAT_0043762c	DATA	0042b704	
0043762c	DAT_0043762c	DATA	004159e7	FUN_004159e0
0043762c	DAT_0043762c	DATA	00415a10	
00437630	DAT_00437630	WRITE	0040a845	FUN_0040a790
00437630	DAT_00437630	READ	0040cab5	
00437634	DAT_00437634	READ	0040ad88	FUN_0040ad10
00437634	DAT_00437634	READ	0041a2b1	FUN_0041a1b0
00437634	DAT_00437634	READ	0041a2da	FUN_0041a1b0
00437634	DAT_00437634	DATA	0041a2d0	FUN_0041a1b0
00437634	DAT_00437634	DATA	0041a28c	FUN_0041a1b0
00437634	DAT_00437634	DATA	0041a2a7	FUN_0041a1b0
00437634	DAT_00437634	DATA	0042ec10	
00437634	DAT_00437634	DATA	0041e1e2	
00437634	DAT_00437634	DATA	004155f0	FUN_004155f0
00437634	DAT_00437634	DATA	00415610	
00437638	DAT_00437638	WRITE	0041ac75	FUN_0041aa00
00437638	DAT_00437638	READ	0041a304	FUN_0041a1b0
00437638	DAT_00437638	READ	0041a391	FUN_0041a1b0
00437638	DAT_00437638	WRITE	0041a6ba	FUN_0041a1b0
00437638	DAT_00437638	READ	00419200	FUN_00418d50
00437638	DAT_00437638	WRITE	0041920a	FUN_00418d50
00437638	DAT_00437638	READ	00419ca8	FUN_00419c90
00437638	DAT_00437638	WRITE	00419cbc	FUN_00419c90
00437638	DAT_00437638	WRITE	0041c80e	
0043763c	DAT_0043763c	WRITE	0040a821	FUN_0040a790
0043763c	DAT_0043763c	READ	004162b2	FUN_00416180
00437640	DAT_00437640	DATA	0042bc2b	
00437640	DAT_00437640	DATA	0042bb6e	
00437640	DAT_00437640	DATA	0042bbce	
00437640	DAT_00437640	DATA	0042bbfb	
00437640	DAT_00437640	DATA	0042bb9e	
00437640	DAT_00437640	DATA	00415a87	FUN_00415a80
00437640	DAT_00437640	DATA	00415ab0	
00437644	DAT_00437644	READ	004187f7	FUN_00418770
00437644	DAT_00437644	WRITE	00418839	FUN_00418770
00437644	DAT_00437644	READ	00418c5e	FUN_00418c50
00437644	DAT_00437644	READ	00418d0a	FUN_00418cd0
00437644	DAT_00437644	READ	0041ac70	FUN_0041aa00
00437644	DAT_00437644	READ	00419bf9	FUN_00419bf0
00437644	DAT_00437644	READ	00419c48	FUN_00419c40
00437644	DAT_00437644	READ	00419e68	FUN_00419e60
00437644	DAT_00437644	READ	00419e06	FUN_00419c90
00437644	DAT_00437644	READ	0041f018	
00437644	DAT_00437644	READ	0041f0b8	
00437644	DAT_00437644	READ	0041f158	
00437644	DAT_00437644	READ	0041f1f8	
00437644	DAT_00437644	READ	0041f770	FUN_0041f730
00437648	DAT_00437648	DATA	0041700b	FUN_00416e50
00437648	DAT_00437648	DATA	00417087	FUN_00416e50
00437648	DAT_00437648	DATA	004170d8	FUN_00416e50
00437648	DAT_00437648	DATA	0042ae8b	
0043764c	DAT_0043764c	DATA	00417012	FUN_00416e50
0043764c	DAT_0043764c	DATA	004170ed	FUN_00416e50
00437668	DAT_00437668	DATA	00415df9	FUN_00415d40
00437668	DAT_00437668	DATA	00415e42	FUN_00415d40
00437668	DAT_00437668	DATA	0041607c	FUN_00415d40
00437668	DAT_00437668	DATA	00430810	
00437668	DAT_00437668	DATA	0042519f	
00437668	DAT_00437668	DATA	00415b27	FUN_00415b20
00437668	DAT_00437668	DATA	00415b50	
00437670	DAT_00437670	DATA	00416f6f	FUN_00416e50
00437670	DAT_00437670	DATA	00416fec	FUN_00416e50
00437670	DAT_00437670	DATA	004170d1	FUN_00416e50
00437670	DAT_00437670	DATA	0042ae5b	
00437674	DAT_00437674	DATA	00416f76	FUN_00416e50
00437674	DAT_00437674	DATA	004170e6	FUN_00416e50
00437690	DAT_00437690	DATA	00416ed4	FUN_00416e50
00437690	DAT_00437690	DATA	00416f50	FUN_00416e50
00437690	DAT_00437690	DATA	004170ca	FUN_00416e50
00437690	DAT_00437690	DATA	0042ae2b	
00437694	DAT_00437694	DATA	00416edb	FUN_00416e50
00437694	DAT_00437694	DATA	004170df	FUN_00416e50
004376b0	DAT_004376b0	DATA	004170b1	FUN_00416e50
004376b0	DAT_004376b0	DATA	004170fb	FUN_00416e50
004376b0	DAT_004376b0	DATA	00427657	
004376b4	DAT_004376b4	DATA	00417099	FUN_00416e50
004376b4	DAT_004376b4	DATA	004170f4	FUN_00416e50
004376b4	DAT_004376b4	DATA	00427627	
004376b8	DAT_004376b8	DATA	004170bd	FUN_00416e50
004376b8	DAT_004376b8	DATA	00417109	FUN_00416e50
004376b8	DAT_004376b8	DATA	004276b7	
004376bc	DAT_004376bc	DATA	004170b7	FUN_00416e50
004376bc	DAT_004376bc	DATA	00417102	FUN_00416e50
004376bc	DAT_004376bc	DATA	00427687	
004376c0	DAT_004376c0	READ	00419375	FUN_00419350
004376c0	DAT_004376c0	READ	0041aef8	FUN_0041ad10
004376c0	DAT_004376c0	DATA	0041938b	FUN_00419350
004376c0	DAT_004376c0	DATA	004193c9	FUN_004193a0
004376c0	DAT_004376c0	DATA	0041ae2a	FUN_0041ad10
004376c0	DAT_004376c0	DATA	004156b0	FUN_004156b0
004376c0	DAT_004376c0	DATA	004156d0	
004376c4	DAT_004376c4	READ	00419370	FUN_00419350
004376c4	DAT_004376c4	READ	0041aee7	FUN_0041ad10
004376cc	DAT_004376cc	WRITE	0041b509	FUN_0041b2e0
004376cc	DAT_004376cc	DATA	00416e62	FUN_00416e50
004376cc	DAT_004376cc	DATA	00416e80	FUN_00416e50
004376ce	DAT_004376ce	WRITE	0041ad24	FUN_0041ad10
004376cf	DAT_004376cf	WRITE	0041ad24	FUN_0041ad10
004376d0	DAT_004376d0	WRITE	0040e37d	FUN_0040e328
004376d0	DAT_004376d0	READ_WRITE	0040e38d	FUN_0040e328
004376d0	DAT_004376d0	READ	0041b5a1	FUN_0041b2e0
004376d4	DAT_004376d4	READ	0040e399	FUN_0040e328
004376d4	DAT_004376d4	READ	0040da79	FUN_0040d9f0
004376d4	DAT_004376d4	READ	0040daa7	FUN_0040d9f0
004376d4	DAT_004376d4	READ	0040db0a	FUN_0040d9f0
004376d4	DAT_004376d4	READ	0040db2e	FUN_0040d9f0
004376d4	DAT_004376d4	READ	0040e131	FUN_0040de20
004376d4	DAT_004376d4	READ	0040e178	FUN_0040de20
004376d4	DAT_004376d4	READ	0040e1a5	FUN_0040de20
004376d4	DAT_004376d4	READ	0040e1d2	FUN_0040de20
004376d4	DAT_004376d4	READ	0040e1ff	FUN_0040de20
004376d4	DAT_004376d4	READ	0040e22c	FUN_0040de20
004376d4	DAT_004376d4	READ	0040e259	FUN_0040de20
004376d4	DAT_004376d4	READ	0040e286	FUN_0040de20
004376d4	DAT_004376d4	READ	0040e2b3	FUN_0040de20
004376d4	DAT_004376d4	READ	0040e2e0	FUN_0040de20
004376d4	DAT_004376d4	READ	0040e309	FUN_0040de20
004376d4	DAT_004376d4	READ	0040e442	FUN_0040e434
004376d4	DAT_004376d4	WRITE	0040e45c	FUN_0040e434
004376d4	DAT_004376d4	READ	0040e46d	FUN_0040e434
004376d4	DAT_004376d4	READ	00411d04	FUN_00411cf5
004376d4	DAT_004376d4	READ	00411d29	FUN_00411d12
004376d4	DAT_004376d4	READ	0041b590	FUN_0041b2e0
004376d4	DAT_004376d4	READ	0040e633	FUN_0040e494
004376d4	DAT_004376d4	READ	0040e652	FUN_0040e494
004376d4	DAT_004376d4	READ	0040e671	FUN_0040e494
004376d4	DAT_004376d4	READ	0040e690	FUN_0040e494
004376d4	DAT_004376d4	READ	0040e6af	FUN_0040e494
004376d4	DAT_004376d4	READ	0040e6ce	FUN_0040e494
004376d4	DAT_004376d4	READ	0040e6ed	FUN_0040e494
004376d4	DAT_004376d4	READ	0040e70c	FUN_0040e494
004376d4	DAT_004376d4	READ	0040e876	FUN_0040e494
004376d4	DAT_004376d4	READ	0040e8b8	FUN_0040e494
004376d4	DAT_004376d4	READ	00410a3e	FUN_004109bd
004376d4	DAT_004376d4	READ	0040e774	FUN_0040e494
004376d4	DAT_004376d4	READ	0040e78f	FUN_0040e494
004376d4	DAT_004376d4	READ	0041bc45	
004376d4	DAT_004376d4	READ	0041bca0	
004376d4	DAT_004376d4	READ	0042580c	
004376d4	DAT_004376d4	READ	00425bf9	
004376d4	DAT_004376d4	READ	00427e0c	
004376d4	DAT_004376d4	READ	004286fc	
004376d4	DAT_004376d4	READ	00428ddc	
004376d4	DAT_004376d4	READ	0042c4fc	
004376d4	DAT_004376d4	READ	0042e62c	
004376d4	DAT_004376d4	READ	0042ea1c	
004376d4	DAT_004376d4	READ	0042ec4c	
004376d8	DAT_004376d8	READ	0040e33a	FUN_0040e328
004376d8	DAT_004376d8	READ	0040e371	FUN_0040e328
004376d8	DAT_004376d8	READ	0040e394	FUN_0040e328
004376d8	DAT_004376d8	READ	0040da65	FUN_0040d9f0
004376d8	DAT_004376d8	READ	0040dab0	FUN_0040d9f0
004376d8	DAT_004376d8	WRITE	0040db57	FUN_0040d9f0
004376d8	DAT_004376d8	READ	0040e43a	FUN_0040e434
004376d8	DAT_004376d8	READ	0040e461	FUN_0040e434
004376d8	DAT_004376d8	READ_WRITE	0040e473	FUN_0040e434
004376d8	DAT_004376d8	READ	0040e48d	FUN_0040e434
004376d8	DAT_004376d8	WRITE	00410cbd	FUN_00410c80
004376d8	DAT_004376d8	WRITE	00411829	FUN_004117ec
004376d8	DAT_004376d8	WRITE	00411b05	FUN_00411ac8
004376d8	DAT_004376d8	WRITE	00411ceb	FUN_00411cae
004376d8	DAT_004376d8	WRITE	0041351b	FUN_004134de
004376d8	DAT_004376d8	WRITE	00413993	FUN_00413956
004376d8	DAT_004376d8	WRITE	00413c98	FUN_00413c5b
004376d8	DAT_004376d8	WRITE	00413e7d	FUN_00413e40
004376d8	DAT_004376d8	WRITE	0041448f	FUN_00414452
004376d8	DAT_004376d8	READ	0041b596	FUN_0041b2e0
004376d8	DAT_004376d8	READ	0040e609	FUN_0040e494
004376d8	DAT_004376d8	WRITE	0040e72b	FUN_0040e494
004376d8	DAT_004376d8	READ	0040e7dc	FUN_0040e494
004376d8	DAT_004376d8	READ	0040e82a	FUN_0040e494
004376d8	DAT_004376d8	READ	0040e8b2	FUN_0040e494
004376d8	DAT_004376d8	READ	004109d1	FUN_004109bd
004376d8	DAT_004376d8	READ	00410a39	FUN_004109bd
004376dc	DAT_004376dc	READ	0040e434	FUN_0040e434
004376dc	DAT_004376dc	WRITE	0040e44e	FUN_0040e434
004376e0	DAT_004376e0	WRITE	0041b5ad	FUN_0041b2e0
004376e0	DAT_004376e0	WRITE	0041b5b7	FUN_0041b2e0
004376e0	DAT_004376e0	READ	0041e419	FUN_0041e410
004376e0	DAT_004376e0	WRITE	0041e421	FUN_0041e410
004376e0	DAT_004376e0	READ	004288c6	FUN_004288c0
004376e0	DAT_004376e0	WRITE	004288ce	FUN_004288c0
004376e0	DAT_004376e0	READ	0041f573	FUN_0041f560
004376e0	DAT_004376e0	WRITE	0041f57f	FUN_0041f560
004376e0	DAT_004376e0	READ	0041f587	FUN_0041f560
004376e0	DAT_004376e0	WRITE	0041f58f	FUN_0041f560
004376e0	DAT_004376e0	READ	0041f597	FUN_0041f560
004376e0	DAT_004376e0	WRITE	0041f5a3	FUN_0041f560
004376e0	DAT_004376e0	READ	0041f5ab	FUN_0041f560
004376e0	DAT_004376e0	WRITE	0041f5b7	FUN_0041f560
004376e0	DAT_004376e0	READ	0041f5ca	FUN_0041f560
004376e0	DAT_004376e0	WRITE	0041f5d2	FUN_0041f560
004376e0	DAT_004376e0	READ	00428926	FUN_00428920
004376e0	DAT_004376e0	WRITE	0042892e	FUN_00428920
004376e0	DAT_004376e0	READ	004288f6	FUN_004288f0
004376e0	DAT_004376e0	WRITE	004288fe	FUN_004288f0
004376e0	DAT_004376e0	READ	00420d57	FUN_00420d40
004376e0	DAT_004376e0	WRITE	00420d5f	FUN_00420d40
004376e0	DAT_004376e0	READ	00420d81	FUN_00420d40
004376e0	DAT_004376e0	WRITE	00420d8d	FUN_00420d40
004376e0	DAT_004376e0	READ	004214b9	FUN_004214a0
004376e0	DAT_004376e0	WRITE	004214c5	FUN_004214a0
004376e0	DAT_004376e0	READ	004214ff	FUN_004214a0
004376e0	DAT_004376e0	WRITE	00421507	FUN_004214a0
004376e0	DAT_004376e0	READ	0042150f	FUN_004214a0
004376e0	DAT_004376e0	WRITE	0042151b	FUN_004214a0
004376e0	DAT_004376e0	READ	00421544	FUN_004214a0
004376e0	DAT_004376e0	WRITE	0042154c	FUN_004214a0
004376e0	DAT_004376e0	READ	0042157c	FUN_004214a0
004376e0	DAT_004376e0	WRITE	0042158a	FUN_004214a0
004376e0	DAT_004376e0	READ	00421596	FUN_004214a0
004376e0	DAT_004376e0	WRITE	0042159e	FUN_004214a0
004376e0	DAT_004376e0	READ	004215aa	FUN_004214a0
004376e0	DAT_004376e0	WRITE	004215b2	FUN_004214a0
004376e0	DAT_004376e0	READ	004215be	FUN_004214a0
004376e0	DAT_004376e0	WRITE	004215c6	FUN_004214a0
004376e0	DAT_004376e0	READ	004215d2	FUN_004214a0
004376e0	DAT_004376e0	WRITE	004215da	FUN_004214a0
004376e0	DAT_004376e0	READ	004215e6	FUN_004214a0
004376e0	DAT_004376e0	WRITE	004215ee	FUN_004214a0
004376e0	DAT_004376e0	READ	00422129	FUN_00422120
004376e0	DAT_004376e0	WRITE	00422133	FUN_00422120
004376e0	DAT_004376e0	READ	004221a9	FUN_004221a0
004376e0	DAT_004376e0	WRITE	004221b3	FUN_004221a0
004376e0	DAT_004376e0	READ	00422df9	FUN_00422df0
004376e0	DAT_004376e0	WRITE	00422e04	FUN_00422df0
004376e0	DAT_004376e0	READ	00423359	FUN_00423350
004376e0	DAT_004376e0	WRITE	00423364	FUN_00423350
004376e0	DAT_004376e0	READ	00425425	FUN_00425410
004376e0	DAT_004376e0	WRITE	00425431	FUN_00425410
004376e0	DAT_004376e0	READ	004260c9	FUN_004260c0
004376e0	DAT_004376e0	WRITE	004260d5	FUN_004260c0
004376e0	DAT_004376e0	READ	004260e5	FUN_004260c0
004376e0	DAT_004376e0	WRITE	004260ed	FUN_004260c0
004376e0	DAT_004376e0	READ	00426117	FUN_004260c0
004376e0	DAT_004376e0	WRITE	00426124	FUN_004260c0
004376e0	DAT_004376e0	READ	00426169	FUN_00426160
004376e0	DAT_004376e0	WRITE	00426175	FUN_00426160
004376e0	DAT_004376e0	READ	00426185	FUN_00426160
004376e0	DAT_004376e0	WRITE	0042618d	FUN_00426160
004376e0	DAT_004376e0	READ	004261b9	FUN_00426160
004376e0	DAT_004376e0	WRITE	004261c6	FUN_00426160
004376e0	DAT_004376e0	READ	00426219	FUN_00426210
004376e0	DAT_004376e0	WRITE	00426225	FUN_00426210
004376e0	DAT_004376e0	READ	00426235	FUN_00426210
004376e0	DAT_004376e0	WRITE	0042623d	FUN_00426210
004376e0	DAT_004376e0	READ	00426269	FUN_00426210
004376e0	DAT_004376e0	WRITE	00426276	FUN_00426210
004376e0	DAT_004376e0	READ	004262c9	FUN_004262c0
004376e0	DAT_004376e0	WRITE	004262d5	FUN_004262c0
004376e0	DAT_004376e0	READ	004262e5	FUN_004262c0
004376e0	DAT_004376e0	WRITE	004262ed	FUN_004262c0
004376e0	DAT_004376e0	READ	00426319	FUN_004262c0
004376e0	DAT_004376e0	WRITE	00426326	FUN_004262c0
004376e0	DAT_004376e0	READ	00426379	FUN_00426370
004376e0	DAT_004376e0	WRITE	00426385	FUN_00426370
004376e0	DAT_004376e0	READ	00426395	FUN_00426370
004376e0	DAT_004376e0	WRITE	0042639d	FUN_00426370
004376e0	DAT_004376e0	READ	004263c9	FUN_00426370
004376e0	DAT_004376e0	WRITE	004263d6	FUN_00426370
004376e0	DAT_004376e0	READ	00428956	FUN_00428950
004376e0	DAT_004376e0	WRITE	0042895e	FUN_00428950
004376e0	DAT_004376e0	READ	00428986	FUN_00428980
004376e0	DAT_004376e0	WRITE	0042898e	FUN_00428980
004376e0	DAT_004376e0	READ	004289b6	FUN_004289b0
004376e0	DAT_004376e0	WRITE	004289be	FUN_004289b0
004376e0	DAT_004376e0	READ	004289e6	FUN_004289e0
004376e0	DAT_004376e0	WRITE	004289ee	FUN_004289e0
004376e0	DAT_004376e0	READ	00428a36	FUN_00428a30
004376e0	DAT_004376e0	WRITE	00428a3e	FUN_00428a30
004376e0	DAT_004376e0	READ	004299d9	FUN_004299d0
004376e0	DAT_004376e0	WRITE	004299e5	FUN_004299d0
004376e0	DAT_004376e0	READ	004299f5	FUN_004299d0
004376e0	DAT_004376e0	WRITE	004299ff	FUN_004299d0
004376e0	DAT_004376e0	READ	00429a49	FUN_00429a40
004376e0	DAT_004376e0	WRITE	00429a55	FUN_00429a40
004376e0	DAT_004376e0	READ	00429a65	FUN_00429a40
004376e0	DAT_004376e0	WRITE	00429a6f	FUN_00429a40
004376e0	DAT_004376e0	READ	00429a99	FUN_00429a90
004376e0	DAT_004376e0	WRITE	00429aa5	FUN_00429a90
004376e0	DAT_004376e0	READ	00429ab5	FUN_00429a90
004376e0	DAT_004376e0	WRITE	00429abf	FUN_00429a90
004376e0	DAT_004376e0	READ	00429b09	FUN_00429b00
004376e0	DAT_004376e0	WRITE	00429b15	FUN_00429b00
004376e0	DAT_004376e0	READ	00429b25	FUN_00429b00
004376e0	DAT_004376e0	WRITE	00429b2f	FUN_00429b00
004376e0	DAT_004376e0	READ	00429c29	FUN_00429c20
004376e0	DAT_004376e0	WRITE	00429c35	FUN_00429c20
004376e0	DAT_004376e0	READ	00429c45	FUN_00429c20
004376e0	DAT_004376e0	WRITE	00429c4d	FUN_00429c20
004376e0	DAT_004376e0	READ	00429d4d	FUN_00429d00
004376e0	DAT_004376e0	WRITE	00429d5b	FUN_00429d00
004376e0	DAT_004376e0	READ	004301db	FUN_004301d0
004376e0	DAT_004376e0	WRITE	004301e5	FUN_004301d0
004376e0	DAT_004376e0	READ	0041b6c3	
004376e0	DAT_004376e0	WRITE	0041b6d0	
004376e0	DAT_004376e0	READ	0041b6e0	
004376e0	DAT_004376e0	WRITE	0041b6ea	
004376e0	DAT_004376e0	READ	0041b702	
004376e0	DAT_004376e0	WRITE	0041b70c	
004376e0	DAT_004376e0	WRITE	0041b71e	
004376e0	DAT_004376e0	READ	0041b740	
004376e0	DAT_004376e0	WRITE	0041b74e	
004376e0	DAT_004376e0	READ	0041b75c	
004376e0	DAT_004376e0	WRITE	0041b766	
004376e0	DAT_004376e0	READ	0041b777	
004376e0	DAT_004376e0	WRITE	0041b781	
004376e0	DAT_004376e0	WRITE	0041b793	
004376e0	DAT_004376e0	READ	0041b7b0	
004376e0	DAT_004376e0	READ	0041b7cf	
004376e0	DAT_004376e0	WRITE	0041b7db	
004376e0	DAT_004376e0	READ	0041b7e7	
004376e0	DAT_004376e0	WRITE	0041b7f5	
004376e0	DAT_004376e0	READ	0041b80e	
004376e0	DAT_004376e0	WRITE	0041b818	
004376e0	DAT_004376e0	WRITE	0041b82c	
004376e0	DAT_004376e0	READ	0041b850	
004376e0	DAT_004376e0	READ	0041b872	
004376e0	DAT_004376e0	WRITE	0041b87e	
004376e0	DAT_004376e0	READ	0041b88a	
004376e0	DAT_004376e0	WRITE	0041b898	
004376e0	DAT_004376e0	READ	0041b8b1	
004376e0	DAT_004376e0	WRITE	0041b8bb	
004376e0	DAT_004376e0	WRITE	0041b8cf	
004376e0	DAT_004376e0	READ	0041b900	
004376e0	DAT_004376e0	READ	0041b91f	
004376e0	DAT_004376e0	WRITE	0041b92b	
004376e0	DAT_004376e0	READ	0041b937	
004376e0	DAT_004376e0	WRITE	0041b945	
004376e0	DAT_004376e0	READ	0041b95e	
004376e0	DAT_004376e0	WRITE	0041b968	
004376e0	DAT_004376e0	WRITE	0041b97c	
004376e0	DAT_004376e0	READ	0041b9a0	
004376e0	DAT_004376e0	READ	0041b9bf	
004376e0	DAT_004376e0	WRITE	0041b9cb	
004376e0	DAT_004376e0	READ	0041b9d7	
004376e0	DAT_004376e0	WRITE	0041b9e5	
004376e0	DAT_004376e0	READ	0041b9fe	
004376e0	DAT_004376e0	WRITE	0041ba08	
004376e0	DAT_004376e0	WRITE	0041ba1c	
004376e0	DAT_004376e0	READ	0041ba40	
004376e0	DAT_004376e0	READ	0041ba5f	
004376e0	DAT_004376e0	WRITE	0041ba6b	
004376e0	DAT_004376e0	READ	0041ba77	
004376e0	DAT_004376e0	WRITE	0041ba85	
004376e0	DAT_004376e0	READ	0041baa3	
004376e0	DAT_004376e0	WRITE	0041baad	
004376e0	DAT_004376e0	WRITE	0041babd	
004376e0	DAT_004376e0	READ	0041baf0	
004376e0	DAT_004376e0	READ	0041bb0f	
004376e0	DAT_004376e0	WRITE	0041bb1b	
004376e0	DAT_004376e0	READ	0041bb27	
004376e0	DAT_004376e0	WRITE	0041bb35	
004376e0	DAT_004376e0	READ	0041bb4e	
004376e0	DAT_004376e0	WRITE	0041bb58	
004376e0	DAT_004376e0	WRITE	0041bb6c	
004376e0	DAT_004376e0	READ	0041bb90	
004376e0	DAT_004376e0	READ	0041bbaf	
004376e0	DAT_004376e0	WRITE	0041bbbb	
004376e0	DAT_004376e0	READ	0041bbc7	
004376e0	DAT_004376e0	WRITE	0041bbd5	
004376e0	DAT_004376e0	READ	0041bbee	
004376e0	DAT_004376e0	WRITE	0041bbf8	
004376e0	DAT_004376e0	WRITE	0041bc0c	
004376e0	DAT_004376e0	READ	0041bc30	
004376e0	DAT_004376e0	WRITE	0041bc3d	
004376e0	DAT_004376e0	READ	0041bc50	
004376e0	DAT_004376e0	WRITE	0041bc66	
004376e0	DAT_004376e0	WRITE	0041bc8b	
004376e0	DAT_004376e0	READ	0041bcad	
004376e0	DAT_004376e0	WRITE	0041bcc7	
004376e0	DAT_004376e0	WRITE	0041bcd5	
004376e0	DAT_004376e0	READ	0041bcf0	
004376e0	DAT_004376e0	READ	0041bd10	
004376e0	DAT_004376e0	READ	0041bd30	
004376e0	DAT_004376e0	READ	0041bd50	
004376e0	DAT_004376e0	READ	0041bd73	
004376e0	DAT_004376e0	WRITE	0041bd7b	
004376e0	DAT_004376e0	READ	0041bda0	
004376e0	DAT_004376e0	READ	0041bdc0	
004376e0	DAT_004376e0	READ	0041bde0	
004376e0	DAT_004376e0	READ	0041be00	
004376e0	DAT_004376e0	WRITE	0041be08	
004376e0	DAT_004376e0	READ	0041be20	
004376e0	DAT_004376e0	READ	0041be40	
004376e0	DAT_004376e0	READ	0041be60	
004376e0	DAT_004376e0	READ	0041be8a	
004376e0	DAT_004376e0	WRITE	0041be96	
004376e0	DAT_004376e0	READ	0041bec0	
004376e0	DAT_004376e0	READ	0041bee0	
004376e0	DAT_004376e0	READ	0041bf00	
004376e0	DAT_004376e0	READ	0041bf2c	
004376e0	DAT_004376e0	WRITE	0041bf38	
004376e0	DAT_004376e0	READ	0041bf60	
004376e0	DAT_004376e0	READ	0041bf80	
004376e0	DAT_004376e0	READ	0041bfa0	
004376e0	DAT_004376e0	READ	0041bfca	
004376e0	DAT_004376e0	WRITE	0041bfd6	
004376e0	DAT_004376e0	READ	0041c000	
004376e0	DAT_004376e0	READ	0041c020	
004376e0	DAT_004376e0	READ	0041c040	
004376e0	DAT_004376e0	READ	0041c06a	
004376e0	DAT_004376e0	WRITE	0041c076	
004376e0	DAT_004376e0	READ	0041c0a0	
004376e0	DAT_004376e0	READ	0041c0c0	
004376e0	DAT_004376e0	READ	0041c0e0	
004376e0	DAT_004376e0	READ	0041c10a	
004376e0	DAT_004376e0	WRITE	0041c116	
004376e0	DAT_004376e0	READ	0041c140	FUN_0041c140
004376e0	DAT_004376e0	READ	0041c160	
004376e0	DAT_004376e0	READ	0041c180	
004376e0	DAT_004376e0	READ	0041c1aa	
004376e0	DAT_004376e0	WRITE	0041c1b6	
004376e0	DAT_004376e0	READ	0041c1e0	
004376e0	DAT_004376e0	READ	0041c200	
004376e0	DAT_004376e0	READ	0041c220	
004376e0	DAT_004376e0	READ	0041c24a	
004376e0	DAT_004376e0	WRITE	0041c256	
004376e0	DAT_004376e0	READ	0041c280	
004376e0	DAT_004376e0	READ	0041e120	
004376e0	DAT_004376e0	WRITE	0041e141	
004376e0	DAT_004376e0	READ	0041e12f	
004376e0	DAT_004376e0	WRITE	0041e156	
004376e0	DAT_004376e0	READ	004257f0	
004376e0	DAT_004376e0	WRITE	00425804	
004376e0	DAT_004376e0	READ	00425817	
004376e0	DAT_004376e0	WRITE	0042582d	
004376e0	DAT_004376e0	WRITE	0042583b	
004376e0	DAT_004376e0	READ	0042586c	
004376e0	DAT_004376e0	WRITE	00425874	
004376e0	DAT_004376e0	READ	004258a0	
004376e0	DAT_004376e0	READ	004258c0	
004376e0	DAT_004376e0	READ	00425920	
004376e0	DAT_004376e0	READ	00425950	
004376e0	DAT_004376e0	READ	00425b0e	
004376e0	DAT_004376e0	WRITE	00425b1a	
004376e0	DAT_004376e0	READ	00425be0	
004376e0	DAT_004376e0	WRITE	00425bf1	
004376e0	DAT_004376e0	READ	00425c04	
004376e0	DAT_004376e0	WRITE	00425c1a	
004376e0	DAT_004376e0	WRITE	00425c29	
004376e0	DAT_004376e0	WRITE	00425c56	
004376e0	DAT_004376e0	READ	00425c90	
004376e0	DAT_004376e0	READ	00425cb0	
004376e0	DAT_004376e0	READ	00425d10	
004376e0	DAT_004376e0	READ	00425d30	
004376e0	DAT_004376e0	READ	00425da0	
004376e0	DAT_004376e0	READ	00425dd0	
004376e0	DAT_004376e0	READ	00425e30	
004376e0	DAT_004376e0	READ	00425e60	
004376e0	DAT_004376e0	READ	00425ed0	
004376e0	DAT_004376e0	READ	00425ef0	
004376e0	DAT_004376e0	READ	00425f50	
004376e0	DAT_004376e0	READ	00425f80	
004376e0	DAT_004376e0	READ	00425ff0	
004376e0	DAT_004376e0	WRITE	00425ff8	
004376e0	DAT_004376e0	READ	00426023	
004376e0	DAT_004376e0	WRITE	0042602f	
004376e0	DAT_004376e0	READ	0042603f	
004376e0	DAT_004376e0	WRITE	00426047	
004376e0	DAT_004376e0	READ	0042606b	
004376e0	DAT_004376e0	WRITE	00426078	
004376e0	DAT_004376e0	READ	00426090	
004376e0	DAT_004376e0	WRITE	00426098	
004376e0	DAT_004376e0	READ	00426130	
004376e0	DAT_004376e0	WRITE	00426138	
004376e0	DAT_004376e0	READ	004261e0	
004376e0	DAT_004376e0	WRITE	004261e8	
004376e0	DAT_004376e0	READ	00426290	
004376e0	DAT_004376e0	WRITE	00426298	
004376e0	DAT_004376e0	READ	00426340	
004376e0	DAT_004376e0	WRITE	00426348	
004376e0	DAT_004376e0	READ	004263f0	
004376e0	DAT_004376e0	READ	004263fd	
004376e0	DAT_004376e0	WRITE	00426405	
004376e0	DAT_004376e0	READ	0042641c	
004376e0	DAT_004376e0	WRITE	00426429	
004376e0	DAT_004376e0	READ	00426440	
004376e0	DAT_004376e0	READ	0042644d	
004376e0	DAT_004376e0	WRITE	00426455	
004376e0	DAT_004376e0	READ	0042646c	
004376e0	DAT_004376e0	WRITE	00426479	
004376e0	DAT_004376e0	READ	00426490	
004376e0	DAT_004376e0	READ	004264a3	
004376e0	DAT_004376e0	WRITE	004264ab	
004376e0	DAT_004376e0	READ	004264d0	
004376e0	DAT_004376e0	WRITE	004264d8	
004376e0	DAT_004376e0	READ	004264fb	
004376e0	DAT_004376e0	WRITE	00426507	
004376e0	DAT_004376e0	READ	00426530	
004376e0	DAT_004376e0	READ	00426545	
004376e0	DAT_004376e0	WRITE	00426551	
004376e0	DAT_004376e0	READ	00426566	
004376e0	DAT_004376e0	WRITE	00426572	
004376e0	DAT_004376e0	READ	004265a9	
004376e0	DAT_004376e0	WRITE	004265b6	
004376e0	DAT_004376e0	READ	004265eb	
004376e0	DAT_004376e0	WRITE	004265f7	
004376e0	DAT_004376e0	READ	00426620	
004376e0	DAT_004376e0	READ	00426635	
004376e0	DAT_004376e0	WRITE	00426641	
004376e0	DAT_004376e0	READ	00426656	
004376e0	DAT_004376e0	WRITE	00426662	
004376e0	DAT_004376e0	READ	00426699	
004376e0	DAT_004376e0	WRITE	004266a6	
004376e0	DAT_004376e0	READ	004266dd	
004376e0	DAT_004376e0	WRITE	004266e9	
004376e0	DAT_004376e0	READ	00426710	
004376e0	DAT_004376e0	READ	00426728	
004376e0	DAT_004376e0	WRITE	00426734	
004376e0	DAT_004376e0	READ	00426749	
004376e0	DAT_004376e0	WRITE	00426755	
004376e0	DAT_004376e0	READ	0042678f	
004376e0	DAT_004376e0	WRITE	0042679c	
004376e0	DAT_004376e0	READ	004267cb	
004376e0	DAT_004376e0	WRITE	004267d7	
004376e0	DAT_004376e0	READ	00426800	
004376e0	DAT_004376e0	READ	00426815	
004376e0	DAT_004376e0	WRITE	00426821	
004376e0	DAT_004376e0	READ	00426836	
004376e0	DAT_004376e0	WRITE	00426842	
004376e0	DAT_004376e0	READ	00426879	
004376e0	DAT_004376e0	WRITE	00426886	
004376e0	DAT_004376e0	READ	004268bb	
004376e0	DAT_004376e0	WRITE	004268c7	
004376e0	DAT_004376e0	READ	004268f0	
004376e0	DAT_004376e0	READ	00426905	
004376e0	DAT_004376e0	WRITE	00426911	
004376e0	DAT_004376e0	READ	00426926	
004376e0	DAT_004376e0	WRITE	00426932	
004376e0	DAT_004376e0	READ	00426969	
004376e0	DAT_004376e0	WRITE	00426976	
004376e0	DAT_004376e0	READ	004269ab	
004376e0	DAT_004376e0	WRITE	004269b7	
004376e0	DAT_004376e0	READ	004269e0	
004376e0	DAT_004376e0	READ	004269f5	
004376e0	DAT_004376e0	WRITE	00426a01	
004376e0	DAT_004376e0	READ	00426a16	
004376e0	DAT_004376e0	WRITE	00426a22	
004376e0	DAT_004376e0	READ	00426a5e	
004376e0	DAT_004376e0	WRITE	00426a6b	
004376e0	DAT_004376e0	READ	00426a9b	
004376e0	DAT_004376e0	WRITE	00426aa7	
004376e0	DAT_004376e0	READ	00426ad0	
004376e0	DAT_004376e0	READ	00426ae5	
004376e0	DAT_004376e0	WRITE	00426af1	
004376e0	DAT_004376e0	READ	00426b06	
004376e0	DAT_004376e0	WRITE	00426b12	
004376e0	DAT_004376e0	READ	00426b5b	
004376e0	DAT_004376e0	WRITE	00426b68	
004376e0	DAT_004376e0	READ	00426d73	
004376e0	DAT_004376e0	WRITE	00426d7b	
004376e0	DAT_004376e0	READ	00426d83	
004376e0	DAT_004376e0	WRITE	00426d8f	
004376e0	DAT_004376e0	READ	00426d97	
004376e0	DAT_004376e0	WRITE	00426da3	
004376e0	DAT_004376e0	READ	00426dab	
004376e0	DAT_004376e0	WRITE	00426db7	
004376e0	DAT_004376e0	READ	00426f5c	
004376e0	DAT_004376e0	WRITE	00426f68	
004376e0	DAT_004376e0	READ	0042701b	
004376e0	DAT_004376e0	WRITE	00427027	
004376e0	DAT_004376e0	READ	0042ebe0	FUN_0042ebe0
004376e0	DAT_004376e0	WRITE	0042ebeb	FUN_0042ebe0
004376e0	DAT_004376e0	READ	0042754f	
004376e0	DAT_004376e0	WRITE	0042755b	
004376e0	DAT_004376e0	READ	00427b3e	
004376e0	DAT_004376e0	WRITE	00427b4a	
004376e0	DAT_004376e0	READ	00427df0	
004376e0	DAT_004376e0	WRITE	00427e04	
004376e0	DAT_004376e0	READ	00427e17	
004376e0	DAT_004376e0	WRITE	00427e2d	
004376e0	DAT_004376e0	WRITE	00427e3b	
004376e0	DAT_004376e0	READ	00427e6c	
004376e0	DAT_004376e0	WRITE	00427e74	
004376e0	DAT_004376e0	READ	00427ea0	
004376e0	DAT_004376e0	READ	00427ec0	
004376e0	DAT_004376e0	READ	00427f20	
004376e0	DAT_004376e0	READ	00427f50	
004376e0	DAT_004376e0	READ	00427fc3	
004376e0	DAT_004376e0	WRITE	00427fd1	
004376e0	DAT_004376e0	READ	00427ff0	
004376e0	DAT_004376e0	WRITE	00427ffc	
004376e0	DAT_004376e0	READ	00428193	
004376e0	DAT_004376e0	WRITE	0042819f	
004376e0	DAT_004376e0	READ	004281bc	
004376e0	DAT_004376e0	WRITE	004281c4	
004376e0	DAT_004376e0	READ	004286e0	
004376e0	DAT_004376e0	WRITE	004286f4	
004376e0	DAT_004376e0	READ	00428707	
004376e0	DAT_004376e0	WRITE	0042871d	
004376e0	DAT_004376e0	WRITE	0042872b	
004376e0	DAT_004376e0	READ	0042875c	
004376e0	DAT_004376e0	WRITE	00428764	
004376e0	DAT_004376e0	READ	00428780	
004376e0	DAT_004376e0	READ	004287a0	
004376e0	DAT_004376e0	READ	00428800	
004376e0	DAT_004376e0	READ	00428830	
004376e0	DAT_004376e0	READ	00428dc0	
004376e0	DAT_004376e0	WRITE	00428dd4	
004376e0	DAT_004376e0	READ	00428de7	
004376e0	DAT_004376e0	WRITE	00428dfd	
004376e0	DAT_004376e0	WRITE	00428e0c	
004376e0	DAT_004376e0	WRITE	00428e39	
004376e0	DAT_004376e0	READ	00428e50	
004376e0	DAT_004376e0	READ	00428e60	
004376e0	DAT_004376e0	READ	00428e80	
004376e0	DAT_004376e0	READ	00428ee0	
004376e0	DAT_004376e0	READ	00428f00	
004376e0	DAT_004376e0	READ	00428f70	
004376e0	DAT_004376e0	READ	00428f90	
004376e0	DAT_004376e0	READ	00428fb0	
004376e0	DAT_004376e0	READ	00428fd0	
004376e0	DAT_004376e0	READ	00428ff0	
004376e0	DAT_004376e0	READ	00429010	
004376e0	DAT_004376e0	READ	00429070	
004376e0	DAT_004376e0	READ	004290a0	
004376e0	DAT_004376e0	READ	00429110	
004376e0	DAT_004376e0	READ	00429130	
004376e0	DAT_004376e0	READ	00429190	
004376e0	DAT_004376e0	READ	004291c0	
004376e0	DAT_004376e0	READ	00429230	
004376e0	DAT_004376e0	READ	00429250	
004376e0	DAT_004376e0	READ	004292b0	
004376e0	DAT_004376e0	READ	004292e0	
004376e0	DAT_004376e0	READ	00429351	
004376e0	DAT_004376e0	READ	00429371	
004376e0	DAT_004376e0	READ	004293d1	
004376e0	DAT_004376e0	READ	00429401	
004376e0	DAT_004376e0	READ	00429470	
004376e0	DAT_004376e0	READ	00429490	
004376e0	DAT_004376e0	READ	004294f0	
004376e0	DAT_004376e0	READ	00429520	
004376e0	DAT_004376e0	READ	004296b0	
004376e0	DAT_004376e0	WRITE	004296b8	
004376e0	DAT_004376e0	READ	004296d0	
004376e0	DAT_004376e0	WRITE	004296d8	
004376e0	DAT_004376e0	READ	004296f0	
004376e0	DAT_004376e0	WRITE	004296f8	
004376e0	DAT_004376e0	READ	00429710	
004376e0	DAT_004376e0	WRITE	00429718	
004376e0	DAT_004376e0	READ	00429730	
004376e0	DAT_004376e0	WRITE	00429738	
004376e0	DAT_004376e0	READ	00429750	
004376e0	DAT_004376e0	WRITE	00429758	
004376e0	DAT_004376e0	READ	00429770	
004376e0	DAT_004376e0	WRITE	00429778	
004376e0	DAT_004376e0	READ	00429790	
004376e0	DAT_004376e0	WRITE	00429798	
004376e0	DAT_004376e0	READ	004297b0	
004376e0	DAT_004376e0	WRITE	004297b8	
004376e0	DAT_004376e0	READ	004297d0	
004376e0	DAT_004376e0	WRITE	004297d8	
004376e0	DAT_004376e0	READ	004297f1	
004376e0	DAT_004376e0	WRITE	004297f9	
004376e0	DAT_004376e0	READ	00429811	
004376e0	DAT_004376e0	WRITE	00429819	
004376e0	DAT_004376e0	READ	00429840	
004376e0	DAT_004376e0	WRITE	00429848	
004376e0	DAT_004376e0	READ	00429860	
004376e0	DAT_004376e0	WRITE	00429868	
004376e0	DAT_004376e0	READ	004298e3	
004376e0	DAT_004376e0	WRITE	004298eb	
004376e0	DAT_004376e0	READ	00429920	
004376e0	DAT_004376e0	WRITE	00429928	
004376e0	DAT_004376e0	READ	00429940	
004376e0	DAT_004376e0	WRITE	00429948	
004376e0	DAT_004376e0	READ	00429960	
004376e0	DAT_004376e0	WRITE	00429968	
004376e0	DAT_004376e0	READ	00429980	
004376e0	DAT_004376e0	WRITE	00429988	
004376e0	DAT_004376e0	READ	004299a0	
004376e0	DAT_004376e0	WRITE	004299a8	
004376e0	DAT_004376e0	READ	00429a20	
004376e0	DAT_004376e0	WRITE	00429a28	
004376e0	DAT_004376e0	READ	00429ae0	
004376e0	DAT_004376e0	WRITE	00429ae8	
004376e0	DAT_004376e0	READ	00429c90	
004376e0	DAT_004376e0	WRITE	00429c9f	
004376e0	DAT_004376e0	READ	00429cab	
004376e0	DAT_004376e0	WRITE	00429cb7	
004376e0	DAT_004376e0	READ	00429ce0	
004376e0	DAT_004376e0	WRITE	00429ce8	
004376e0	DAT_004376e0	READ	00429e6c	
004376e0	DAT_004376e0	WRITE	00429e78	
004376e0	DAT_004376e0	READ	00429ebc	
004376e0	DAT_004376e0	WRITE	00429ec8	
004376e0	DAT_004376e0	READ	0042a22f	FUN_0042a220
004376e0	DAT_004376e0	WRITE	0042a23b	FUN_0042a220
004376e0	DAT_004376e0	READ	0042a24c	FUN_0042a220
004376e0	DAT_004376e0	WRITE	0042a258	FUN_0042a220
004376e0	DAT_004376e0	READ	0042a85c	
004376e0	DAT_004376e0	WRITE	0042a868	
004376e0	DAT_004376e0	READ	0042a8ac	
004376e0	DAT_004376e0	WRITE	0042a8b8	
004376e0	DAT_004376e0	READ	0042a8ee	
004376e0	DAT_004376e0	WRITE	0042a8fa	
004376e0	DAT_004376e0	READ	0042a9bc	
004376e0	DAT_004376e0	WRITE	0042a9c8	
004376e0	DAT_004376e0	READ	0042a9fb	
004376e0	DAT_004376e0	WRITE	0042aa07	
004376e0	DAT_004376e0	READ	0042aa3c	
004376e0	DAT_004376e0	WRITE	0042aa48	
004376e0	DAT_004376e0	READ	0042aa59	
004376e0	DAT_004376e0	WRITE	0042aa65	
004376e0	DAT_004376e0	READ	0042aaac	
004376e0	DAT_004376e0	WRITE	0042aab8	
004376e0	DAT_004376e0	READ	0042aaec	
004376e0	DAT_004376e0	WRITE	0042aaf8	
004376e0	DAT_004376e0	READ	0042abfc	
004376e0	DAT_004376e0	WRITE	0042ac08	
004376e0	DAT_004376e0	READ	0042ac4c	
004376e0	DAT_004376e0	WRITE	0042ac58	
004376e0	DAT_004376e0	READ	0042aca3	FUN_0042ac90
004376e0	DAT_004376e0	WRITE	0042acaf	FUN_0042ac90
004376e0	DAT_004376e0	READ	0042adbd	
004376e0	DAT_004376e0	WRITE	0042adc9	
004376e0	DAT_004376e0	READ	0042b840	
004376e0	DAT_004376e0	WRITE	0042b84c	
004376e0	DAT_004376e0	READ	0042bfc0	
004376e0	DAT_004376e0	READ	0042c000	
004376e0	DAT_004376e0	READ	0042c040	
004376e0	DAT_004376e0	READ	0042c143	
004376e0	DAT_004376e0	WRITE	0042c14b	
004376e0	DAT_004376e0	READ	0042c153	
004376e0	DAT_004376e0	WRITE	0042c15f	
004376e0	DAT_004376e0	READ	0042c183	
004376e0	DAT_004376e0	WRITE	0042c18b	
004376e0	DAT_004376e0	READ	0042c193	
004376e0	DAT_004376e0	WRITE	0042c19f	
004376e0	DAT_004376e0	READ	0042c4e0	
004376e0	DAT_004376e0	WRITE	0042c4f4	
004376e0	DAT_004376e0	READ	0042c507	
004376e0	DAT_004376e0	WRITE	0042c51d	
004376e0	DAT_004376e0	WRITE	0042c52b	
004376e0	DAT_004376e0	READ	0042c55c	
004376e0	DAT_004376e0	WRITE	0042c564	
004376e0	DAT_004376e0	READ	0042c590	
004376e0	DAT_004376e0	READ	0042c5b0	
004376e0	DAT_004376e0	READ	0042c610	
004376e0	DAT_004376e0	READ	0042c640	
004376e0	DAT_004376e0	READ	0042c6d0	
004376e0	DAT_004376e0	WRITE	0042c6db	
004376e0	DAT_004376e0	READ	0042c6f0	
004376e0	DAT_004376e0	WRITE	0042c6fb	
004376e0	DAT_004376e0	READ	0042c713	
004376e0	DAT_004376e0	WRITE	0042c721	
004376e0	DAT_004376e0	READ	0042c73b	
004376e0	DAT_004376e0	WRITE	0042c747	
004376e0	DAT_004376e0	READ	0042c753	
004376e0	DAT_004376e0	WRITE	0042c75b	
004376e0	DAT_004376e0	READ	0042c913	
004376e0	DAT_004376e0	WRITE	0042c91e	
004376e0	DAT_004376e0	READ	0042c926	
004376e0	DAT_004376e0	WRITE	0042c92e	
004376e0	DAT_004376e0	READ	0042c936	
004376e0	DAT_004376e0	WRITE	0042c942	
004376e0	DAT_004376e0	READ	0042c973	
004376e0	DAT_004376e0	WRITE	0042c97e	
004376e0	DAT_004376e0	READ	0042c986	
004376e0	DAT_004376e0	WRITE	0042c98e	
004376e0	DAT_004376e0	READ	0042c996	
004376e0	DAT_004376e0	WRITE	0042c9a2	
004376e0	DAT_004376e0	READ	0042c9ae	
004376e0	DAT_004376e0	WRITE	0042c9b6	
004376e0	DAT_004376e0	READ	0042ca3d	
004376e0	DAT_004376e0	WRITE	0042ca49	
004376e0	DAT_004376e0	READ	0042ca7d	
004376e0	DAT_004376e0	WRITE	0042ca89	
004376e0	DAT_004376e0	READ	0042cab1	
004376e0	DAT_004376e0	WRITE	0042cabc	
004376e0	DAT_004376e0	READ	0042cacd	
004376e0	DAT_004376e0	WRITE	0042cad9	
004376e0	DAT_004376e0	READ	0042cb03	
004376e0	DAT_004376e0	WRITE	0042cb0e	
004376e0	DAT_004376e0	READ	0042cb43	
004376e0	DAT_004376e0	WRITE	0042cb4e	
004376e0	DAT_004376e0	READ	0042e610	
004376e0	DAT_004376e0	WRITE	0042e624	
004376e0	DAT_004376e0	READ	0042e637	
004376e0	DAT_004376e0	WRITE	0042e64d	
004376e0	DAT_004376e0	WRITE	0042e65b	
004376e0	DAT_004376e0	READ	0042e68c	
004376e0	DAT_004376e0	WRITE	0042e694	
004376e0	DAT_004376e0	READ	0042e6c0	
004376e0	DAT_004376e0	READ	0042e6e0	
004376e0	DAT_004376e0	READ	0042e740	
004376e0	DAT_004376e0	READ	0042e770	
004376e0	DAT_004376e0	READ	0042e7e0	
004376e0	DAT_004376e0	WRITE	0042e7eb	
004376e0	DAT_004376e0	READ	0042e800	
004376e0	DAT_004376e0	WRITE	0042e80b	
004376e0	DAT_004376e0	READ	0042e820	
004376e0	DAT_004376e0	WRITE	0042e82b	
004376e0	DAT_004376e0	READ	0042e840	
004376e0	DAT_004376e0	WRITE	0042e84b	
004376e0	DAT_004376e0	READ	0042e860	
004376e0	DAT_004376e0	WRITE	0042e86b	
004376e0	DAT_004376e0	READ	0042e880	
004376e0	DAT_004376e0	WRITE	0042e88b	
004376e0	DAT_004376e0	READ	0042e8a0	
004376e0	DAT_004376e0	WRITE	0042e8ab	
004376e0	DAT_004376e0	READ	0042e8c1	
004376e0	DAT_004376e0	WRITE	0042e8d4	
004376e0	DAT_004376e0	READ	0042e8e9	
004376e0	DAT_004376e0	WRITE	0042e8f5	
004376e0	DAT_004376e0	READ	0042e933	
004376e0	DAT_004376e0	WRITE	0042e93e	
004376e0	DAT_004376e0	READ	0042e946	
004376e0	DAT_004376e0	WRITE	0042e94e	
004376e0	DAT_004376e0	READ	0042e973	
004376e0	DAT_004376e0	WRITE	0042e97e	
004376e0	DAT_004376e0	READ	0042e986	
004376e0	DAT_004376e0	WRITE	0042e992	
004376e0	DAT_004376e0	READ	0042e9e0	
004376e0	DAT_004376e0	WRITE	0042e9eb	
004376e0	DAT_004376e0	READ	0042ea00	
004376e0	DAT_004376e0	WRITE	0042ea14	
004376e0	DAT_004376e0	READ	0042ea27	
004376e0	DAT_004376e0	WRITE	0042ea3d	
004376e0	DAT_004376e0	WRITE	0042ea4b	
004376e0	DAT_004376e0	READ	0042ea80	
004376e0	DAT_004376e0	WRITE	0042ea88	
004376e0	DAT_004376e0	READ	0042eaa0	
004376e0	DAT_004376e0	READ	0042eac0	
004376e0	DAT_004376e0	READ	0042eb20	
004376e0	DAT_004376e0	READ	0042eb50	
004376e0	DAT_004376e0	READ	0042ec30	
004376e0	DAT_004376e0	WRITE	0042ec44	
004376e0	DAT_004376e0	READ	0042ec57	
004376e0	DAT_004376e0	WRITE	0042ec6d	
004376e0	DAT_004376e0	WRITE	0042ec7b	
004376e0	DAT_004376e0	READ	0042ecab	
004376e0	DAT_004376e0	WRITE	0042ecb3	
004376e0	DAT_004376e0	READ	0042ed30	
004376e0	DAT_004376e0	READ	0042ed50	
004376e0	DAT_004376e0	READ	0042edb0	
004376e0	DAT_004376e0	READ	0042edd0	
004376e0	DAT_004376e0	READ	0042ee43	
004376e0	DAT_004376e0	WRITE	0042ee4e	
004376e0	DAT_004376e0	READ	0042eef0	
004376e0	DAT_004376e0	WRITE	0042eefb	
004376e0	DAT_004376e0	READ	0042ef10	
004376e0	DAT_004376e0	WRITE	0042ef1b	
004376e0	DAT_004376e0	READ	0042f570	
004376e0	DAT_004376e0	WRITE	0042f57b	
004376e0	DAT_004376e0	READ	0042fa20	
004376e0	DAT_004376e0	WRITE	0042fa30	
004376e0	DAT_004376e0	READ	0042fa38	
004376e0	DAT_004376e0	WRITE	0042fa45	
004376e0	DAT_004376e0	READ	0042fa4d	
004376e0	DAT_004376e0	WRITE	0042fa5a	
004376e0	DAT_004376e0	READ	0042fa62	
004376e0	DAT_004376e0	WRITE	0042fa6f	
004376e0	DAT_004376e0	READ	0042fa77	
004376e0	DAT_004376e0	WRITE	0042fa84	
004376e0	DAT_004376e0	READ	0042fb1b	
004376e0	DAT_004376e0	WRITE	0042fb27	
004376e0	DAT_004376e0	READ	0042fb38	
004376e0	DAT_004376e0	WRITE	0042fb44	
004376e0	DAT_004376e0	READ	0042fb55	
004376e0	DAT_004376e0	WRITE	0042fb61	
004376e0	DAT_004376e0	READ	0042fb72	
004376e0	DAT_004376e0	WRITE	0042fb7e	
004376e0	DAT_004376e0	READ	00430217	
004376e0	DAT_004376e0	WRITE	00430223	
004376e0	DAT_004376e0	READ	0043028f	
004376e0	DAT_004376e0	WRITE	0043029b	
004376e0	DAT_004376e0	READ	004302f7	FUN_004302e0
004376e0	DAT_004376e0	WRITE	00430303	FUN_004302e0
004376e0	DAT_004376e0	READ	00430370	FUN_00430350
004376e0	DAT_004376e0	WRITE	0043037c	FUN_00430350
004376e0	DAT_004376e0	READ	004303c0	
004376e0	DAT_004376e0	WRITE	004303c8	
004376e0	DAT_004376e0	READ	004303d1	
004376e0	DAT_004376e0	READ	004303f0	
004376e0	DAT_004376e0	WRITE	004303fc	
004376e0	DAT_004376e0	READ	0041c2a0	
004376e0	DAT_004376e0	READ	0041c2e0	
004376e0	DAT_004376e0	READ	0041c320	
004376e0	DAT_004376e0	READ	0041c360	
004376e0	DAT_004376e0	READ	0041c3b1	
004376e0	DAT_004376e0	READ	0041c3c3	
004376e0	DAT_004376e0	WRITE	0041c3cf	
004376e0	DAT_004376e0	READ	0041c401	
004376e0	DAT_004376e0	READ	0041c427	
004376e0	DAT_004376e0	WRITE	0041c433	
004376e0	DAT_004376e0	READ	0041c491	
004376e0	DAT_004376e0	READ	0041c4a9	
004376e0	DAT_004376e0	WRITE	0041c4b5	
004376e0	DAT_004376e0	READ	0041c4e1	
004376e0	DAT_004376e0	READ	0041c516	
004376e0	DAT_004376e0	WRITE	0041c522	
004376e0	DAT_004376e0	READ	0041c580	
004376e0	DAT_004376e0	WRITE	0041c58c	
004376e0	DAT_004376e0	READ	0041c5a0	
004376e0	DAT_004376e0	WRITE	0041c5be	
004376e0	DAT_004376e0	READ	0041c610	
004376e0	DAT_004376e0	WRITE	0041c624	
004376e0	DAT_004376e0	READ	0041c640	
004376e0	DAT_004376e0	WRITE	0041c66c	
004376e0	DAT_004376e0	READ	0041c6c0	
004376e0	DAT_004376e0	READ	0041c6d5	
004376e0	DAT_004376e0	WRITE	0041c6e1	
004376e0	DAT_004376e0	READ	0041c871	
004376e0	DAT_004376e0	READ	0041c897	
004376e0	DAT_004376e0	WRITE	0041c8a3	
004376e0	DAT_004376e0	READ	0041c901	
004376e0	DAT_004376e0	READ	0041c919	
004376e0	DAT_004376e0	WRITE	0041c925	
004376e0	DAT_004376e0	READ	0041c951	
004376e0	DAT_004376e0	READ	0041c986	
004376e0	DAT_004376e0	WRITE	0041c992	
004376e0	DAT_004376e0	READ	0041c9f0	
004376e0	DAT_004376e0	WRITE	0041c9fc	
004376e0	DAT_004376e0	READ	0041ca10	
004376e0	DAT_004376e0	WRITE	0041ca2e	
004376e0	DAT_004376e0	READ	0041ca80	
004376e0	DAT_004376e0	WRITE	0041ca94	
004376e0	DAT_004376e0	READ	0041cab0	
004376e0	DAT_004376e0	WRITE	0041cadc	
004376e0	DAT_004376e0	READ	0041cb31	
004376e0	DAT_004376e0	READ	0041cb43	
004376e0	DAT_004376e0	WRITE	0041cb4f	
004376e0	DAT_004376e0	READ	0041cb81	
004376e0	DAT_004376e0	READ	0041cba7	
004376e0	DAT_004376e0	WRITE	0041cbb3	
004376e0	DAT_004376e0	READ	0041cc11	
004376e0	DAT_004376e0	READ	0041cc29	
004376e0	DAT_004376e0	WRITE	0041cc35	
004376e0	DAT_004376e0	READ	0041cc61	
004376e0	DAT_004376e0	READ	0041cc96	
004376e0	DAT_004376e0	WRITE	0041cca2	
004376e0	DAT_004376e0	READ	0041cd01	
004376e0	DAT_004376e0	READ	0041cd13	
004376e0	DAT_004376e0	WRITE	0041cd1f	
004376e0	DAT_004376e0	READ	0041cd51	
004376e0	DAT_004376e0	READ	0041cd77	
004376e0	DAT_004376e0	WRITE	0041cd83	
004376e0	DAT_004376e0	READ	0041cde1	
004376e0	DAT_004376e0	READ	0041cdf9	
004376e0	DAT_004376e0	WRITE	0041ce05	
004376e0	DAT_004376e0	READ	0041ce31	
004376e0	DAT_004376e0	READ	0041ce66	
004376e0	DAT_004376e0	WRITE	0041ce72	
004376e0	DAT_004376e0	READ	0041ced1	
004376e0	DAT_004376e0	READ	0041cee3	
004376e0	DAT_004376e0	WRITE	0041ceef	
004376e0	DAT_004376e0	READ	0041cf21	
004376e0	DAT_004376e0	READ	0041cf47	
004376e0	DAT_004376e0	WRITE	0041cf53	
004376e0	DAT_004376e0	READ	0041cfb1	
004376e0	DAT_004376e0	READ	0041cfc9	
004376e0	DAT_004376e0	WRITE	0041cfd5	
004376e0	DAT_004376e0	READ	0041d001	
004376e0	DAT_004376e0	READ	0041d036	
004376e0	DAT_004376e0	WRITE	0041d042	
004376e0	DAT_004376e0	READ	0041d0a1	
004376e0	DAT_004376e0	READ	0041d0b3	
004376e0	DAT_004376e0	WRITE	0041d0bf	
004376e0	DAT_004376e0	READ	0041d0f1	
004376e0	DAT_004376e0	READ	0041d117	
004376e0	DAT_004376e0	WRITE	0041d123	
004376e0	DAT_004376e0	READ	0041d181	
004376e0	DAT_004376e0	READ	0041d199	
004376e0	DAT_004376e0	WRITE	0041d1a5	
004376e0	DAT_004376e0	READ	0041d1d1	
004376e0	DAT_004376e0	READ	0041d205	
004376e0	DAT_004376e0	WRITE	0041d211	
004376e0	DAT_004376e0	READ	0041d270	
004376e0	DAT_004376e0	READ	0041d285	
004376e0	DAT_004376e0	WRITE	0041d291	
004376e0	DAT_004376e0	READ	0041d2c0	
004376e0	DAT_004376e0	READ	0041d2e9	
004376e0	DAT_004376e0	WRITE	0041d2f5	
004376e0	DAT_004376e0	READ	0041d350	
004376e0	DAT_004376e0	READ	0041d36d	
004376e0	DAT_004376e0	WRITE	0041d379	
004376e0	DAT_004376e0	READ	0041d3a0	
004376e0	DAT_004376e0	READ	0041d3d8	
004376e0	DAT_004376e0	WRITE	0041d3e4	
004376e0	DAT_004376e0	READ	0041d443	
004376e0	DAT_004376e0	WRITE	0041d44f	
004376e0	DAT_004376e0	READ	0041d493	
004376e0	DAT_004376e0	WRITE	0041d4b3	
004376e0	DAT_004376e0	READ	0041d523	
004376e0	DAT_004376e0	WRITE	0041d537	
004376e0	DAT_004376e0	READ	0041d583	
004376e0	DAT_004376e0	WRITE	0041d5af	
004376e0	DAT_004376e0	READ	0041d623	
004376e0	DAT_004376e0	WRITE	0041d62f	
004376e0	DAT_004376e0	READ	0041d673	
004376e0	DAT_004376e0	WRITE	0041d691	
004376e0	DAT_004376e0	READ	0041d703	
004376e0	DAT_004376e0	WRITE	0041d717	
004376e0	DAT_004376e0	READ	0041d763	
004376e0	DAT_004376e0	WRITE	0041d790	
004376e0	DAT_004376e0	READ	0041d803	
004376e0	DAT_004376e0	WRITE	0041d80f	
004376e0	DAT_004376e0	READ	0041d843	
004376e0	DAT_004376e0	WRITE	0041d861	
004376e0	DAT_004376e0	READ	0041d8c3	
004376e0	DAT_004376e0	WRITE	0041d8d7	
004376e0	DAT_004376e0	READ	0041d903	
004376e0	DAT_004376e0	WRITE	0041d930	
004376e0	DAT_004376e0	READ	0041d990	
004376e0	DAT_004376e0	READ	0041d9c0	
004376e0	DAT_004376e0	READ	0041da30	
004376e0	DAT_004376e0	READ	0041da60	
004376e0	DAT_004376e0	READ	0041dae0	
004376e0	DAT_004376e0	WRITE	0041daec	
004376e0	DAT_004376e0	READ	0041db50	
004376e0	DAT_004376e0	WRITE	0041db6e	
004376e0	DAT_004376e0	READ	0041dc00	
004376e0	DAT_004376e0	WRITE	0041dc14	
004376e0	DAT_004376e0	READ	0041dc70	
004376e0	DAT_004376e0	WRITE	0041dc9d	
004376e0	DAT_004376e0	READ	0041dd31	
004376e0	DAT_004376e0	WRITE	0041dd3d	
004376e0	DAT_004376e0	READ	0041dd61	
004376e0	DAT_004376e0	WRITE	0041dd7f	
004376e0	DAT_004376e0	READ	0041ddd1	
004376e0	DAT_004376e0	WRITE	0041dde5	
004376e0	DAT_004376e0	READ	0041de11	
004376e0	DAT_004376e0	WRITE	0041de3e	
004376e0	DAT_004376e0	READ	0041de90	
004376e0	DAT_004376e0	WRITE	0041de98	
004376e0	DAT_004376e0	READ	0041dea2	
004376e0	DAT_004376e0	WRITE	0041deac	
004376e0	DAT_004376e0	READ	0041deb4	
004376e0	DAT_004376e0	WRITE	0041dec1	
004376e0	DAT_004376e0	WRITE	0041ded0	
004376e0	DAT_004376e0	READ	0041dee0	
004376e0	DAT_004376e0	WRITE	0041def5	
004376e0	DAT_004376e0	READ	0041df05	FUN_0041df60
004376e0	DAT_004376e0	WRITE	0041df0d	FUN_0041df60
004376e0	DAT_004376e0	WRITE	0041df98	FUN_0041df60
004376e0	DAT_004376e0	READ	0041dfa8	FUN_0041df60
004376e0	DAT_004376e0	WRITE	0041dfb8	FUN_0041df60
004376e0	DAT_004376e0	READ	0041dff4	
004376e0	DAT_004376e0	WRITE	0041e00c	
004376e0	DAT_004376e0	WRITE	0041e09c	
004376e0	DAT_004376e0	WRITE	0041e0b1	
004376e0	DAT_004376e0	READ	0041e1ca	
004376e0	DAT_004376e0	WRITE	0041e1d6	
004376e0	DAT_004376e0	READ	0041e20a	
004376e0	DAT_004376e0	WRITE	0041e216	
004376e0	DAT_004376e0	READ	0041e29a	
004376e0	DAT_004376e0	WRITE	0041e2a6	
004376e0	DAT_004376e0	READ	0041e2ea	
004376e0	DAT_004376e0	WRITE	0041e2f6	
004376e0	DAT_004376e0	READ	0041e349	
004376e0	DAT_004376e0	WRITE	0041e355	
004376e0	DAT_004376e0	READ	0041e3a9	
004376e0	DAT_004376e0	WRITE	0041e3b5	
004376e0	DAT_004376e0	READ	0041e640	
004376e0	DAT_004376e0	WRITE	0041e648	
004376e0	DAT_004376e0	READ	0041e680	
004376e0	DAT_004376e0	WRITE	0041e688	
004376e0	DAT_004376e0	READ	0041e7f0	
004376e0	DAT_004376e0	WRITE	0041e7fb	
004376e0	DAT_004376e0	READ	0041e831	
004376e0	DAT_004376e0	WRITE	0041e839	
004376e0	DAT_004376e0	READ	0041e863	
004376e0	DAT_004376e0	WRITE	0041e86b	
004376e0	DAT_004376e0	READ	0041e891	
004376e0	DAT_004376e0	WRITE	0041e899	
004376e0	DAT_004376e0	READ	0041e8cf	FUN_0041e8c0
004376e0	DAT_004376e0	WRITE	0041e8db	FUN_0041e8c0
004376e0	DAT_004376e0	READ	0041ea2a	
004376e0	DAT_004376e0	WRITE	0041ea36	
004376e0	DAT_004376e0	READ	0041ea6a	
004376e0	DAT_004376e0	WRITE	0041ea76	
004376e0	DAT_004376e0	READ	0041eaaa	
004376e0	DAT_004376e0	WRITE	0041eab6	
004376e0	DAT_004376e0	READ	0041eaea	
004376e0	DAT_004376e0	WRITE	0041eaf6	
004376e0	DAT_004376e0	READ	0041eb2c	
004376e0	DAT_004376e0	WRITE	0041eb38	
004376e0	DAT_004376e0	READ	0041ebb0	
004376e0	DAT_004376e0	WRITE	0041ebb9	
004376e0	DAT_004376e0	READ	0041ec21	
004376e0	DAT_004376e0	WRITE	0041ec29	
004376e0	DAT_004376e0	READ	0041ec5a	
004376e0	DAT_004376e0	WRITE	0041ec66	
004376e0	DAT_004376e0	READ	0041ec9a	
004376e0	DAT_004376e0	WRITE	0041eca6	
004376e0	DAT_004376e0	READ	0041ecf0	
004376e0	DAT_004376e0	WRITE	0041ecf8	
004376e0	DAT_004376e0	READ	0041ef46	
004376e0	DAT_004376e0	WRITE	0041ef4e	
004376e0	DAT_004376e0	READ	0041ef76	
004376e0	DAT_004376e0	WRITE	0041ef7e	
004376e0	DAT_004376e0	READ	0041efad	
004376e0	DAT_004376e0	WRITE	0041efb9	
004376e0	DAT_004376e0	READ	0041f04d	
004376e0	DAT_004376e0	WRITE	0041f059	
004376e0	DAT_004376e0	READ	0041f0ed	
004376e0	DAT_004376e0	WRITE	0041f0f9	
004376e0	DAT_004376e0	READ	0041f18d	
004376e0	DAT_004376e0	WRITE	0041f199	
004376e0	DAT_004376e0	READ	0041f228	
004376e0	DAT_004376e0	WRITE	0041f230	
004376e0	DAT_004376e0	READ	0041f268	
004376e0	DAT_004376e0	WRITE	0041f270	
004376e0	DAT_004376e0	READ	0041f2a3	
004376e0	DAT_004376e0	WRITE	0041f2ab	
004376e0	DAT_004376e0	READ	0041f2e3	
004376e0	DAT_004376e0	WRITE	0041f2eb	
004376e0	DAT_004376e0	READ	0041f323	
004376e0	DAT_004376e0	WRITE	0041f32b	
004376e0	DAT_004376e0	READ	0041f363	
004376e0	DAT_004376e0	WRITE	0041f36b	
004376e0	DAT_004376e0	READ	0041f460	
004376e0	DAT_004376e0	WRITE	0041f46c	
004376e0	DAT_004376e0	READ	0041f4e0	
004376e0	DAT_004376e0	WRITE	0041f4ec	
004376e0	DAT_004376e0	READ	0041f64a	
004376e0	DAT_004376e0	WRITE	0041f656	
004376e0	DAT_004376e0	READ	0041f683	
004376e0	DAT_004376e0	WRITE	0041f68b	
004376e0	DAT_004376e0	READ	0041f6d1	
004376e0	DAT_004376e0	WRITE	0041f6d9	
004376e0	DAT_004376e0	READ	00421990	
004376e0	DAT_004376e0	WRITE	0042199c	
004376e0	DAT_004376e0	READ	004220a0	
004376e0	DAT_004376e0	WRITE	004220a8	
004376e0	DAT_004376e0	READ	004220c0	
004376e0	DAT_004376e0	WRITE	004220c8	
004376e0	DAT_004376e0	READ	004220e0	
004376e0	DAT_004376e0	WRITE	004220e8	
004376e0	DAT_004376e0	READ	00422100	
004376e0	DAT_004376e0	WRITE	00422108	
004376e0	DAT_004376e0	READ	0042234a	
004376e0	DAT_004376e0	WRITE	00422356	
004376e0	DAT_004376e0	READ	0042238a	
004376e0	DAT_004376e0	WRITE	00422396	
004376e0	DAT_004376e0	READ	004223c0	
004376e0	DAT_004376e0	WRITE	004223cb	
004376e0	DAT_004376e0	READ	0042242a	
004376e0	DAT_004376e0	WRITE	00422436	
004376e0	DAT_004376e0	READ	0042247a	
004376e0	DAT_004376e0	WRITE	00422486	
004376e0	DAT_004376e0	READ	004226fe	
004376e0	DAT_004376e0	WRITE	0042270a	
004376e0	DAT_004376e0	READ	004237a0	
004376e0	DAT_004376e0	WRITE	004237a8	
004376e0	DAT_004376e0	READ	00423800	
004376e0	DAT_004376e0	WRITE	00423808	
004376e0	DAT_004376e0	READ	00423860	
004376e0	DAT_004376e0	WRITE	00423868	
004376e0	DAT_004376e0	READ	004238c0	
004376e0	DAT_004376e0	WRITE	004238c8	
004376e0	DAT_004376e0	READ	00423900	
004376e0	DAT_004376e0	WRITE	00423908	
004376e0	DAT_004376e0	READ	00423980	
004376e0	DAT_004376e0	WRITE	00423988	
004376e0	DAT_004376e0	READ	004239f0	
004376e0	DAT_004376e0	WRITE	004239f9	
004376e0	DAT_004376e0	READ	00423b70	
004376e0	DAT_004376e0	WRITE	00423b78	
004376e0	DAT_004376e0	READ	00423c90	
004376e0	DAT_004376e0	WRITE	00423c98	
004376e0	DAT_004376e0	READ	00423db0	
004376e0	DAT_004376e0	WRITE	00423db8	
004376e0	DAT_004376e0	READ	00423ec0	
004376e0	DAT_004376e0	WRITE	00423ec8	
004376e0	DAT_004376e0	READ	00423fc0	
004376e0	DAT_004376e0	WRITE	00423fc8	
004376e0	DAT_004376e0	READ	00424060	
004376e0	DAT_004376e0	WRITE	00424068	
004376e0	DAT_004376e0	READ	00424150	
004376e0	DAT_004376e0	WRITE	00424158	
004376e0	DAT_004376e0	READ	004241f0	
004376e0	DAT_004376e0	WRITE	004241f8	
004376e0	DAT_004376e0	READ	00424290	
004376e0	DAT_004376e0	WRITE	00424298	
004376e0	DAT_004376e0	READ	00424330	
004376e0	DAT_004376e0	WRITE	00424338	
004376e0	DAT_004376e0	READ	00424380	
004376e0	DAT_004376e0	WRITE	00424388	
004376e0	DAT_004376e0	READ	004243e0	
004376e0	DAT_004376e0	WRITE	004243e8	
004376e0	DAT_004376e0	READ	004245be	
004376e0	DAT_004376e0	WRITE	004245ca	
004376e0	DAT_004376e0	READ	00424820	
004376e0	DAT_004376e0	WRITE	0042482a	
004376e0	DAT_004376e0	READ	0042492b	
004376e0	DAT_004376e0	WRITE	00424937	
004376e0	DAT_004376e0	READ	00424a5b	
004376e0	DAT_004376e0	WRITE	00424a67	
004376e0	DAT_004376e0	READ	00424b51	
004376e0	DAT_004376e0	WRITE	00424b59	
004376e0	DAT_004376e0	READ	00424b8f	
004376e0	DAT_004376e0	WRITE	00424b9b	
004376e0	DAT_004376e0	READ	00425040	
004376e0	DAT_004376e0	WRITE	00425048	
004376e0	DAT_004376e0	READ	00425070	
004376e0	DAT_004376e0	WRITE	00425078	
004376e0	DAT_004376e0	READ	0042516a	
004376e0	DAT_004376e0	WRITE	00425176	
004376e0	DAT_004376e0	READ	0042532a	
004376e0	DAT_004376e0	WRITE	00425336	
004376e0	DAT_004376e0	READ	004253d0	
004376e0	DAT_004376e0	WRITE	004253d8	
004376e0	DAT_004376e0	READ	00425630	
004376e0	DAT_004376e0	WRITE	00425639	
004376e4	DAT_004376e4	READ	004187d6	FUN_00418770
004376e4	DAT_004376e4	WRITE	0041880b	FUN_00418770
004376e4	DAT_004376e4	READ	0041884d	FUN_00418770
004376e4	DAT_004376e4	READ	00419b7a	FUN_00419b60
004376e4	DAT_004376e4	READ	00420d15	FUN_00420ce0
004376e4	DAT_004376e4	READ	0041f7a8	FUN_0041f790
004376e4	DAT_004376e4	READ	004218d0	FUN_004214a0
004376e4	DAT_004376e4	READ	00425788	
004376e4	DAT_004376e4	READ	00429e2d	
004376e4	DAT_004376e4	READ	0042c402	
004376e4	DAT_004376e4	READ	00420285	FUN_0041f7c0
004376e4	DAT_004376e4	READ	0042050e	
004376e4	DAT_004376e4	READ	00420613	
004376e4	DAT_004376e4	READ	0042074a	
004376e4	DAT_004376e4	READ	00420854	
004376e4	DAT_004376e4	READ	00420910	FUN_004208b0
004376e4	DAT_004376e4	READ	004209b4	FUN_00420960
004376e4	DAT_004376e4	READ	00420b6e	
004376e4	DAT_004376e4	READ	00421160	
004376e4	DAT_004376e4	READ	00421448	
004376e4	DAT_004376e4	READ	00421b29	
004376e4	DAT_004376e4	READ	00421ebd	
004376e4	DAT_004376e4	READ	0041f753	FUN_0041f730
004376e8	DAT_004376e8	READ	004187e1	FUN_00418770
004376e8	DAT_004376e8	WRITE	00418817	FUN_00418770
004376e8	DAT_004376e8	READ	0041a38b	FUN_0041a1b0
004376e8	DAT_004376e8	READ	0041a4b0	FUN_0041a1b0
004376e8	DAT_004376e8	READ	00418fd6	FUN_00418d50
004376e8	DAT_004376e8	READ	004190ec	FUN_00418d50
004376e8	DAT_004376e8	READ	00419a3d	FUN_00419a10
004376e8	DAT_004376e8	READ	00419b86	FUN_00419b60
004376ec	DAT_004376ec	READ	004187ec	FUN_00418770
004376ec	DAT_004376ec	WRITE	00418823	FUN_00418770
004376ec	DAT_004376ec	READ	00421602	FUN_004214a0
004376ec	DAT_004376ec	WRITE	00421636	FUN_004214a0
004376ec	DAT_004376ec	READ	00421645	FUN_004214a0
004376ec	DAT_004376ec	READ	00421870	FUN_004214a0
004376ec	DAT_004376ec	READ	004218c7	FUN_004214a0
004376f0	DAT_004376f0	READ	0041aa1c	FUN_0041aa00
004376f0	DAT_004376f0	WRITE	0042a2f5	FUN_0042a220
004376f0	DAT_004376f0	WRITE	0042a331	FUN_0042a220
004376f0	DAT_004376f0	WRITE	0042fa9d	
004376f0	DAT_004376f0	WRITE	0042fad5	
004376f0	DAT_004376f0	WRITE	004300f6	
004376f0	DAT_004376f0	WRITE	0043011e	
004376f4	DAT_004376f4	WRITE	00418791	FUN_00418770
004376f4	DAT_004376f4	READ	00418c50	FUN_00418c50
004376f4	DAT_004376f4	READ	00418cd7	FUN_00418cd0
004376f4	DAT_004376f4	READ	00419bff	FUN_00419bf0
004376f4	DAT_004376f4	READ	00419c11	FUN_00419bf0
004376f4	DAT_004376f4	READ	00419c50	FUN_00419c40
004376f4	DAT_004376f4	READ	00419c61	FUN_00419c40
004376f4	DAT_004376f4	READ	00419e70	FUN_00419e60
004376f4	DAT_004376f4	READ	00419e81	FUN_00419e60
004376f4	DAT_004376f4	READ	00419dac	FUN_00419c90
004376f4	DAT_004376f4	READ	00419e24	FUN_00419c90
004376f4	DAT_004376f4	READ	00428bba	FUN_00428ba0
004376f4	DAT_004376f4	READ	00428c10	FUN_00428bf0
004376f4	DAT_004376f4	READ	00421923	FUN_004214a0
004376f4	DAT_004376f4	READ	00428ca5	FUN_00428c50
004376f4	DAT_004376f4	READ	00428d5f	FUN_00428d00
004376f4	DAT_004376f4	READ	00428b41	FUN_00428b30
004376f4	DAT_004376f4	READ	00428b77	FUN_00428b60
004376f4	DAT_004376f4	READ	0041f012	
004376f4	DAT_004376f4	READ	0041f0b2	
004376f4	DAT_004376f4	READ	0041f152	
004376f4	DAT_004376f4	READ	0041f1f2	
004376f4	DAT_004376f4	READ	0041f769	FUN_0041f730
004376f8	DAT_004376f8	WRITE	004187be	FUN_00418770
004376f8	DAT_004376f8	READ	00418c57	FUN_00418c50
004376f8	DAT_004376f8	READ	00418cfb	FUN_00418cd0
004376f8	DAT_004376f8	READ	00419bf1	FUN_00419bf0
004376f8	DAT_004376f8	READ	00419c42	FUN_00419c40
004376f8	DAT_004376f8	READ	00419e62	FUN_00419e60
004376f8	DAT_004376f8	READ	00419de9	FUN_00419c90
004376f8	DAT_004376f8	READ	00428bc6	FUN_00428ba0
004376f8	DAT_004376f8	READ	00428c1c	FUN_00428bf0
004376f8	DAT_004376f8	READ	0042191d	FUN_004214a0
004376f8	DAT_004376f8	READ	00428cb1	FUN_00428c50
004376f8	DAT_004376f8	READ	00428d6b	FUN_00428d00
004376f8	DAT_004376f8	READ	00428b4d	FUN_00428b30
004376f8	DAT_004376f8	READ	00428b83	FUN_00428b60
004376fc	DAT_004376fc	READ	0041877c	FUN_00418770
004376fc	DAT_004376fc	WRITE	0041879e	FUN_00418770
004376fc	DAT_004376fc	READ	0041882d	FUN_00418770
004376fc	DAT_004376fc	READ	0041851e	FUN_00418510
004376fc	DAT_004376fc	READ	004185b0	FUN_00418510
004376fc	DAT_004376fc	READ	004185c7	FUN_00418510
004376fc	DAT_004376fc	READ	0041860a	FUN_00418510
004376fc	DAT_004376fc	READ	004186c7	FUN_00418510
004376fc	DAT_004376fc	READ	00418add	FUN_00418a80
004376fc	DAT_004376fc	READ	00418bb6	FUN_00418a80
004376fc	DAT_004376fc	READ	0041ac65	FUN_0041aa00
004376fc	DAT_004376fc	READ	0041a397	FUN_0041a1b0
004376fc	DAT_004376fc	READ	0041a53f	FUN_0041a1b0
004376fc	DAT_004376fc	READ	0041a6af	FUN_0041a1b0
004376fc	DAT_004376fc	READ	00418d84	FUN_00418d50
004376fc	DAT_004376fc	READ	00420cfe	FUN_00420ce0
004376fc	DAT_004376fc	READ	00420bbc	FUN_00420bb0
004376fc	DAT_004376fc	READ	0041f790	FUN_0041f790
004376fc	DAT_004376fc	READ	004215fa	FUN_004214a0
004376fc	DAT_004376fc	READ	00421656	FUN_004214a0
004376fc	DAT_004376fc	READ	0042184a	FUN_004214a0
004376fc	DAT_004376fc	READ	0041895c	FUN_00418890
004376fc	DAT_004376fc	READ	004189c7	FUN_00418890
004376fc	DAT_004376fc	READ	004256e0	
004376fc	DAT_004376fc	READ	00429e10	
004376fc	DAT_004376fc	READ	0042c2e6	
004376fc	DAT_004376fc	READ	0041c714	
004376fc	DAT_004376fc	READ	0041c73b	
004376fc	DAT_004376fc	READ	0041c802	
004376fc	DAT_004376fc	READ	00420208	FUN_0041f7c0
004376fc	DAT_004376fc	READ	004203ee	
004376fc	DAT_004376fc	READ	004208bd	FUN_004208b0
004376fc	DAT_004376fc	READ	004209aa	FUN_00420960
004376fc	DAT_004376fc	READ	00420b25	
004376fc	DAT_004376fc	READ	004210e1	
004376fc	DAT_004376fc	READ	004213b5	
004376fc	DAT_004376fc	READ	00421427	
004376fc	DAT_004376fc	READ	00421435	
004376fc	DAT_004376fc	READ	00421a77	
004376fc	DAT_004376fc	READ	00421c2f	
004376fc	DAT_004376fc	READ	00421d46	
004376fc	DAT_004376fc	READ	00421d75	
004376fc	DAT_004376fc	READ	00421da3	
004376fc	DAT_004376fc	READ	00421e2d	
004376fc	DAT_004376fc	READ	00421e47	
004376fc	DAT_004376fc	READ	00421eb7	
004376fc	DAT_004376fc	READ	00421f26	
004376fc	DAT_004376fc	READ	0041f732	FUN_0041f730
00437700	DAT_00437700	READ	0041878b	FUN_00418770
00437700	DAT_00437700	WRITE	004187cc	FUN_00418770
00437700	DAT_00437700	READ	00418833	FUN_00418770
00437700	DAT_00437700	READ	0041852c	FUN_00418510
00437700	DAT_00437700	READ	0041861e	FUN_00418510
00437700	DAT_00437700	READ	00418635	FUN_00418510
00437700	DAT_00437700	READ	00418678	FUN_00418510
00437700	DAT_00437700	READ	00418735	FUN_00418510
00437700	DAT_00437700	READ	00418aed	FUN_00418a80
00437700	DAT_00437700	READ	00418bdb	FUN_00418a80
00437700	DAT_00437700	READ	0041ac60	FUN_0041aa00
00437700	DAT_00437700	READ	0041a3c7	FUN_0041a1b0
00437700	DAT_00437700	READ	0041a6b5	FUN_0041a1b0
00437700	DAT_00437700	READ	00418da3	FUN_00418d50
00437700	DAT_00437700	READ	00418eca	FUN_00418d50
00437700	DAT_00437700	READ	00418fbf	FUN_00418d50
00437700	DAT_00437700	READ	0041901d	FUN_00418d50
00437700	DAT_00437700	READ	00419066	FUN_00418d50
00437700	DAT_00437700	READ	004190db	FUN_00418d50
00437700	DAT_00437700	READ	00419c9d	FUN_00419c90
00437700	DAT_00437700	READ	00419d42	FUN_00419c90
00437700	DAT_00437700	READ	00419d61	FUN_00419c90
00437700	DAT_00437700	READ	00420d07	FUN_00420ce0
00437700	DAT_00437700	READ	00420c7b	FUN_00420bb0
00437700	DAT_00437700	READ	0041f798	FUN_0041f790
00437700	DAT_00437700	READ	004214f7	FUN_004214a0
00437700	DAT_00437700	READ	00421610	FUN_004214a0
00437700	DAT_00437700	READ	00421623	FUN_004214a0
00437700	DAT_00437700	READ	0042164a	FUN_004214a0
00437700	DAT_00437700	READ	0042184f	FUN_004214a0
00437700	DAT_00437700	READ	004218c1	FUN_004214a0
00437700	DAT_00437700	READ	00418952	FUN_00418890
00437700	DAT_00437700	READ	004189da	FUN_00418890
00437700	DAT_00437700	READ	0042571a	
00437700	DAT_00437700	READ	00429e1c	
00437700	DAT_00437700	READ	0042c301	
00437700	DAT_00437700	READ	0042c38d	
00437700	DAT_00437700	READ	0041c71f	
00437700	DAT_00437700	READ	0041c743	
00437700	DAT_00437700	READ	0041c808	
00437700	DAT_00437700	READ	00420238	FUN_0041f7c0
00437700	DAT_00437700	READ	004203f3	
00437700	DAT_00437700	READ	00420902	FUN_004208b0
00437700	DAT_00437700	READ	00420970	FUN_00420960
00437700	DAT_00437700	READ	00420b36	
00437700	DAT_00437700	READ	00421107	
00437700	DAT_00437700	READ	0042136d	
00437700	DAT_00437700	READ	00421a89	
00437700	DAT_00437700	READ	00421c54	
00437700	DAT_00437700	READ	00421d40	
00437700	DAT_00437700	READ	00421d6b	
00437700	DAT_00437700	READ	00421da9	
00437700	DAT_00437700	READ	00421e4f	
00437700	DAT_00437700	READ	00421e6b	
00437700	DAT_00437700	READ	00421e7a	
00437700	DAT_00437700	READ	00421e93	
00437700	DAT_00437700	READ	00421eab	
00437700	DAT_00437700	READ	00421ed4	
00437700	DAT_00437700	READ	0041f73a	FUN_0041f730
00437704	DAT_00437704	READ	00418782	FUN_00418770
00437704	DAT_00437704	WRITE	004187ab	FUN_00418770
00437704	DAT_00437704	READ	0041874d	FUN_00418510
00437704	DAT_00437704	READ	00418fcd	FUN_00418d50
00437704	DAT_00437704	READ	004190f9	FUN_00418d50
00437704	DAT_00437704	READ	0041912f	FUN_00418d50
00437704	DAT_00437704	READ	00419146	FUN_00418d50
00437704	DAT_00437704	READ	004191e9	FUN_00418d50
00437704	DAT_00437704	READ	00419a49	FUN_00419a10
00437704	DAT_00437704	READ	00419b96	FUN_00419b60
00437704	DAT_00437704	READ	00420d0f	FUN_00420ce0
00437704	DAT_00437704	READ	00420bb3	FUN_00420bb0
00437704	DAT_00437704	READ	0041f7a0	FUN_0041f790
00437704	DAT_00437704	READ	0042579b	
00437704	DAT_00437704	READ	004257cd	
00437704	DAT_00437704	READ	00429e24	
00437704	DAT_00437704	READ	0042c3fc	
00437704	DAT_00437704	READ	0042c466	
00437704	DAT_00437704	READ	00420290	FUN_0041f7c0
00437704	DAT_00437704	READ	004203fd	
00437704	DAT_00437704	READ	0042090a	FUN_004208b0
00437704	DAT_00437704	READ	0042098c	FUN_00420960
00437704	DAT_00437704	READ	00420b68	
00437704	DAT_00437704	READ	00421168	
00437704	DAT_00437704	READ	00421442	
00437704	DAT_00437704	READ	00421b23	
00437704	DAT_00437704	READ	0041f742	FUN_0041f730
00437708	DAT_00437708	WRITE	004187b3	FUN_00418770
00437708	DAT_00437708	READ	00419a37	FUN_00419a10
00437708	DAT_00437708	READ	00419b64	FUN_00419b60
0043770c	DAT_0043770c	WRITE	00418542	FUN_00418510
0043770c	DAT_0043770c	READ	0041a3a8	FUN_0041a1b0
0043770d	DAT_0043770d	WRITE	0041855b	FUN_00418510
0043770d	DAT_0043770d	READ	0041a45c	FUN_0041a1b0
0043770d	DAT_0043770d	READ	0041a4b8	FUN_0041a1b0
0043770d	DAT_0043770d	READ	00419ece	FUN_00419eb0
00437710	DAT_00437710	READ	0041858a	FUN_00418510
00437710	DAT_00437710	WRITE	004185a0	FUN_00418510
00437710	DAT_00437710	READ	0041a476	FUN_0041a1b0
00437710	DAT_00437710	READ	0041a624	FUN_0041a1b0
00437714	DAT_00437714	READ	0041856c	FUN_00418510
00437714	DAT_00437714	WRITE	00418577	FUN_00418510
00437714	DAT_00437714	WRITE	00418581	FUN_00418510
00437714	DAT_00437714	READ	00418595	FUN_00418510
00437718	DAT_00437718	READ	004185a5	FUN_00418510
00437718	DAT_00437718	WRITE	004185c2	FUN_00418510
00437718	DAT_00437718	READ	004185fb	FUN_00418510
00437718	DAT_00437718	READ	0041a3e0	FUN_0041a1b0
0043771c	DAT_0043771c	READ	00418613	FUN_00418510
0043771c	DAT_0043771c	WRITE	00418630	FUN_00418510
0043771c	DAT_0043771c	READ	00418669	FUN_00418510
0043771c	DAT_0043771c	READ	0041a3fe	FUN_0041a1b0
00437720	DAT_00437720	READ	00418681	FUN_00418510
00437720	DAT_00437720	WRITE	0041869e	FUN_00418510
00437720	DAT_00437720	READ	004186d7	FUN_00418510
00437720	DAT_00437720	READ	0041a4df	FUN_0041a1b0
00437720	DAT_00437720	READ	0041a5d9	FUN_0041a1b0
00437724	DAT_00437724	READ	004186ef	FUN_00418510
00437724	DAT_00437724	WRITE	0041870c	FUN_00418510
00437724	DAT_00437724	READ	00418747	FUN_00418510
00437724	DAT_00437724	READ	0041a4a1	FUN_0041a1b0
00437728	DAT_00437728	WRITE	00418876	FUN_00418770
00437728	DAT_00437728	WRITE	00418c1b	FUN_00418a80
00437728	DAT_00437728	READ	0041ab56	FUN_0041aa00
00437728	DAT_00437728	READ	0041ab71	FUN_0041aa00
00437728	DAT_00437728	READ	0041a3a2	FUN_0041a1b0
00437728	DAT_00437728	READ	0041a632	FUN_0041a1b0
00437728	DAT_00437728	READ	0041a665	FUN_0041a1b0
00437728	DAT_00437728	READ	0041b0d8	FUN_0041b010
00437728	DAT_00437728	READ	00424db4	FUN_00424db0
00437728	DAT_00437728	READ	00421c5a	
00437728	DAT_00437728	READ	00424cb8	
00437728	DAT_00437728	READ	00424f94	
0043772c	DAT_0043772c	WRITE	0041887b	FUN_00418770
0043772c	DAT_0043772c	WRITE	00418c2f	FUN_00418a80
0043772c	DAT_0043772c	READ	0041ab19	FUN_0041aa00
0043772c	DAT_0043772c	READ	0041ab2d	FUN_0041aa00
0043772c	DAT_0043772c	READ	0041a3bb	FUN_0041a1b0
0043772c	DAT_0043772c	READ	0041a646	FUN_0041a1b0
0043772c	DAT_0043772c	READ	0041a65f	FUN_0041a1b0
0043772c	DAT_0043772c	READ	0041b0e0	FUN_0041b010
0043772c	DAT_0043772c	READ	00424dce	FUN_00424db0
0043772c	DAT_0043772c	READ	00424e31	FUN_00424db0
0043772c	DAT_0043772c	READ	00421c72	
0043772c	DAT_0043772c	READ	00424cd7	
0043772c	DAT_0043772c	READ	00424d15	
0043772c	DAT_0043772c	READ	00424fb2	
00437730	DAT_00437730	READ	00418567	FUN_00418510
00437730	DAT_00437730	WRITE	00418bf1	FUN_00418a80
00437734	DAT_00437734	READ	004217b0	FUN_004214a0
00437734	DAT_00437734	READ	004217db	FUN_004214a0
00437734	DAT_00437734	WRITE	00421975	
00437738	DAT_00437738	READ	0041a1bc	FUN_0041a1b0
00437738	DAT_00437738	WRITE	0041a1cc	FUN_0041a1b0
00437738	DAT_00437738	READ	0041a244	FUN_0041a1b0
00437738	DAT_00437738	WRITE	0041a254	FUN_0041a1b0
00437738	DAT_00437738	WRITE	0041e231	
00437738	DAT_00437738	WRITE	0042278a	
00437739	DAT_00437739	WRITE	0040ae53	FUN_0040ae30
00437739	DAT_00437739	WRITE	0040afaa	FUN_0040ae30
00437739	DAT_00437739	WRITE	0040b04c	FUN_0040ae30
00437739	DAT_00437739	WRITE	0040ad4e	FUN_0040ad10
00437739	DAT_00437739	READ	0041a281	FUN_0041a1b0
00437739	DAT_00437739	WRITE	0041a291	FUN_0041a1b0
00437739	DAT_00437739	WRITE	0041e1f0	
0043773c	DAT_0043773c	READ	00418d78	FUN_00418d50
0043773c	DAT_0043773c	READ	0042ad50	
0043773c	DAT_0043773c	READ	0042223f	
0043773c	DAT_0043773c	WRITE	00422247	
00437740	DAT_00437740	READ	00418d8f	FUN_00418d50
00437740	DAT_00437740	READ	0042ad60	FUN_0042ad60
00437740	DAT_00437740	READ	0042227f	
00437740	DAT_00437740	WRITE	00422287	
00437744	DAT_00437744	WRITE	0041b59c	FUN_0041b2e0
00437744	DAT_00437744	READ	0041b60f	FUN_0041b2e0
00437748	DAT_00437748	READ	0041b2b7	FUN_0041b2b0
00437748	DAT_00437748	READ	0040b62f	FUN_0040b4f0
00437748	DAT_00437748	WRITE	0040b63d	FUN_0040b4f0
00437748	DAT_00437748	READ	0041ad5e	FUN_0041ad10
00437748	DAT_00437748	READ	0042e4e8	FUN_0042e1c0
00437748	DAT_00437748	WRITE	0040b6f3	FUN_0040b4f0
00437748	DAT_00437748	READ	00426c9a	
00437748	DAT_00437748	READ	00426cb7	
00437748	DAT_00437748	READ	0041df4b	FUN_0041df60
00437748	DAT_00437748	READ	0041df6a	FUN_0041df60
00437748	DAT_00437748	READ	0041e04a	
00437748	DAT_00437748	READ	0041e069	
00437748	DAT_00437748	READ	0041e188	
00437748	DAT_00437748	READ	0041e1a1	
00437750	DAT_00437750	WRITE	0041b0a9	FUN_0041b010
00437750	DAT_00437750	WRITE	0041b10e	FUN_0041b010
00437750	DAT_00437750	READ	00426dbf	
00437750	DAT_00437750	READ	00426dd8	
00437750	DAT_00437750	READ	00426eb1	
00437750	DAT_00437750	READ	00426ecb	
00437750	DAT_00437750	READ	0042a200	
00437750	DAT_00437750	READ	00425050	
00437750	DAT_00437750	WRITE	0042505d	
00437750	DAT_00437750	READ	00424f0f	
00437750	DAT_00437750	READ	00424f71	
00437758	DAT_00437758	WRITE	0041b0ca	FUN_0041b010
00437758	DAT_00437758	WRITE	0041b124	FUN_0041b010
00437758	DAT_00437758	READ	00426de5	
00437758	DAT_00437758	READ	00426dfa	
00437758	DAT_00437758	READ	00426edc	
00437758	DAT_00437758	READ	00426efb	
00437758	DAT_00437758	READ	0042a210	
00437758	DAT_00437758	READ	00424f26	
00437758	DAT_00437758	READ	00424f8e	
00437758	DAT_00437758	READ	00425080	
00437758	DAT_00437758	WRITE	0042508d	
00437760	DAT_00437760	READ	00417ce0	FUN_00417cc0
00437760	DAT_00437760	READ	004177e0	FUN_004177e0
00437760	DAT_00437760	WRITE	004177f9	FUN_004177e0
00437760	DAT_00437760	READ	004178e3	FUN_00417870
00437760	DAT_00437760	READ	0041790f	FUN_00417870
00437760	DAT_00437760	READ	0041795b	FUN_00417870
00437760	DAT_00437760	READ	00417a05	FUN_00417870
00437760	DAT_00437760	READ	00417a6b	FUN_00417870
00437760	DAT_00437760	READ	00417aad	FUN_00417870
00437760	DAT_00437760	READ	00417af5	FUN_00417870
00437760	DAT_00437760	READ	00417b14	FUN_00417870
00437760	DAT_00437760	READ	00417bfb	FUN_00417870
00437760	DAT_00437760	READ	00417c1d	FUN_00417870
00437760	DAT_00437760	READ	00417810	FUN_00417810
00437760	DAT_00437760	WRITE	00417862	FUN_00417810
00437760	DAT_00437760	READ	004173b1	FUN_00417380
00437760	DAT_00437760	READ	004173d7	FUN_00417380
00437760	DAT_00437760	READ	004174de	FUN_004174c0
00437760	DAT_00437760	READ	004174f6	FUN_004174c0
00437760	DAT_00437760	READ	00417516	FUN_004174c0
00437760	DAT_00437760	READ	00417592	FUN_00417580
00437760	DAT_00437760	READ	004175bb	FUN_00417580
00437760	DAT_00437760	READ	004175f0	FUN_004175e0
00437760	DAT_00437760	READ	0041766a	FUN_004175e0
00437760	DAT_00437760	READ	00417435	FUN_00417400
00437760	DAT_00437760	READ	00417464	FUN_00417400
00437760	DAT_00437760	READ	0041748c	FUN_00417400
00437760	DAT_00437760	READ	004176a0	FUN_00417690
00437760	DAT_00437760	READ	004177bc	FUN_00417690
00437760	DAT_00437760	READ	0041755d	FUN_00417550
00437764	DAT_00437764	READ	00417ccb	FUN_00417cc0
00437764	DAT_00437764	WRITE	00417cd4	FUN_00417cc0
00437764	DAT_00437764	READ	00417cf2	FUN_00417cc0
00437764	DAT_00437764	READ	00417870	FUN_00417870
00437764	DAT_00437764	WRITE	004178f3	FUN_00417870
00437764	DAT_00437764	WRITE	004173f0	FUN_00417380
00437764	DAT_00437764	WRITE	00417534	FUN_004174c0
00437764	DAT_00437764	WRITE	004175a7	FUN_00417580
00437764	DAT_00437764	WRITE	004175d1	FUN_00417580
00437764	DAT_00437764	WRITE	00417673	FUN_004175e0
00437764	DAT_00437764	WRITE	0041747d	FUN_00417400
00437764	DAT_00437764	WRITE	004174a6	FUN_00417400
00437764	DAT_00437764	WRITE	004177c7	FUN_00417690
00437768	DAT_00437768	WRITE	00417803	FUN_004177e0
00437768	DAT_00437768	READ	00417886	FUN_00417870
00437768	DAT_00437768	READ	004179f9	FUN_00417870
00437768	DAT_00437768	WRITE	00417a1a	FUN_00417870
00437768	DAT_00437768	READ	004270a5	
00437768	DAT_00437768	WRITE	004179b6	FUN_00417870
00437768	DAT_00437768	READ	0041ec10	
0043776c	DAT_0043776c	READ	00417cfb	FUN_00417cc0
0043776c	DAT_0043776c	WRITE	00417d0b	FUN_00417cc0
0043776c	DAT_0043776c	WRITE	00417d12	FUN_00417cc0
0043776c	DAT_0043776c	WRITE	004178ba	FUN_00417870
0043776c	DAT_0043776c	WRITE	00417955	FUN_00417870
0043776c	DAT_0043776c	READ	004179e6	FUN_00417870
0043776c	DAT_0043776c	READ	00417a37	FUN_00417870
0043776c	DAT_0043776c	WRITE	00417a5d	FUN_00417870
0043776c	DAT_0043776c	WRITE	00417a65	FUN_00417870
0043776c	DAT_0043776c	READ	00417c7e	FUN_00417870
0043776c	DAT_0043776c	WRITE	00417c86	FUN_00417870
0043776c	DAT_0043776c	READ	0042a7c5	
0043776c	DAT_0043776c	WRITE	004179c6	FUN_00417870
00437770	DAT_00437770	READ	00417d18	FUN_00417cc0
00437770	DAT_00437770	WRITE	00417d28	FUN_00417cc0
00437770	DAT_00437770	WRITE	00417d2f	FUN_00417cc0
00437770	DAT_00437770	WRITE	004178c0	FUN_00417870
00437770	DAT_00437770	READ	00417b38	FUN_00417870
00437770	DAT_00437770	WRITE	00417b97	FUN_00417870
00437770	DAT_00437770	WRITE	00417ba3	FUN_00417870
00437770	DAT_00437770	READ	00417c5e	FUN_00417870
00437770	DAT_00437770	WRITE	00417c79	FUN_00417870
00437770	DAT_00437770	READ	0042a815	
00437770	DAT_00437770	WRITE	004179cc	FUN_00417870
00437774	DAT_00437774	READ	00417ce9	FUN_00417cc0
00437774	DAT_00437774	WRITE	004178c6	FUN_00417870
00437774	DAT_00437774	READ	00427095	
00437774	DAT_00437774	WRITE	00417994	FUN_00417870
00437774	DAT_00437774	WRITE	004179d2	FUN_00417870
00437774	DAT_00437774	READ	004174cc	FUN_004174c0
00437774	DAT_00437774	READ	00417589	FUN_00417580
00437774	DAT_00437774	READ	00417636	FUN_004175e0
00437774	DAT_00437774	READ	0041745b	FUN_00417400
00437774	DAT_00437774	READ	00417737	FUN_00417690
00437775	DAT_00437775	READ	00427085	
00437775	DAT_00437775	WRITE	004178cc	FUN_00417870
00437775	DAT_00437775	WRITE	004179f2	FUN_00417870
00437775	DAT_00437775	WRITE	004179d8	FUN_00417870
00437775	DAT_00437775	READ	004174d5	FUN_004174c0
00437775	DAT_00437775	READ	004175b2	FUN_00417580
00437775	DAT_00437775	READ	0041ebcc	
00437778	DAT_00437778	READ	0040b76a	FUN_0040b4f0
00437778	DAT_00437778	WRITE	0040b77a	FUN_0040b4f0
00437778	DAT_00437778	WRITE	0040b783	FUN_0040b4f0
00437778	DAT_00437778	READ	0040b6fe	FUN_0040b4f0
00437778	DAT_00437778	WRITE	0040b721	FUN_0040b4f0
00437778	DAT_00437778	READ	0042ab36	
00437778	DAT_00437778	READ	0042ab87	
00437778	DAT_00437778	READ	0042abb3	
00437778	DAT_00437778	READ	00421fce	
00437778	DAT_00437778	READ	00421ffa	
00437778	DAT_00437778	READ	00422080	
0043777c	DAT_0043777c	READ	0040b788	FUN_0040b4f0
0043777c	DAT_0043777c	WRITE	0040b796	FUN_0040b4f0
0043777c	DAT_0043777c	WRITE	0040b79e	FUN_0040b4f0
0043777c	DAT_0043777c	READ	0040b703	FUN_0040b4f0
0043777c	DAT_0043777c	READ	0042ab31	
0043777c	DAT_0043777c	WRITE	0042ab55	
0043777c	DAT_0043777c	WRITE	0042ab5c	
0043777c	DAT_0043777c	READ	0042ab82	
0043777c	DAT_0043777c	READ	0042abae	
0043777c	DAT_0043777c	WRITE	0042abca	
0043777c	DAT_0043777c	WRITE	0042abd1	
0043777c	DAT_0043777c	READ	00421fc9	
0043777c	DAT_0043777c	READ	00421ff5	
0043777c	DAT_0043777c	WRITE	00422006	
0043777c	DAT_0043777c	WRITE	0042200d	
0043777c	DAT_0043777c	WRITE	0042208b	
00437780	DAT_00437780	READ	0042f6f6	FUN_0042f6e0
00437780	DAT_00437780	READ	0042f722	FUN_0042f6e0
00437780	DAT_00437780	READ	0040b5b9	FUN_0040b4f0
00437780	DAT_00437780	WRITE	0040b5ce	FUN_0040b4f0
00437780	DAT_00437780	WRITE	0040b5d7	FUN_0040b4f0
00437780	DAT_00437780	READ	0042f765	
00437780	DAT_00437780	READ	0042202e	
00437780	DAT_00437780	READ	0042205a	
00437780	DAT_00437780	READ	00422085	
00437784	DAT_00437784	READ	0042f6f1	FUN_0042f6e0
00437784	DAT_00437784	READ	0042f71d	FUN_0042f6e0
00437784	DAT_00437784	READ	0042f738	FUN_0042f6e0
00437784	DAT_00437784	WRITE	0042f741	FUN_0042f6e0
00437784	DAT_00437784	WRITE	0042f748	FUN_0042f6e0
00437784	DAT_00437784	READ	0040b5dc	FUN_0040b4f0
00437784	DAT_00437784	WRITE	0040b5ee	FUN_0040b4f0
00437784	DAT_00437784	WRITE	0040b5fa	FUN_0040b4f0
00437784	DAT_00437784	READ	0042f760	
00437784	DAT_00437784	READ	0042f77b	
00437784	DAT_00437784	WRITE	0042f784	
00437784	DAT_00437784	WRITE	0042f78b	
00437784	DAT_00437784	READ	00422029	
00437784	DAT_00437784	READ	00422055	
00437784	DAT_00437784	WRITE	00422066	
00437784	DAT_00437784	WRITE	0042206d	
00437784	DAT_00437784	WRITE	00422090	
00437788	DAT_00437788	WRITE	0040b66b	FUN_0040b4f0
00437788	DAT_00437788	READ	0040b726	FUN_0040b4f0
0043778c	DAT_0043778c	READ	0040b758	FUN_0040b4f0
0043778c	DAT_0043778c	WRITE	0040b765	FUN_0040b4f0
0043778c	DAT_0043778c	READ	0040b737	FUN_0040b4f0
0043778c	DAT_0043778c	WRITE	0040b743	FUN_0040b4f0
0043778c	DAT_0043778c	READ	0040b7d5	FUN_0040b4f0
0043778c	DAT_0043778c	WRITE	0040b7e2	FUN_0040b4f0
0043778c	DAT_0043778c	READ	0040b811	FUN_0040b4f0
0043778c	DAT_0043778c	WRITE	0040b81e	FUN_0040b4f0
0043778c	DAT_0043778c	READ	0040b844	FUN_0040b4f0
0043778c	DAT_0043778c	WRITE	0040b851	FUN_0040b4f0
0043778c	DAT_0043778c	READ	00426cae	
0043778c	DAT_0043778c	WRITE	0040c575	
00437790	DAT_00437790	READ	0041b13c	FUN_0041b130
00437790	DAT_00437790	WRITE	0040b68f	FUN_0040b4f0
00437790	DAT_00437790	READ	00426cd0	
00437790	DAT_00437790	WRITE	0040c594	
00437790	DAT_00437790	WRITE	004220b0	
00437791	DAT_00437791	READ	0041b15f	FUN_0041b130
00437791	DAT_00437791	WRITE	0040b6af	FUN_0040b4f0
00437791	DAT_00437791	READ	00426ce0	
00437791	DAT_00437791	WRITE	0040c5a8	
00437791	DAT_00437791	WRITE	004220d0	
00437792	DAT_00437792	READ	0041b180	FUN_0041b130
00437792	DAT_00437792	WRITE	0040b6d2	FUN_0040b4f0
00437792	DAT_00437792	READ	00426cf0	
00437792	DAT_00437792	WRITE	0040c5bf	
00437792	DAT_00437792	WRITE	004220f0	
00437793	DAT_00437793	READ	0041b1a4	FUN_0041b130
00437793	DAT_00437793	WRITE	0040b6eb	FUN_0040b4f0
00437793	DAT_00437793	READ	00426d00	
00437793	DAT_00437793	WRITE	0040c5d7	
00437793	DAT_00437793	WRITE	00422110	
00437794	DAT_00437794	READ	0041b130	FUN_0041b130
00437794	DAT_00437794	WRITE	0041b141	FUN_0041b130
00437794	DAT_00437794	READ	0040b676	FUN_0040b4f0
00437794	DAT_00437794	READ	0040c57c	
00437794	DAT_00437794	WRITE	004220b5	
00437795	DAT_00437795	READ	0041b156	FUN_0041b130
00437795	DAT_00437795	WRITE	0041b165	FUN_0041b130
00437795	DAT_00437795	READ	0040b699	FUN_0040b4f0
00437795	DAT_00437795	READ	0040c599	
00437795	DAT_00437795	WRITE	004220d5	
00437796	DAT_00437796	READ	0041b177	FUN_0041b130
00437796	DAT_00437796	WRITE	0041b186	FUN_0041b130
00437796	DAT_00437796	READ	0040b6b9	FUN_0040b4f0
00437796	DAT_00437796	READ	0040c5ad	
00437796	DAT_00437796	WRITE	004220f5	
00437797	DAT_00437797	READ	0041b19b	FUN_0041b130
00437797	DAT_00437797	WRITE	0041b1a9	FUN_0041b130
00437797	DAT_00437797	READ	0040b6d9	FUN_0040b4f0
00437797	DAT_00437797	READ	0040c5c4	
00437797	DAT_00437797	WRITE	00422115	
00437798	DAT_00437798	WRITE	00418347	FUN_00418330
00437798	DAT_00437798	WRITE	0041837c	FUN_00418330
00437798	DAT_00437798	WRITE	00417f73	FUN_00417f00
00437798	DAT_00437798	WRITE	00417e92	FUN_00417e60
00437798	DAT_00437798	WRITE	00417ecc	FUN_00417e60
00437798	DAT_00437798	WRITE	0041e46e	FUN_0041e410
00437798	DAT_00437798	WRITE	0042747d	FUN_00427450
00437798	DAT_00437798	WRITE	00406078	FUN_00405d60
00437798	DAT_00437798	WRITE	0041823b	FUN_004181b0
00437798	DAT_00437798	WRITE	00418300	FUN_004181b0
00437798	DAT_00437798	WRITE	00417dff	FUN_00417de0
00437798	DAT_00437798	WRITE	00417e39	FUN_00417de0
00437798	DAT_00437798	WRITE	0042f625	FUN_0042f610
00437798	DAT_00437798	WRITE	0042719d	
00437798	DAT_00437798	WRITE	004271fd	
00437798	DAT_00437798	WRITE	00427264	
00437798	DAT_00437798	WRITE	004273f3	
00437798	DAT_00437798	WRITE	00427441	
00437798	DAT_00437798	WRITE	0041815d	FUN_004180c0
00437798	DAT_00437798	WRITE	00418196	FUN_004180c0
00437798	DAT_00437798	READ	00427520	
00437798	DAT_00437798	WRITE	0042a3df	FUN_0042a3b0
00437798	DAT_00437798	WRITE	0042a52e	
00437798	DAT_00437798	WRITE	00409bbf	FUN_00409af0
00437798	DAT_00437798	WRITE	00409d1e	FUN_00409af0
00437798	DAT_00437798	WRITE	0041e2c0	
00437798	DAT_00437798	WRITE	0041e312	
00437798	DAT_00437798	WRITE	0041e4f8	
00437798	DAT_00437798	WRITE	0041e548	
00437798	DAT_00437798	WRITE	0041e598	
00437798	DAT_00437798	WRITE	0041e5f3	
00437798	DAT_00437798	WRITE	0041e650	
00437798	DAT_00437798	WRITE	004253b7	
0043779c	DAT_0043779c	WRITE	00417e78	FUN_00417e60
0043779c	DAT_0043779c	READ	0041ad48	FUN_0041ad10
0043779c	DAT_0043779c	WRITE	0041ad52	FUN_0041ad10
0043779c	DAT_0043779c	WRITE	00417de5	FUN_00417de0
004377a0	DAT_004377a0	READ	00427530	
004377a0	DAT_004377a0	READ	0042f15f	
004377a0	DAT_004377a0	READ	0042f210	
004377a0	DAT_004377a0	READ	0042f341	
004377a0	DAT_004377a0	WRITE	0041e690	
004377a0	DAT_004377a0	READ	0041e97a	
004377a0	DAT_004377a0	READ	0041e8f2	FUN_0041e8c0
004377a0	DAT_004377a0	READ	0041e9aa	
004377a0	DAT_004377a0	READ	0041e9f0	
004377a4	DAT_004377a4	READ	00418330	FUN_00418330
004377a4	DAT_004377a4	WRITE	0041834e	FUN_00418330
004377a4	DAT_004377a4	READ	004181f1	FUN_004181b0
004377a4	DAT_004377a4	READ	0041820c	FUN_004181b0
004377a4	DAT_004377a4	READ	004182c6	FUN_004181b0
004377a4	DAT_004377a4	READ	004182e2	FUN_004181b0
004377a4	DAT_004377a4	READ	00417de0	FUN_00417de0
004377a4	DAT_004377a4	WRITE	00417e28	FUN_00417de0
004377a4	DAT_004377a4	WRITE	00417e2f	FUN_00417de0
004377a4	DAT_004377a4	READ	0041811a	FUN_004180c0
004377a4	DAT_004377a4	READ	0041813f	FUN_004180c0
004377a4	DAT_004377a4	READ	0042a51b	
004377a8	DAT_004377a8	READ	00405d63	FUN_00405d60
004377a8	DAT_004377a8	WRITE	00406072	FUN_00405d60
004377a8	DAT_004377a8	READ	004181ca	FUN_004181b0
004377a8	DAT_004377a8	WRITE	004181d4	FUN_004181b0
004377a8	DAT_004377a8	READ	004181ec	FUN_004181b0
004377a8	DAT_004377a8	READ	00418226	FUN_004181b0
004377a8	DAT_004377a8	WRITE	00418230	FUN_004181b0
004377a8	DAT_004377a8	READ	00418256	FUN_004181b0
004377a8	DAT_004377a8	READ	0041828a	FUN_004181b0
004377a8	DAT_004377a8	WRITE	00418294	FUN_004181b0
004377a8	DAT_004377a8	READ	004182a2	FUN_004181b0
004377a8	DAT_004377a8	WRITE	004273da	
004377a8	DAT_004377a8	WRITE	00427428	
004377a8	DAT_004377a8	READ	004180ce	FUN_004180c0
004377a8	DAT_004377a8	WRITE	004180e9	FUN_004180c0
004377a8	DAT_004377a8	READ	00418164	FUN_004180c0
004377a8	DAT_004377a8	WRITE	00418182	FUN_004180c0
004377a8	DAT_004377a8	READ	0042a4e0	
004377a8	DAT_004377a8	READ	0042f282	
004377a8	DAT_004377a8	WRITE	0042f28c	
004377a8	DAT_004377a8	READ	0042f2b2	
004377a8	DAT_004377a8	WRITE	0042f2bc	
004377a8	DAT_004377a8	READ_WRITE	0042f330	
004377a8	DAT_004377a8	WRITE	0041e33a	
004377a8	DAT_004377a8	WRITE	0041e60b	
004377ac	DAT_004377ac	READ	00418270	FUN_004181b0
004377ac	DAT_004377ac	READ	004182dd	FUN_004181b0
004377ac	DAT_004377ac	READ	00417e43	FUN_00417de0
004377ac	DAT_004377ac	WRITE	00417e56	FUN_00417de0
004377ac	DAT_004377ac	READ	004180ef	FUN_004180c0
004377ac	DAT_004377ac	READ	00418139	FUN_004180c0
004377ac	DAT_004377ac	READ	0041818b	FUN_004180c0
004377b0	DAT_004377b0	READ	0041825c	FUN_004181b0
004377b0	DAT_004377b0	WRITE	004182b8	FUN_004181b0
004377b0	DAT_004377b0	WRITE	004182c1	FUN_004181b0
004377b0	DAT_004377b0	READ	004180d4	FUN_004180c0
004377b0	DAT_004377b0	WRITE	0041810c	FUN_004180c0
004377b0	DAT_004377b0	WRITE	00418115	FUN_004180c0
004377b0	DAT_004377b0	READ	0041816f	FUN_004180c0
004377b4	DAT_004377b4	WRITE	00418358	FUN_00418330
004377b4	DAT_004377b4	READ	00418249	FUN_004181b0
004377b4	DAT_004377b4	WRITE	004182a7	FUN_004181b0
004377b4	DAT_004377b4	WRITE	0041830d	FUN_004181b0
004377b4	DAT_004377b4	READ	004180de	FUN_004180c0
004377b4	DAT_004377b4	WRITE	00418100	FUN_004180c0
004377b4	DAT_004377b4	WRITE	00418177	FUN_004180c0
004377b8	DAT_004377b8	READ	00418362	FUN_00418330
004377b8	DAT_004377b8	READ	00418370	FUN_00418330
004377b8	DAT_004377b8	WRITE	00418383	FUN_00418330
004377b8	DAT_004377b8	READ	00417f27	FUN_00417f00
004377b8	DAT_004377b8	READ	00417f50	FUN_00417f00
004377b8	DAT_004377b8	READ	00417e73	FUN_00417e60
004377b8	DAT_004377b8	WRITE	00417ebb	FUN_00417e60
004377b8	DAT_004377b8	WRITE	00417ec2	FUN_00417e60
004377b8	DAT_004377b8	READ	0041e4de	
004377b8	DAT_004377b8	READ	0041e52e	
004377b8	DAT_004377b8	READ	0041e57e	
004377b8	DAT_004377b8	READ	0041e5cc	
004377b8	DAT_004377b8	READ	0041e5e2	
004377bc	DAT_004377bc	READ	00417f7a	FUN_00417f00
004377bc	DAT_004377bc	READ	00417f95	FUN_00417f00
004377bc	DAT_004377bc	READ	00417e69	FUN_00417e60
004377bc	DAT_004377bc	READ	00418019	FUN_00418010
004377bc	DAT_004377bc	READ	00418037	FUN_00418010
004377bc	DAT_004377bc	WRITE	00418045	FUN_00418010
004377bc	DAT_004377bc	READ	0041806c	FUN_00418010
004377bc	DAT_004377bc	WRITE	00418078	FUN_00418010
004377bc	DAT_004377bc	WRITE	004273e0	
004377bc	DAT_004377bc	WRITE	0042742e	
004377bc	DAT_004377bc	READ	0042a4f0	
004377bc	DAT_004377bc	WRITE	0041e39a	
004377bc	DAT_004377bc	WRITE	0041e62b	
004377c0	DAT_004377c0	READ	00417f43	FUN_00417f00
004377c0	DAT_004377c0	READ	00417ed6	FUN_00417e60
004377c0	DAT_004377c0	WRITE	00417ee9	FUN_00417e60
004377c0	DAT_004377c0	READ	0041803d	FUN_00418010
004377c0	DAT_004377c0	READ	00418071	FUN_00418010
004377c4	DAT_004377c4	READ	00417f22	FUN_00417f00
004377c4	DAT_004377c4	WRITE	00417f8c	FUN_00417f00
004377c4	DAT_004377c4	WRITE	00417f9d	FUN_00417f00
004377c4	DAT_004377c4	WRITE	00417e6e	FUN_00417e60
004377c4	DAT_004377c4	READ	0041801e	FUN_00418010
004377c8	DAT_004377c8	READ	00417f01	FUN_00417f00
004377c8	DAT_004377c8	READ	00417f3e	FUN_00417f00
004377c8	DAT_004377c8	READ	00417f67	FUN_00417f00
004377c8	DAT_004377c8	WRITE	00417f82	FUN_00417f00
004377c8	DAT_004377c8	READ	00417e60	FUN_00417e60
004377c8	DAT_004377c8	READ	00418024	FUN_00418010
004377c8	DAT_004377c8	READ	00418053	FUN_00418010
004377c8	DAT_004377c8	WRITE	0041805d	FUN_00418010
004377c8	DAT_004377c8	WRITE	00418083	FUN_00418010
004377d0	DAT_004377d0	READ	0042a365	
004377d0	DAT_004377d0	WRITE	00417da9	FUN_00417d40
004377d0	DAT_004377d0	DATA	00417d51	FUN_00417d40
004377d4	DAT_004377d4	WRITE	00417daf	FUN_00417d40
004377d8	DAT_004377d8	WRITE	00417db9	FUN_00417d40
004377d8	DAT_004377d8	READ	0042a375	
004377d8	DAT_004377d8	DATA	00417d4c	FUN_00417d40
004377dc	DAT_004377dc	WRITE	00417dbe	FUN_00417d40
004377e0	DAT_004377e0	WRITE	00417dc4	FUN_00417d40
004377e0	DAT_004377e0	DATA	00417d56	FUN_00417d40
004377e4	DAT_004377e4	WRITE	00417dc9	FUN_00417d40
004377e8	DAT_004377e8	READ	0041a1b0	FUN_0041a1b0
004377e8	DAT_004377e8	READ	0040b320	FUN_0040b320
004377e8	DAT_004377e8	READ	0042f700	FUN_0042f6e0
004377e8	DAT_004377e8	READ	00427600	
004377e8	DAT_004377e8	READ	0042ab91	
004377e8	DAT_004377e8	READ	004172c1	FUN_004172c0
004377e8	DAT_004377e8	READ	0041e22c	
004377e8	DAT_004377e8	READ	00421fd8	
004377e8	DAT_004377e8	READ	00422038	
004377e8	DAT_004377e8	READ	00422320	
004377e8	DAT_004377e8	READ	00417124	FUN_00417120
004377e8	DAT_004377e8	WRITE	00417134	FUN_00417120
004377e8	DAT_004377e8	READ	00417220	FUN_00417220
004377e8	DAT_004377e8	READ	00417270	FUN_00417270
004377e9	DAT_004377e9	READ	0041b5da	FUN_0041b2e0
004377e9	DAT_004377e9	WRITE	004171e7	FUN_00417120
004377ea	DAT_004377ea	READ	0041aa67	FUN_0041aa00
004377ea	DAT_004377ea	READ	0041aaef	FUN_0041aa00
004377ea	DAT_004377ea	READ	0041a222	FUN_0041a1b0
004377ea	DAT_004377ea	READ	0041a330	FUN_0041a1b0
004377ea	DAT_004377ea	READ	0040ba46	FUN_0040ba30
004377ea	DAT_004377ea	READ	0041b07b	FUN_0041b010
004377ea	DAT_004377ea	READ	0041889e	FUN_00418890
004377ea	DAT_004377ea	READ	00427b10	
004377ea	DAT_004377ea	READ	00424efd	
004377ea	DAT_004377ea	READ	004253e0	
004377ea	DAT_004377ea	WRITE	004253ee	
004377eb	DAT_004377eb	READ	0041aa5d	FUN_0041aa00
004377eb	DAT_004377eb	READ	0041aacf	FUN_0041aa00
004377eb	DAT_004377eb	READ	0041ab96	FUN_0041aa00
004377eb	DAT_004377eb	READ	0041a219	FUN_0041a1b0
004377eb	DAT_004377eb	READ	0041a326	FUN_0041a1b0
004377eb	DAT_004377eb	READ	00419f90	FUN_00419f90
004377eb	DAT_004377eb	READ	0041a7d0	FUN_0041a7d0
004377eb	DAT_004377eb	READ	0040c150	FUN_0040c150
004377eb	DAT_004377eb	READ	0041b06c	FUN_0041b010
004377eb	DAT_004377eb	READ	00418890	FUN_00418890
004377eb	DAT_004377eb	READ	00415ba4	FUN_00415ba0
004377eb	DAT_004377eb	WRITE	00415bae	FUN_00415ba0
004377eb	DAT_004377eb	READ	0041a71f	FUN_0041a6f0
004377eb	DAT_004377eb	READ	00424ef0	
004377ec	DAT_004377ec	READ	0040c15c	FUN_0040c150
004377ec	DAT_004377ec	READ	0040b8f1	FUN_0040b4f0
004377ec	DAT_004377ec	READ	0041b036	FUN_0041b010
004377ec	DAT_004377ec	READ	0041b071	FUN_0041b010
004377ec	DAT_004377ec	READ	0040b551	FUN_0040b4f0
004377ec	DAT_004377ec	READ	004166db	FUN_004166c0
004377ec	DAT_004377ec	READ	004167db	FUN_004167c0
004377ec	DAT_004377ec	READ	0040bca9	FUN_0040ba30
004377ec	DAT_004377ec	READ	00427ab0	
004377ec	DAT_004377ec	READ	00427ae0	
004377ec	DAT_004377ec	READ	00427b7f	
004377ec	DAT_004377ec	READ	00427beb	
004377ec	DAT_004377ec	READ	0042a2ff	FUN_0042a220
004377ec	DAT_004377ec	READ	00415c05	FUN_00415be0
004377ec	DAT_004377ec	READ	00415c45	FUN_00415be0
004377ec	DAT_004377ec	WRITE	00415d02	FUN_00415be0
004377ec	DAT_004377ec	READ	004161ad	FUN_00416180
004377ec	DAT_004377ec	READ	004161c1	FUN_00416180
004377ec	DAT_004377ec	READ	004161f7	FUN_00416180
004377ec	DAT_004377ec	READ	00416229	FUN_00416180
004377ec	DAT_004377ec	READ	00416478	FUN_00416180
004377ec	DAT_004377ec	READ	0042fa91	
004377ec	DAT_004377ec	READ	0042fbbc	
004377ec	DAT_004377ec	WRITE	0041663d	FUN_004164e0
004377ec	DAT_004377ec	READ	00416662	FUN_004164e0
004377ec	DAT_004377ec	READ	0040c6ba	
004377ec	DAT_004377ec	READ	0040ce35	
004377ec	DAT_004377ec	READ	0040ceb0	
004377ec	DAT_004377ec	READ	0040cf9d	
004377ec	DAT_004377ec	READ	004238d0	
004377ec	DAT_004377ec	READ	0042394c	
004377ec	DAT_004377ec	READ	004239bf	
004377ec	DAT_004377ec	READ	00424f06	
004377ec	DAT_004377ec	READ	00424f3e	
004377ec	DAT_004377ec	READ	00424fba	
004377ec	DAT_004377ec	READ	0042f957	
004377f0	DAT_004377f0	READ	0040ba97	FUN_0040ba30
004377f0	DAT_004377f0	READ	0040bab8	FUN_0040ba30
004377f0	DAT_004377f0	READ	004166c0	FUN_004166c0
004377f0	DAT_004377f0	WRITE	0041679f	FUN_004166c0
004377f0	DAT_004377f0	READ	004167c0	FUN_004167c0
004377f0	DAT_004377f0	WRITE	004168d3	FUN_004167c0
004377f0	DAT_004377f0	READ	0040bb1f	FUN_0040ba30
004377f0	DAT_004377f0	READ	0040bc26	FUN_0040ba30
004377f0	DAT_004377f0	WRITE	0040bd04	FUN_0040ba30
004377f0	DAT_004377f0	READ	0040bd5a	FUN_0040ba30
004377f0	DAT_004377f0	READ	0040be5f	FUN_0040ba30
004377f0	DAT_004377f0	READ	0040be96	FUN_0040ba30
004377f0	DAT_004377f0	READ	004168f0	FUN_004168f0
004377f0	DAT_004377f0	READ	00416ad0	FUN_00416ad0
004377f0	DAT_004377f0	WRITE	004169d3	FUN_004168f0
004377f0	DAT_004377f0	WRITE	00416a89	FUN_004168f0
004377f0	DAT_004377f0	WRITE	00416b88	FUN_00416ad0
004377f0	DAT_004377f0	WRITE	00416c1f	FUN_00416ad0
004377f0	DAT_004377f0	WRITE	00416cd5	FUN_00416ad0
004377f0	DAT_004377f0	WRITE	0040cc4e	
004377f0	DAT_004377f0	WRITE	00415d07	FUN_00415be0
004377f0	DAT_004377f0	READ	00416472	FUN_00416180
004377f0	DAT_004377f0	READ	0042bfb0	
004377f0	DAT_004377f0	READ	00416550	FUN_004164e0
004377f0	DAT_004377f0	WRITE	00416643	FUN_004164e0
004377f0	DAT_004377f0	READ	0040c520	
004377f0	DAT_004377f0	WRITE	0040c55b	
004377f0	DAT_004377f0	WRITE	0040cce9	
004377f0	DAT_004377f0	WRITE	00423f52	
004377f4	DAT_004377f4	WRITE	0041b2f6	FUN_0041b2e0
004377f4	DAT_004377f4	READ	0041b305	FUN_0041b2e0
004377f4	DAT_004377f4	READ	0041b313	FUN_0041b2e0
004377f4	DAT_004377f4	READ	0041b367	FUN_0041b2e0
004377f4	DAT_004377f4	READ	0041b37e	FUN_0041b2e0
004377f4	DAT_004377f4	READ	0041b397	FUN_0041b2e0
004377f4	DAT_004377f4	READ	0041b3b2	FUN_0041b2e0
004377f4	DAT_004377f4	READ	0041b3bb	FUN_0041b2e0
004377f4	DAT_004377f4	READ	0041b3d0	FUN_0041b2e0
004377f4	DAT_004377f4	READ	0041b3fb	FUN_0041b2e0
004377f4	DAT_004377f4	READ	0041b404	FUN_0041b2e0
004377f4	DAT_004377f4	READ	0041b419	FUN_0041b2e0
004377f4	DAT_004377f4	READ	0041b43a	FUN_0041b2e0
004377f4	DAT_004377f4	READ	0041b44c	FUN_0041b2e0
004377f4	DAT_004377f4	READ	0041b458	FUN_0041b2e0
004377f4	DAT_004377f4	READ	0041b473	FUN_0041b2e0
004377f4	DAT_004377f4	READ	0041b47e	FUN_0041b2e0
004377f4	DAT_004377f4	READ	0041b489	FUN_0041b2e0
004377f4	DAT_004377f4	READ	0041b66b	FUN_0041b2e0
004377f4	DAT_004377f4	READ	0041b67a	FUN_0041b2e0
004377f4	DAT_004377f4	READ	0041b6a6	FUN_0041b2e0
004377f4	DAT_004377f4	READ	004160d9	FUN_004160d0
004377f4	DAT_004377f4	READ	00415d76	FUN_00415d40
004377f4	DAT_004377f4	READ	00415fd5	FUN_00415d40
004377f8	DAT_004377f8	WRITE	0041b353	FUN_0041b2e0
004377f8	DAT_004377f8	WRITE	0041b362	FUN_0041b2e0
004377f8	DAT_004377f8	READ	0041b383	FUN_0041b2e0
004377f8	DAT_004377f8	READ	0041b3c7	FUN_0041b2e0
004377f8	DAT_004377f8	READ	0041b410	FUN_0041b2e0
004377f8	DAT_004377f8	READ	0041b467	FUN_0041b2e0
004377f8	DAT_004377f8	READ	0041b687	FUN_0041b2e0
004377f8	DAT_004377f8	READ	0041b69d	FUN_0041b2e0
004377f8	DAT_004377f8	READ	00415fb5	FUN_00415d40
004377fc	DAT_004377fc	WRITE	0041a35f	FUN_0041a1b0
004377fc	DAT_004377fc	READ	0041a36a	FUN_0041a1b0
004377fc	DAT_004377fc	READ	0041a37b	FUN_0041a1b0
004377fc	DAT_004377fc	READ	0041a67d	FUN_0041a1b0
004377fc	DAT_004377fc	READ	0041a69c	FUN_0041a1b0
004377fc	DAT_004377fc	READ	00419f70	FUN_00419eb0
00437800	DAT_00437800	WRITE	0041a39c	FUN_0041a1b0
00437800	DAT_00437800	WRITE	0041a62c	FUN_0041a1b0
00437800	DAT_00437800	READ	00419f4a	FUN_00419eb0
00437804	DAT_00437804	WRITE	0041a3b5	FUN_0041a1b0
00437804	DAT_00437804	WRITE	0041a640	FUN_0041a1b0
00437804	DAT_00437804	READ	00419f5b	FUN_00419eb0
00437808	DAT_00437808	WRITE	0041a3c1	FUN_0041a1b0
00437808	DAT_00437808	WRITE	0041a64e	FUN_0041a1b0
00437808	DAT_00437808	READ	00419f36	FUN_00419eb0
0043780c	DAT_0043780c	WRITE	0041a3cf	FUN_0041a1b0
0043780c	DAT_0043780c	WRITE	0041a63a	FUN_0041a1b0
0043780c	DAT_0043780c	READ	00419f40	FUN_00419eb0
00437810	DAT_00437810	WRITE	0041a3d5	FUN_0041a1b0
00437810	DAT_00437810	WRITE	0041a481	FUN_0041a1b0
00437810	DAT_00437810	READ	0041a5ff	FUN_0041a1b0
00437810	DAT_00437810	READ	00419f52	FUN_00419eb0
00437814	DAT_00437814	WRITE	0041a672	FUN_0041a1b0
00437814	DAT_00437814	READ	00419fd8	FUN_00419f90
00437814	DAT_00437814	WRITE	00419fe8	FUN_00419f90
00437814	DAT_00437814	READ	0041a160	FUN_00419f90
00437814	DAT_00437814	WRITE	0041a16c	FUN_00419f90
00437814	DAT_00437814	READ	0041a194	FUN_00419f90
00437814	DAT_00437814	WRITE	0041a19e	FUN_00419f90
00437818	DAT_00437818	WRITE	0041aa4a	FUN_0041aa00
00437818	DAT_00437818	READ	0041aa8e	FUN_0041aa00
00437818	DAT_00437818	READ	0041ac50	FUN_0041aa00
00437818	DAT_00437818	READ	0041a7bd	FUN_0041a7a0
0043781c	DAT_0043781c	WRITE	0041aa79	FUN_0041aa00
0043781c	DAT_0043781c	WRITE	0041aa9e	FUN_0041aa00
0043781c	DAT_0043781c	WRITE	0041aac6	FUN_0041aa00
0043781c	DAT_0043781c	READ	0041abaf	FUN_0041aa00
0043781c	DAT_0043781c	WRITE	0041abb9	FUN_0041aa00
0043781c	DAT_0043781c	WRITE	0041ac34	FUN_0041aa00
0043781c	DAT_0043781c	READ	0041ac43	FUN_0041aa00
0043781c	DAT_0043781c	READ	0041a7b7	FUN_0041a7a0
00437820	DAT_00437820	WRITE	0041aae7	FUN_0041aa00
00437820	DAT_00437820	READ	0041a805	FUN_0041a7d0
00437820	DAT_00437820	WRITE	0041a815	FUN_0041a7d0
00437820	DAT_00437820	READ	0041a9cf	FUN_0041a7d0
00437820	DAT_00437820	WRITE	0041a9da	FUN_0041a7d0
00437820	DAT_00437820	READ	0041a9ea	FUN_0041a7d0
00437820	DAT_00437820	WRITE	0041a9f4	FUN_0041a7d0
00437824	DAT_00437824	WRITE	00420cea	FUN_00420ce0
00437824	DAT_00437824	READ	00420bd2	FUN_00420bb0
00437824	DAT_00437824	WRITE	00420d52	FUN_00420d40
00437824	DAT_00437824	READ	0041f7b0	FUN_0041f790
00437824	DAT_00437824	WRITE	00420336	
00437824	DAT_00437824	READ	004202c2	FUN_0041f7c0
00437824	DAT_00437824	WRITE	00420380	
00437824	DAT_00437824	WRITE	004209fa	
00437824	DAT_00437824	READ	00420916	FUN_004208b0
00437824	DAT_00437824	READ	004209ca	FUN_00420960
00437824	DAT_00437824	WRITE	00420acc	
00437824	DAT_00437824	READ	00420b74	
00437824	DAT_00437824	WRITE	00420fa7	
00437824	DAT_00437824	READ	0041f74c	FUN_0041f730
00437824	DAT_00437824	WRITE	0041f725	
00437828	DAT_00437828	READ	00422975	
00437828	DAT_00437828	DATA	004229ac	
00437828	DAT_00437828	DATA	00422557	FUN_00422550
00437828	DAT_00437828	DATA	00422580	
0043782c	DAT_0043782c	DATA	00422969	
0043782c	DAT_0043782c	READ	00422590	
0043782c	DAT_0043782c	READ	004225bc	
0043782c	DAT_0043782c	DATA	00422510	FUN_00422510
0043782c	DAT_0043782c	DATA	00422530	
00437830	DAT_00437830	READ	00424e5e	FUN_00424db0
00437830	DAT_00437830	READ	00424be4	
00437830	DAT_00437830	READ	00424c69	
00437830	DAT_00437830	WRITE	00424c77	
00437830	DAT_00437830	READ	00424c7c	
00437834	DAT_00437834	READ	00424e58	FUN_00424db0
00437834	DAT_00437834	READ	00424bdf	
00437834	DAT_00437834	READ	00424c32	
00437834	DAT_00437834	WRITE	00424c40	
00437834	DAT_00437834	WRITE	00424c56	
00437834	DAT_00437834	READ	00424d76	
00437834	DAT_00437834	WRITE	00424d8a	
00437838	DAT_00437838	READ	00424c4b	
00437838	DAT_00437838	WRITE	00424c60	
0043783c	DAT_0043783c	WRITE	00420d25	FUN_00420ce0
0043783c	DAT_0043783c	READ	00420bc9	FUN_00420bb0
00437840	DAT_00437840	WRITE	0042297a	
00437840	DAT_00437840	READ	0042259a	
00437840	DAT_00437840	READ	004225c2	
00437840	DAT_00437840	READ	004225dc	
00437840	DAT_00437840	WRITE	004225e7	
00437844	DAT_00437844	READ	004285dd	FUN_00428580
00437844	DAT_00437844	DATA	004285f3	FUN_00428580
00437844	DAT_00437844	READ	00428270	FUN_00428250
00437844	DAT_00437844	READ	004282da	FUN_00428250
00437844	DAT_00437844	READ	004283da	FUN_00428250
00437844	DAT_00437844	DATA	00428266	FUN_00428250
00437844	DAT_00437844	DATA	004283e9	FUN_00428250
00437844	DAT_00437844	DATA	00428220	FUN_00428220
00437844	DAT_00437844	DATA	00428240	
00437848	DAT_00437848	READ	00428580	FUN_00428580
00437848	DAT_00437848	READ	004285ad	FUN_00428580
00437848	DAT_00437848	WRITE	004285be	FUN_00428580
00437848	DAT_00437848	READ	00428632	FUN_00428600
00437848	DAT_00437848	READ	00428525	FUN_004284f0
00437848	DAT_00437848	READ	0042853e	FUN_004284f0
00437848	DAT_00437848	READ	004284a0	FUN_00428460
00437848	DAT_00437848	READ	004284c2	FUN_00428460
00437848	DAT_00437848	READ	0040d178	
00437848	DAT_00437848	WRITE	00428325	FUN_00428250
00437848	DAT_00437848	READ	00428334	FUN_00428250
0043784c	DAT_0043784c	WRITE	00428585	FUN_00428580
0043784c	DAT_0043784c	READ	00428625	FUN_00428600
0043784c	DAT_0043784c	READ	00428410	FUN_00428410
0043784c	DAT_0043784c	READ	004284f6	FUN_004284f0
0043784c	DAT_0043784c	READ	0042847a	FUN_00428460
0043784c	DAT_0043784c	READ	00427060	
0043784c	DAT_0043784c	WRITE	00428391	FUN_00428250
0043784c	DAT_0043784c	READ	0041ed00	
0043784d	DAT_0043784d	READ	0042867d	FUN_00428600
0043784d	DAT_0043784d	READ	004286c2	FUN_00428600
0043784d	DAT_0043784d	WRITE	00428438	FUN_00428410
0043784d	DAT_0043784d	READ	004284f0	FUN_004284f0
0043784d	DAT_0043784d	WRITE	00428510	FUN_004284f0
0043784d	DAT_0043784d	WRITE	00428564	FUN_004284f0
0043784d	DAT_0043784d	READ	00428497	FUN_00428460
0043784d	DAT_0043784d	READ	00427070	
0043784d	DAT_0043784d	READ	0042838b	FUN_00428250
0043784d	DAT_0043784d	WRITE	00428397	FUN_00428250
0043784d	DAT_0043784d	WRITE	0041ecd5	
0043784d	DAT_0043784d	READ	0041ed14	
0043784e	DAT_0043784e	READ	0042842d	FUN_00428410
0043784e	DAT_0043784e	WRITE	0042839d	FUN_00428250
0043784f	DAT_0043784f	READ	00428606	FUN_00428600
0043784f	DAT_0043784f	WRITE	00428619	FUN_00428600
0043784f	DAT_0043784f	READ	0040d18a	
0043784f	DAT_0043784f	WRITE	0040d198	
00437850	DAT_00437850	WRITE	004285d2	FUN_00428580
00437850	DAT_00437850	READ	00428638	FUN_00428600
00437850	DAT_00437850	READ	0042868e	FUN_00428600
00437850	DAT_00437850	WRITE	004286aa	FUN_00428600
00437850	DAT_00437850	WRITE	00428480	FUN_00428460
00437850	DAT_00437850	READ	0042a840	
00437850	DAT_00437850	READ	00428382	FUN_00428250
00437858	DAT_00437858	DATA	0042b26e	
00437858	DAT_00437858	DATA	0042b23e	
00437858	DAT_00437858	DATA	0042b1f7	FUN_0042b1f0
00437858	DAT_00437858	DATA	0042b220	
00437860	lpSystemTime_00437860	READ	0042ef6b	FUN_0042ef30
00437860	lpSystemTime_00437860	READ	0042efbb	FUN_0042ef80
00437860	lpSystemTime_00437860	READ	0042efdf	FUN_0042efd0
00437860	lpSystemTime_00437860	DATA	00428a80	FUN_00428a70
00437860	lpSystemTime_00437860	READ	0042a106	
00437860	lpSystemTime_00437860	DATA	0041eb65	
00437862	lpSystemTime_00437860+2	READ	0042ef55	FUN_0042ef30
00437862	lpSystemTime_00437860+2	READ	0042ef8f	FUN_0042ef80
00437862	lpSystemTime_00437860+2	READ	0042eff5	FUN_0042efd0
00437862	lpSystemTime_00437860+2	READ	0042a128	
00437864	DAT_00437864	READ	0042a166	
00437866	DAT_00437864+2	READ	0042ef3f	FUN_0042ef30
00437866	DAT_00437864+2	READ	0042efa5	FUN_0042ef80
00437866	DAT_00437864+2	READ	0042f00b	FUN_0042efd0
00437866	DAT_00437864+2	READ	0042a148	
00437868	DAT_00437868	READ	0042f02f	FUN_0042f020
00437868	DAT_00437868	READ	0042f079	FUN_0042f070
00437868	DAT_00437868	READ	0042f0c9	FUN_0042f070
00437868	DAT_00437868	READ	0042a186	
0043786a	DAT_00437868+2	READ	0042f045	FUN_0042f020
0043786a	DAT_00437868+2	READ	0042f0a6	FUN_0042f070
0043786a	DAT_00437868+2	READ	0042a1a8	
0043786c	DAT_0043786c	READ	0042f05b	FUN_0042f020
0043786c	DAT_0043786c	READ	0042f0bc	FUN_0042f070
0043786c	DAT_0043786c	READ	0042a1c6	
0043786e	DAT_0043786c+2	READ	0042a1e8	
00437870	DAT_00437870	DATA	0042b194	
00437870	DAT_00437870	DATA	0042b1c4	
00437870	DAT_00437870	DATA	0042b147	FUN_0042b140
00437870	DAT_00437870	DATA	0042b170	
00437874	DAT_00437874	DATA	0042b8f5	
00437874	DAT_00437874	DATA	0042b7f7	FUN_0042b7f0
00437874	DAT_00437874	DATA	0042b820	
00437878	DAT_00437878	DATA	0042b111	
00437878	DAT_00437878	DATA	0042b0c7	FUN_0042b0c0
00437878	DAT_00437878	DATA	0042b0f0	
0043787c	DAT_0043787c	READ	0042b680	FUN_0042b680
0043787c	DAT_0043787c	WRITE	0042b694	FUN_0042b680
00437880	DAT_00437880	READ	0042c1d0	
00437880	DAT_00437880	WRITE	0042c1e1	
00437881	DAT_00437881	WRITE	0042c20f	
00437881	DAT_00437881	READ	0042c21e	
00437888	DAT_00437888	WRITE	0042c216	
00437888	DAT_00437888	READ	0042c23c	
00437890	DAT_00437890	READ	0042c1fd	
00437890	DAT_00437890	READ	0042c209	
00437890	DAT_00437890	READ	0042c236	
00437890	DAT_00437890	DATA	0042c1dc	
00437890	DAT_00437890	DATA	0042c227	
00437894	DAT_00437894	READ	0042c1f2	
00437898	DAT_00437898	READ	0042c26c	
00437898	DAT_00437898	READ	0042c291	
00437898	DAT_00437898	WRITE	0042c29e	
004378a0	DAT_004378a0	READ	0042c266	
004378a0	DAT_004378a0	READ	0042c27b	
004378a0	DAT_004378a0	WRITE	0042c287	
004378a8	DAT_004378a8	READ	0042e315	FUN_0042e1c0
004378a8	DAT_004378a8	DATA	0042cf8e	FUN_0042cf20
004378a8	DAT_004378a8	DATA	0042d095	FUN_0042cf20
004378a8	DAT_004378a8	DATA	0042dcdc	FUN_0042dc50
004378a8	DAT_004378a8	READ	00426f86	
004378a8	DAT_004378a8	READ	0042db4e	FUN_0042db10
004378a8	DAT_004378a8	READ	0042db7e	FUN_0042db10
004378a8	DAT_004378a8	READ	0042dc07	FUN_0042db10
004378a8	DAT_004378a8	READ	0042d7bc	FUN_0042d7b0
004378a8	DAT_004378a8	READ	0042d8bc	FUN_0042d870
004378a8	DAT_004378a8	READ	0042d940	FUN_0042d870
004378a8	DAT_004378a8	READ	0042d9e1	FUN_0042d870
004378a8	DAT_004378a8	READ	0042da21	FUN_0042d870
004378a8	DAT_004378a8	READ	0042daa4	FUN_0042d870
004378a8	DAT_004378a8	DATA	0042cb90	FUN_0042cb90
004378a8	DAT_004378a8	DATA	0042cbb0	
004378b0	DAT_004378b0	DATA	0042e484	FUN_0042e1c0
004378b0	DAT_004378b0	DATA	0042e489	FUN_0042e1c0
004378b0	DAT_004378b0	WRITE	0042e4a9	FUN_0042e1c0
004378b0	DAT_004378b0	DATA	0042e5c7	FUN_0042e1c0
004378b0	DAT_004378b0	DATA	0042e5cc	FUN_0042e1c0
004378b0	DAT_004378b0	DATA	0042e5db	FUN_0042e1c0
004378b4	DAT_004378b4	WRITE	0042e498	FUN_0042e1c0
004378b8	DAT_004378b8	WRITE	0042e49b	FUN_0042e1c0
004378bc	DAT_004378bc	WRITE	0042e4ac	FUN_0042e1c0
004378c0	DAT_004378c0	READ	0042e471	FUN_0042e1c0
004378c0	DAT_004378c0	WRITE	0042e4af	FUN_0042e1c0
004378c0	DAT_004378c0	WRITE	0041b4a9	FUN_0041b2e0
004378c0	DAT_004378c0	DATA	0041b49f	FUN_0041b2e0
004378c0	DAT_004378c0	DATA	0042d72a	FUN_0042cf20
004378c0	DAT_004378c0	DATA	0042dc8d	FUN_0042dc50
004378c0	DAT_004378c0	DATA	0042e22b	FUN_0042e1c0
004378c0	DAT_004378c0	DATA	0042e34d	FUN_0042e1c0
004378c0	DAT_004378c0	DATA	0042e442	FUN_0042e1c0
004378c0	DAT_004378c0	DATA	0042e45b	FUN_0042e1c0
004378c0	DAT_004378c0	DATA	0042d9cd	FUN_0042d870
004378c4	DAT_004378c4	WRITE	0042e4b1	FUN_0042e1c0
004378c8	DAT_004378c8	WRITE	0042e4b4	FUN_0042e1c0
004378cc	DAT_004378cc	WRITE	0042e4b7	FUN_0042e1c0
004378d0	DAT_004378d0	DATA	0042dc80	FUN_0042dc50
004378d0	DAT_004378d0	DATA	0042e489	FUN_0042e1c0
004378d0	DAT_004378d0	WRITE	0042e4a9	FUN_0042e1c0
004378d0	DAT_004378d0	DATA	0042e277	FUN_0042e1c0
004378d0	DAT_004378d0	WRITE	0042e288	FUN_0042e1c0
004378d0	DAT_004378d0	DATA	0042d9c0	FUN_0042d870
004378d4	DAT_004378d4	WRITE	0042e498	FUN_0042e1c0
004378d8	DAT_004378d8	WRITE	0042e49b	FUN_0042e1c0
004378dc	DAT_004378dc	WRITE	0042e4ac	FUN_0042e1c0
004378e0	DAT_004378e0	READ	0042dc70	FUN_0042dc50
004378e0	DAT_004378e0	WRITE	0042dc84	FUN_0042dc50
004378e0	DAT_004378e0	READ	0042e436	FUN_0042e1c0
004378e0	DAT_004378e0	DATA	0042e43f	FUN_0042e1c0
004378e0	DAT_004378e0	READ	0042e471	FUN_0042e1c0
004378e0	DAT_004378e0	WRITE	0042e4af	FUN_0042e1c0
004378e0	DAT_004378e0	READ	0042e223	FUN_0042e1c0
004378e0	DAT_004378e0	READ	0042e25e	FUN_0042e1c0
004378e0	DAT_004378e0	WRITE	0041b4a9	FUN_0041b2e0
004378e0	DAT_004378e0	WRITE	0042d721	FUN_0042cf20
004378e0	DAT_004378e0	READ	0042d9b0	FUN_0042d870
004378e0	DAT_004378e0	WRITE	0042d9c4	FUN_0042d870
004378f0	DAT_004378f0	DATA	0042dc7b	FUN_0042dc50
004378f0	DAT_004378f0	DATA	0042dc80	FUN_0042dc50
004378f0	DAT_004378f0	DATA	0042e272	FUN_0042e1c0
004378f0	DAT_004378f0	DATA	0042e277	FUN_0042e1c0
004378f0	DAT_004378f0	DATA	0042e285	FUN_0042e1c0
004378f0	DAT_004378f0	WRITE	0042e288	FUN_0042e1c0
004378f0	DAT_004378f0	DATA	0042e2da	FUN_0042e1c0
004378f0	DAT_004378f0	DATA	0042e2ea	FUN_0042e1c0
004378f0	DAT_004378f0	DATA	0042d9bb	FUN_0042d870
004378f0	DAT_004378f0	DATA	0042d9c0	FUN_0042d870
004378f4	DAT_004378f4	WRITE	0042e2b7	FUN_0042e1c0
004378f8	DAT_004378f8	WRITE	0042e2ba	FUN_0042e1c0
004378fc	DAT_004378fc	WRITE	0042e2bd	FUN_0042e1c0
00437900	DAT_00437900	READ	0042dc70	FUN_0042dc50
00437900	DAT_00437900	WRITE	0042dc84	FUN_0042dc50
00437900	DAT_00437900	READ	0042e436	FUN_0042e1c0
00437900	DAT_00437900	READ	0042e223	FUN_0042e1c0
00437900	DAT_00437900	READ	0042e25e	FUN_0042e1c0
00437900	DAT_00437900	WRITE	0042e2c0	FUN_0042e1c0
00437900	DAT_00437900	READ	0042e2f6	FUN_0042e1c0
00437900	DAT_00437900	WRITE	0042e2fa	FUN_0042e1c0
00437900	DAT_00437900	WRITE	0042d721	FUN_0042cf20
00437900	DAT_00437900	DATA	0042d71c	FUN_0042cf20
00437900	DAT_00437900	DATA	0042dc6b	FUN_0042dc50
00437900	DAT_00437900	DATA	0042e21e	FUN_0042e1c0
00437900	DAT_00437900	DATA	0042e249	FUN_0042e1c0
00437900	DAT_00437900	DATA	0042e431	FUN_0042e1c0
00437900	DAT_00437900	READ	0042d9b0	FUN_0042d870
00437900	DAT_00437900	WRITE	0042d9c4	FUN_0042d870
00437900	DAT_00437900	DATA	0042d9ab	FUN_0042d870
00437904	DAT_00437904	WRITE	0042e2c6	FUN_0042e1c0
00437908	DAT_00437908	WRITE	0042e2cd	FUN_0042e1c0
0043790c	DAT_0043790c	WRITE	0042e2d0	FUN_0042e1c0
00437910	DAT_00437910	WRITE	0041b4d3	FUN_0041b2e0
00437910	DAT_00437910	READ	0041b4dd	FUN_0041b2e0
00437910	DAT_00437910	READ	0041b644	FUN_0041b2e0
00437910	DAT_00437910	READ	0041b65e	FUN_0041b2e0
00437910	DAT_00437910	READ	0042dca8	FUN_0042dc50
00437910	DAT_00437910	READ	0042e374	FUN_0042e1c0
00437910	DAT_00437910	READ	0042e4c2	FUN_0042e1c0
00437910	DAT_00437910	READ	0042d291	FUN_0042cf20
00437910	DAT_00437910	READ	0042d432	FUN_0042cf20
00437910	DAT_00437910	READ	0042d44a	FUN_0042cf20
00437910	DAT_00437910	READ	00426fb2	
00437910	DAT_00437910	READ	0042db79	FUN_0042db10
00437910	DAT_00437910	READ	0042d7e5	FUN_0042d7b0
00437910	DAT_00437910	READ	0042da1b	FUN_0042d870
00437914	DAT_00437914	DATA	0042e460	FUN_0042e1c0
00437914	DAT_00437914	READ	0042e491	FUN_0042e1c0
00437914	DAT_00437914	WRITE	0041b4b0	FUN_0041b2e0
00437914	DAT_00437914	DATA	0041b49a	FUN_0041b2e0
00437914	DAT_00437914	DATA	0042e456	FUN_0042e1c0
00437920	DAT_00437920	READ	0042cbee	FUN_0042cbc0
00437920	DAT_00437920	WRITE	0042cbfd	FUN_0042cbc0
00437920	DAT_00437920	READ	0042d216	FUN_0042cf20
00437920	DAT_00437920	READ	0042d249	FUN_0042cf20
00437920	DAT_00437920	READ	0042d279	FUN_0042cf20
00437920	DAT_00437920	WRITE	0042cea5	FUN_0042cc10
00437920	DAT_00437920	READ	0042ced4	FUN_0042cc10
00437920	DAT_00437920	DATA	0041b4b8	FUN_0041b2e0
00437920	DAT_00437920	DATA	0042e5ed	FUN_0042e1c0
00437924	phwo_00437924	READ	0042dc50	FUN_0042dc50
00437924	phwo_00437924	READ	0042dc75	FUN_0042dc50
00437924	phwo_00437924	READ	0042dc95	FUN_0042dc50
00437924	phwo_00437924	WRITE	0042dca2	FUN_0042dc50
00437924	phwo_00437924	READ	0042e1f4	FUN_0042e1c0
00437924	phwo_00437924	READ	0042e26c	FUN_0042e1c0
00437924	phwo_00437924	READ	0042e2d3	FUN_0042e1c0
00437924	phwo_00437924	READ	0042e2e2	FUN_0042e1c0
00437924	phwo_00437924	READ	0042e40e	FUN_0042e1c0
00437924	phwo_00437924	READ	0042e424	FUN_0042e1c0
00437924	phwo_00437924	READ	0042e47f	FUN_0042e1c0
00437924	phwo_00437924	READ	0042e5c1	FUN_0042e1c0
00437924	phwo_00437924	READ	0042e5d4	FUN_0042e1c0
00437924	phwo_00437924	WRITE	0042d02f	FUN_0042cf20
00437924	phwo_00437924	READ	0042d70c	FUN_0042cf20
00437924	phwo_00437924	WRITE	0042d77d	FUN_0042cf20
00437924	phwo_00437924	READ	0042dd10	FUN_0042dd10
00437924	phwo_00437924	DATA	0042d020	FUN_0042cf20
00437924	phwo_00437924	DATA	0042d73b	FUN_0042cf20
00437924	phwo_00437924	READ	00426f30	
00437924	phwo_00437924	READ	00426f79	
00437924	phwo_00437924	READ	0042db1f	FUN_0042db10
00437924	phwo_00437924	READ	0042d8af	FUN_0042d870
00437924	phwo_00437924	READ	0042d999	FUN_0042d870
00437924	phwo_00437924	READ	0042d9b5	FUN_0042d870
00437924	phwo_00437924	READ	0042d9d5	FUN_0042d870
00437924	phwo_00437924	WRITE	0042da08	FUN_0042d870
00437924	phwo_00437924	DATA	0042d9f3	FUN_0042d870
00437928	DAT_00437928	WRITE	0042dce7	FUN_0042dc50
00437928	DAT_00437928	READ	0042e36e	FUN_0042e1c0
00437928	DAT_00437928	READ	0042e3e2	FUN_0042e1c0
00437928	DAT_00437928	WRITE	0042e3ea	FUN_0042e1c0
00437928	DAT_00437928	READ	0042e41b	FUN_0042e1c0
00437928	DAT_00437928	READ	0042e464	FUN_0042e1c0
00437928	DAT_00437928	READ	0042e4bc	FUN_0042e1c0
00437928	DAT_00437928	READ	0042e576	FUN_0042e1c0
00437928	DAT_00437928	WRITE	0042e57d	FUN_0042e1c0
00437928	DAT_00437928	READ	0042d28b	FUN_0042cf20
00437928	DAT_00437928	READ_WRITE	0042d45a	FUN_0042cf20
00437928	DAT_00437928	WRITE	0042d783	FUN_0042cf20
00437928	DAT_00437928	READ	00426f39	
00437928	DAT_00437928	READ	0042db73	FUN_0042db10
00437928	DAT_00437928	READ	0042d7df	FUN_0042d7b0
00437928	DAT_00437928	READ	0042d835	FUN_0042d7b0
00437928	DAT_00437928	WRITE	0042d83c	FUN_0042d7b0
00437928	DAT_00437928	READ	0042da15	FUN_0042d870
0043792c	DAT_0043792c	READ	0042e27f	FUN_0042e1c0
0043792c	DAT_0043792c	READ	0042e2a1	FUN_0042e1c0
0043792c	DAT_0043792c	WRITE	0042e2b1	FUN_0042e1c0
0043792c	DAT_0043792c	WRITE	0042e322	FUN_0042e1c0
0043792c	DAT_0043792c	WRITE	0042d05f	FUN_0042cf20
0043792c	DAT_0043792c	WRITE	0042d969	FUN_0042d870
00437930	DAT_00437930	WRITE	0042dced	FUN_0042dc50
00437930	DAT_00437930	READ	0042e203	FUN_0042e1c0
00437930	DAT_00437930	READ	0042e28a	FUN_0042e1c0
00437930	DAT_00437930	READ	0042e29b	FUN_0042e1c0
00437930	DAT_00437930	WRITE	0042e2ab	FUN_0042e1c0
00437930	DAT_00437930	READ	0042e2fc	FUN_0042e1c0
00437930	DAT_00437930	WRITE	0042e344	FUN_0042e1c0
00437930	DAT_00437930	WRITE	0042d06b	FUN_0042cf20
00437930	DAT_00437930	WRITE	0042d07a	FUN_0042cf20
00437930	DAT_00437930	WRITE	0042d977	FUN_0042d870
00437930	DAT_00437930	WRITE	0042d985	FUN_0042d870
00437938	DAT_00437938	WRITE	0042e32e	FUN_0042e1c0
00437938	DAT_00437938	WRITE	0042d03d	FUN_0042cf20
00437938	DAT_00437938	READ	0042db69	FUN_0042db10
00437938	DAT_00437938	WRITE	0042d97d	FUN_0042d870
0043793c	DAT_0043793c	WRITE	0042e33a	FUN_0042e1c0
0043793c	DAT_0043793c	WRITE	0042d047	FUN_0042cf20
00437940	DAT_00437940	WRITE	0042dcf9	FUN_0042dc50
00437940	DAT_00437940	READ	0042e1cf	FUN_0042e1c0
00437940	DAT_00437940	READ	0042dd1e	FUN_0042dd10
00437940	DAT_00437940	WRITE	0042dd2a	FUN_0042dd10
00437940	DAT_00437940	READ	00427050	
00437940	DAT_00437940	READ	0042d871	FUN_0042d870
00437940	DAT_00437940	READ	0041f6b0	
00437942	DAT_00437942	READ	0042d2d8	FUN_0042cf20
00437942	DAT_00437942	READ	0042d4e8	FUN_0042cf20
00437942	DAT_00437942	READ	00426fb8	
00437942	DAT_00437942	READ	0042db84	FUN_0042db10
00437942	DAT_00437942	READ	0042a993	
00437942	DAT_00437942	READ	0042d7ef	FUN_0042d7b0
00437942	DAT_00437942	READ	0042da27	FUN_0042d870
00437942	DAT_00437942	WRITE	0041f705	
00437944	DAT_00437944	READ	0042cc19	FUN_0042cc10
00437944	DAT_00437944	WRITE	0042cc35	FUN_0042cc10
00437948	DAT_00437948	WRITE	0042cc03	FUN_0042cbc0
00437948	DAT_00437948	READ	0042e361	FUN_0042e1c0
00437948	DAT_00437948	READ	0042d1e4	FUN_0042cf20
00437948	DAT_00437948	READ	0042d4f3	FUN_0042cf20
00437948	DAT_00437948	WRITE	0042ceee	FUN_0042cc10
00437948	DAT_00437948	READ	0042cf09	FUN_0042cc10
0043794c	DAT_0043794c	WRITE	0042cc5c	FUN_0042cc10
00437950	DAT_00437950	READ	0042cbd8	FUN_0042cbc0
00437950	DAT_00437950	WRITE	0042cbe8	FUN_0042cbc0
00437950	DAT_00437950	WRITE	0042cc43	FUN_0042cc10
00437954	DAT_00437954	READ	0042cbc0	FUN_0042cbc0
00437954	DAT_00437954	WRITE	0042cbd2	FUN_0042cbc0
00437954	DAT_00437954	READ	0042d5c7	FUN_0042cf20
00437954	DAT_00437954	READ	0042d69e	FUN_0042cf20
00437954	DAT_00437954	READ	0042cc78	FUN_0042cc10
00437954	DAT_00437954	READ	0042ccac	FUN_0042cc10
00437954	DAT_00437954	READ	0042ccdd	FUN_0042cc10
00437954	DAT_00437954	READ	0042cd72	FUN_0042cc10
00437954	DAT_00437954	READ	0042cdef	FUN_0042cc10
00437954	DAT_00437954	READ	0042ce25	FUN_0042cc10
00437954	DAT_00437954	DATA	0042cc68	FUN_0042cc10
00437958	DAT_00437958	DATA	0042fa2b	
00437958	DAT_00437958	DATA	0042f985	
00437958	DAT_00437958	DATA	0042f7b0	FUN_0042f7b0
00437958	DAT_00437958	DATA	0042f7d0	
0043795c	DAT_0043795c	DATA	0042ed20	
0043795c	DAT_0043795c	DATA	0042ece7	FUN_0042ece0
0043795c	DAT_0043795c	DATA	0042ed10	
00437960	DAT_00437960	DATA	0042fa7c	
00437960	DAT_00437960	DATA	0042faed	
00437960	DAT_00437960	DATA	0042f90b	
00437960	DAT_00437960	DATA	0042f935	
00437960	DAT_00437960	DATA	0042f9c9	
00437960	DAT_00437960	DATA	0042f8b0	FUN_0042f8b0
00437960	DAT_00437960	DATA	0042f8d0	
00437964	DAT_00437964	DATA	004306e5	FUN_00430580
00437964	DAT_00437964	DATA	00430717	FUN_00430580
00437964	DAT_00437964	DATA	0043056f	
00437964	DAT_00437964	DATA	00430530	FUN_00430530
00437964	DAT_00437964	DATA	00430550	
00437968	DAT_00437968	DATA	0042fa67	
00437968	DAT_00437968	DATA	0042f9b8	
00437968	DAT_00437968	DATA	0042f870	FUN_0042f870
00437968	DAT_00437968	DATA	0042f890	
0043796c	DAT_0043796c	DATA	0042fa3d	
0043796c	DAT_0043796c	DATA	0042f996	
0043796c	DAT_0043796c	DATA	0042f7f0	FUN_0042f7f0
0043796c	DAT_0043796c	DATA	0042f810	
00437970	DAT_00437970	DATA	0042fa52	
00437970	DAT_00437970	DATA	0042f9a7	
00437970	DAT_00437970	DATA	0042f830	FUN_0042f830
00437970	DAT_00437970	DATA	0042f850	
00437980	DAT_00437980	WRITE	00430bce	FUN_00430bc5
00437986	DAT_00437986	READ	00430c22	FUN_00430bc5
00437988	DAT_00437988	WRITE	00430b30	__cintrindisp2
00437988	DAT_00437988	READ	00430ca2	FUN_00430bc5
00437988	DAT_00437988	WRITE	00430b6d	__cintrindisp1
00437988	DAT_00437988	WRITE	00430bbe	FUN_00430bbe
00438000	IMAGE_RESOURCE_DIRECTORY_00438000	DATA	00400158	
00438000	IMAGE_RESOURCE_DIRECTORY_00438000	DATA	0040024c	
00438a78	Rsrc_GroupIcon_1_405	DATA	0040a886	FUN_0040a790
00438a90	Rsrc_LOADER_36_405	DATA	004096e5	entry
00438a90	Rsrc_LOADER_36_405	DATA	0040aa1f	FUN_0040a790
0043fa10	Rsrc_Dialog_f5_405	DATA	0042faca	
00440000	DAT_00440000	DATA	00400274	
ffdff000	ExceptionList	DATA	ffdff018	
