group_id	group_start	group_end	string_address	value_preview
0	00433ecc	00433ed4	00433ecc	"floor"
1	0043439e	004351cf	0043439e	"DeleteFileA"
1	0043439e	004351cf	004343ac	"CloseHandle"
1	0043439e	004351cf	004343ba	"WriteFile"
1	0043439e	004351cf	004343c6	"CreateFileA"
1	0043439e	004351cf	004343d4	"lstrlenA"
1	0043439e	004351cf	004343e0	"WideCharToMultiByte"
1	0043439e	004351cf	004343f6	"lstrlenW"
1	0043439e	004351cf	00434402	"MultiByteToWideChar"
1	0043439e	004351cf	00434418	"GetTempFileNameA"
1	0043439e	004351cf	0043442c	"GetTempPathA"
1	0043439e	004351cf	0043443c	"GetCurrentDirectoryA"
1	0043439e	004351cf	00434454	"CompareStringA"
1	0043439e	004351cf	00434466	"GetStdHandle"
1	0043439e	004351cf	00434476	"ReadFile"
1	0043439e	004351cf	00434482	"GetFileSize"
1	0043439e	004351cf	00434490	"SetFileTime"
1	0043439e	004351cf	0043449e	"GetFileAttributesA"
1	0043439e	004351cf	004344b4	"SetFileAttributesA"
1	0043439e	004351cf	004344ca	"SetFilePointer"
1	0043439e	004351cf	004344dc	"LoadLibraryA"
1	0043439e	004351cf	004344ec	"FreeLibrary"
1	0043439e	004351cf	004344fa	"LockResource"
1	0043439e	004351cf	0043450a	"LoadResource"
1	0043439e	004351cf	0043451a	"SizeofResource"
1	0043439e	004351cf	0043452c	"FindResourceA"
1	0043439e	004351cf	0043453c	"GetCommandLineA"
1	0043439e	004351cf	0043454e	"GetModuleFileNameA"
1	0043439e	004351cf	00434564	"GetLocalTime"
1	0043439e	004351cf	00434574	"GetProcAddress"
1	0043439e	004351cf	00434586	"GetUserDefaultLangID"
1	0043439e	004351cf	0043459e	"GetACP"
1	0043439e	004351cf	004345a8	"GetModuleHandleA"
1	0043439e	004351cf	004345bc	"GetVersionExA"
1	0043439e	004351cf	004345cc	"GetVersion"
1	0043439e	004351cf	004345da	"ExitProcess"
1	0043439e	004351cf	004345e8	"GetExitCodeProcess"
1	0043439e	004351cf	004345fe	"WaitForSingleObject"
1	0043439e	004351cf	00434614	"GetWindowsDirectoryA"
1	0043439e	004351cf	0043462c	"SetCurrentDirectoryA"
1	0043439e	004351cf	00434644	"CreateProcessA"
1	0043439e	004351cf	00434656	"CreateDirectoryA"
1	0043439e	004351cf	0043466a	"SetConsoleTitleA"
1	0043439e	004351cf	0043467e	"HeapAlloc"
1	0043439e	004351cf	0043468a	"HeapCreate"
1	0043439e	004351cf	00434698	"HeapDestroy"
1	0043439e	004351cf	004346a6	"HeapFree"
1	0043439e	004351cf	004346b2	"HeapReAlloc"
1	0043439e	004351cf	004346c0	"HeapSize"
1	0043439e	004351cf	004346cc	"VirtualAlloc"
1	0043439e	004351cf	004346dc	"VirtualFree"
1	0043439e	004351cf	004346ea	"AllocConsole"
1	0043439e	004351cf	004346fa	"GetDiskFreeSpaceA"
1	0043439e	004351cf	0043470e	"GetFullPathNameA"
1	0043439e	004351cf	00434722	"FreeConsole"
1	0043439e	004351cf	00434730	"SetVolumeLabelA"
1	0043439e	004351cf	00434742	"SetEndOfFile"
1	0043439e	004351cf	00434752	"SetLocalTime"
1	0043439e	004351cf	00434762	"WritePrivateProfileStringA"
1	0043439e	004351cf	00434780	"RemoveDirectoryA"
1	0043439e	004351cf	00434794	"FindClose"
1	0043439e	004351cf	004347a0	"GetVolumeInformationA"
1	0043439e	004351cf	004347b8	"GetLogicalDrives"
1	0043439e	004351cf	004347cc	"FindFirstFileA"
1	0043439e	004351cf	004347de	"CopyFileA"
1	0043439e	004351cf	004347ea	"MoveFileA"
1	0043439e	004351cf	004347f6	"GlobalFree"
1	0043439e	004351cf	00434804	"FileTimeToSystemTime"
1	0043439e	004351cf	0043481c	"LocalFileTimeToFileTime"
1	0043439e	004351cf	00434836	"SystemTimeToFileTime"
1	0043439e	004351cf	0043484e	"FileTimeToLocalFileTime"
1	0043439e	004351cf	00434868	"GetDriveTypeA"
1	0043439e	004351cf	00434878	"QueryPerformanceCounter"
1	0043439e	004351cf	00434892	"QueryPerformanceFrequency"
1	0043439e	004351cf	004348ae	"FindNextFileA"
1	0043439e	004351cf	004348be	"GetPrivateProfileStringA"
1	0043439e	004351cf	004348d8	"KERNEL32.dll"
1	0043439e	004351cf	004348e8	"DestroyCursor"
1	0043439e	004351cf	004348f8	"DestroyIcon"
1	0043439e	004351cf	00434906	"CreateCursor"
1	0043439e	004351cf	00434916	"CharUpperA"
1	0043439e	004351cf	00434924	"CharLowerA"
1	0043439e	004351cf	00434932	"GetWindowTextA"
1	0043439e	004351cf	00434944	"GetWindowTextLengthA"
1	0043439e	004351cf	0043495c	"SetWindowTextA"
1	0043439e	004351cf	0043496e	"GetDlgItem"
1	0043439e	004351cf	0043497c	"ReleaseDC"
1	0043439e	004351cf	00434988	"GetDC"
1	0043439e	004351cf	00434990	"GetSystemMetrics"
1	0043439e	004351cf	004349a4	"GetForegroundWindow"
1	0043439e	004351cf	004349ba	"SetForegroundWindow"
1	0043439e	004351cf	004349d0	"SetWindowPos"
1	0043439e	004351cf	004349e0	"SystemParametersInfoA"
1	0043439e	004351cf	004349f8	"GetWindowRect"
1	0043439e	004351cf	00434a08	"GetClassNameA"
1	0043439e	004351cf	00434a18	"GetFocus"
1	0043439e	004351cf	00434a24	"AdjustWindowRectEx"
1	0043439e	004351cf	00434a3a	"SetFocus"
1	0043439e	004351cf	00434a46	"ShowWindow"
1	0043439e	004351cf	00434a54	"SetWindowLongA"
1	0043439e	004351cf	00434a66	"CreateWindowExA"
1	0043439e	004351cf	00434a78	"RegisterClassA"
1	0043439e	004351cf	00434a8a	"LoadCursorA"
1	0043439e	004351cf	00434a98	"LoadIconA"
1	0043439e	004351cf	00434aa4	"GetSysColor"
1	0043439e	004351cf	00434ab2	"EnumDisplaySettingsA"
1	0043439e	004351cf	00434aca	"ChangeDisplaySettingsA"
1	0043439e	004351cf	00434ae4	"ShowCursor"
1	0043439e	004351cf	00434af2	"IsZoomed"
1	0043439e	004351cf	00434afe	"GetClientRect"
1	0043439e	004351cf	00434b0e	"MoveWindow"
1	0043439e	004351cf	00434b1c	"ClientToScreen"
1	0043439e	004351cf	00434b2e	"GetAsyncKeyState"
1	0043439e	004351cf	00434b42	"GetKeyState"
1	0043439e	004351cf	00434b50	"ScreenToClient"
1	0043439e	004351cf	00434b62	"RegisterWindowMessageA"
1	0043439e	004351cf	00434b7c	"SendMessageA"
1	0043439e	004351cf	00434b8c	"GetWindowLongA"
1	0043439e	004351cf	00434b9e	"GetWindow"
1	0043439e	004351cf	00434baa	"IsWindow"
1	0043439e	004351cf	00434bb6	"SetScrollPos"
1	0043439e	004351cf	00434bc6	"DrawTextA"
1	0043439e	004351cf	00434bd2	"FillRect"
1	0043439e	004351cf	00434bde	"GetCursorPos"
1	0043439e	004351cf	00434bee	"PostQuitMessage"
1	0043439e	004351cf	00434c00	"DefWindowProcA"
1	0043439e	004351cf	00434c12	"MessageBoxA"
1	0043439e	004351cf	00434c20	"UpdateWindow"
1	0043439e	004351cf	00434c30	"InvalidateRect"
1	0043439e	004351cf	00434c42	"EnableWindow"
1	0043439e	004351cf	00434c52	"SetScrollInfo"
1	0043439e	004351cf	00434c62	"DestroyWindow"
1	0043439e	004351cf	00434c72	"CharToOemBuffA"
1	0043439e	004351cf	00434c84	"OemToCharBuffA"
1	0043439e	004351cf	00434c96	"IsIconic"
1	0043439e	004351cf	00434ca2	"EndPaint"
1	0043439e	004351cf	00434cae	"BeginPaint"
1	0043439e	004351cf	00434cbc	"SetKeyboardState"
1	0043439e	004351cf	00434cd0	"GetKeyboardState"
1	0043439e	004351cf	00434ce4	"PeekMessageA"
1	0043439e	004351cf	00434cf4	"DispatchMessageA"
1	0043439e	004351cf	00434d08	"TranslateMessage"
1	0043439e	004351cf	00434d1c	"IsDialogMessageA"
1	0043439e	004351cf	00434d30	"GetMessageA"
1	0043439e	004351cf	00434d3e	"KillTimer"
1	0043439e	004351cf	00434d4a	"SetTimer"
1	0043439e	004351cf	00434d56	"SetWindowPlacement"
1	0043439e	004351cf	00434d6c	"GetWindowPlacement"
1	0043439e	004351cf	00434d82	"SetCursor"
1	0043439e	004351cf	00434d8e	"SetCursorPos"
1	0043439e	004351cf	00434d9e	"EndDialog"
1	0043439e	004351cf	00434daa	"DialogBoxParamA"
1	0043439e	004351cf	00434dba	"USER32.dll"
1	0043439e	004351cf	00434dc8	"DeleteObject"
1	0043439e	004351cf	00434dd8	"RealizePalette"
1	0043439e	004351cf	00434dea	"SelectPalette"
1	0043439e	004351cf	00434dfa	"GetDeviceCaps"
1	0043439e	004351cf	00434e0a	"CreatePalette"
1	0043439e	004351cf	00434e1a	"CreateSolidBrush"
1	0043439e	004351cf	00434e2e	"SetBkColor"
1	0043439e	004351cf	00434e3c	"GetStockObject"
1	0043439e	004351cf	00434e4e	"SetTextColor"
1	0043439e	004351cf	00434e5e	"StretchDIBits"
1	0043439e	004351cf	00434e6e	"SetStretchBltMode"
1	0043439e	004351cf	00434e82	"CreateFontA"
1	0043439e	004351cf	00434e90	"DeleteDC"
1	0043439e	004351cf	00434e9c	"GetDIBits"
1	0043439e	004351cf	00434ea8	"TextOutA"
1	0043439e	004351cf	00434eb4	"GetTextExtentPoint32A"
1	0043439e	004351cf	00434ecc	"SelectObject"
1	0043439e	004351cf	00434edc	"CreateCompatibleDC"
1	0043439e	004351cf	00434ef2	"CreateBitmap"
1	0043439e	004351cf	00434f02	"BitBlt"
1	0043439e	004351cf	00434f0c	"CreateCompatibleBitmap"
1	0043439e	004351cf	00434f26	"CreateDCA"
1	0043439e	004351cf	00434f32	"EndDoc"
1	0043439e	004351cf	00434f3c	"EndPage"
1	0043439e	004351cf	00434f46	"StartPage"
1	0043439e	004351cf	00434f52	"StartDocA"
1	0043439e	004351cf	00434f5e	"EnumFontFamiliesA"
1	0043439e	004351cf	00434f70	"GDI32.dll"
1	0043439e	004351cf	00434f7c	"acmStreamClose"
1	0043439e	004351cf	00434f8e	"acmStreamUnprepareHeader"
1	0043439e	004351cf	00434faa	"acmStreamConvert"
1	0043439e	004351cf	00434fbe	"acmStreamPrepareHeader"
1	0043439e	004351cf	00434fd8	"acmStreamSize"
1	0043439e	004351cf	00434fe8	"acmStreamOpen"
1	0043439e	004351cf	00434ff8	"acmFormatSuggest"
1	0043439e	004351cf	0043500a	"MSACM32.dll"
1	0043439e	004351cf	00435018	"joyGetPos"
1	0043439e	004351cf	00435024	"joyGetDevCapsA"
1	0043439e	004351cf	00435036	"mciSendCommandA"
1	0043439e	004351cf	00435048	"timeGetTime"
1	0043439e	004351cf	00435056	"waveOutOpen"
1	0043439e	004351cf	00435064	"waveOutClose"
1	0043439e	004351cf	00435074	"waveOutUnprepareHeader"
1	0043439e	004351cf	0043508e	"waveOutReset"
1	0043439e	004351cf	0043509e	"waveOutGetPosition"
1	0043439e	004351cf	004350b4	"waveOutRestart"
1	0043439e	004351cf	004350c6	"waveOutPause"
1	0043439e	004351cf	004350d6	"waveOutWrite"
1	0043439e	004351cf	004350e6	"waveOutPrepareHeader"
1	0043439e	004351cf	004350fc	"WINMM.dll"
1	0043439e	004351cf	00435108	"FindTextA"
1	0043439e	004351cf	00435114	"PrintDlgA"
1	0043439e	004351cf	00435120	"GetOpenFileNameA"
1	0043439e	004351cf	00435134	"GetSaveFileNameA"
1	0043439e	004351cf	00435146	"comdlg32.dll"
1	0043439e	004351cf	00435154	"COMCTL32.dll"
1	0043439e	004351cf	00435164	"RegCloseKey"
1	0043439e	004351cf	00435172	"RegQueryValueExA"
1	0043439e	004351cf	00435186	"RegOpenKeyExA"
1	0043439e	004351cf	00435194	"ADVAPI32.dll"
1	0043439e	004351cf	004351a4	"ExtractIconA"
1	0043439e	004351cf	004351b2	"SHELL32.dll"
1	0043439e	004351cf	004351c0	"RaiseException"
2	004364c4	004364f8	004364c4	"Gemtree 32-compiler"
2	004364c4	004364f8	004364d8	"Software\\\\Gemtree Software\\\\Peter"
3	004365a4	0043662e	004365a4	"Wszystkie pliki"
3	004365a4	0043662e	004365b4	"Anuluj"
3	004365a4	0043662e	004365bc	"Ich bedauere, das Programm wird wegen Speicherplatzmangel beendet!"
3	004365a4	0043662e	00436600	"Speicherplatzmangel"
3	004365a4	0043662e	00436614	"Alle Dateien"
3	004365a4	0043662e	00436624	"Abbrechen"
4	00436682	00436765	00436682	"echny soubory"
4	00436682	00436765	00436690	"Storno"
4	00436682	00436765	00436698	"Sorry, this program will be terminated due to the insufficient memory!"
4	00436682	00436765	004366e0	"Insufficient Memory"
4	00436682	00436765	004366f4	"All files"
4	00436682	00436765	00436700	"Cancel"
4	00436682	00436765	00436708	"LOADER"
4	00436682	00436765	00436710	"GetDiskFreeSpaceExA"
4	00436682	00436765	00436724	"KERNEL32.DLL"
4	00436682	00436765	00436734	"Language"
4	00436682	00436765	00436740	"\\\\command.com /c"
4	00436682	00436765	00436750	"\\\\system32\\\\cmd.exe /c"
5	00436780	0043678f	00436780	"PeterProgClass"
6	004367a0	004367b4	004367a0	"commdlg_FindReplace"
7	0043691c	00436a2a	0043691c	"Button"
7	0043691c	00436a2a	0043692c	"RichEdit"
7	0043691c	00436a2a	00436938	"Listbox"
7	0043691c	00436a2a	00436940	"Combobox"
7	0043691c	00436a2a	0043694c	"Static"
7	0043691c	00436a2a	00436954	"SysTabControl32"
7	0043691c	00436a2a	00436964	"Impact"
7	0043691c	00436a2a	0043696c	"Arial"
7	0043691c	00436a2a	00436974	"Times New Roman"
7	0043691c	00436a2a	00436984	"Courier New"
7	0043691c	00436a2a	00436990	"cdaudio"
7	0043691c	00436a2a	00436998	"ALIASES.INI"
7	0043691c	00436a2a	004369a4	"LANGID "
7	0043691c	00436a2a	004369b0	"DISPLAY"
7	0043691c	00436a2a	004369b8	"{\\\\RTF"
7	0043691c	00436a2a	004369cc	"sequencer"
7	0043691c	00436a2a	004369d8	"msctls_progress32"
7	0043691c	00436a2a	004369ec	"msctls_trackbar32"
7	0043691c	00436a2a	00436a00	"SCROLLBAR"
7	0043691c	00436a2a	00436a0c	"RICHED32.DLL"
7	0043691c	00436a2a	00436a1c	"SysListView32"
8	00436a48	00436a77	00436a48	"DirectSoundCreate"
8	00436a48	00436a77	00436a5c	"DSOUND.DLL"
8	00436a48	00436a77	00436a70	" (*.*)"
9	00440018	00440024	00440018	"IMPORT  "
10	00440038	00440044	00440038	"CLASS   "
11	00440058	00440064	00440058	"GLOBAL  "
12	00440078	00440084	00440078	"LOCAL   "
13	00440098	004400a4	00440098	"PROGRAM "
14	004400b8	004400c4	004400b8	"STRUC   "
15	004400d8	004400e4	004400d8	"REAL    "
16	004401b8	004401c4	004401b8	"SOUND   "
17	004401d8	004401e4	004401d8	"MUSIC   "
18	004401f8	00440204	004401f8	"PALETTE "
19	0045b86f	0045b878	0045b86f	"skupina"
20	0045bccf	0045bcd8	0045bccf	"skupina"
21	0045c841	0045c84c	0045c841	"skupina"
22	0045d240	0045d250	0045d240	"schovy Desktop!"
23	0045d2af	0045d2b8	0045d2af	"stroje!"
24	0045d613	0045d640	0045d613	" plamen, 6=barva, 7=termit)\\n"
24	0045d613	0045d640	0045d632	"rychlost X\\n"
25	0045d6cc	0045d6f8	0045d6cc	"ela stav\\n"
25	0045d6cc	0045d6f8	0045d6e6	"obsluha kladiva!"
26	0045dde8	0045ddf9	0045dde8	"sahu kladivem 8\\r"
27	0045e717	0045e728	0045e717	"sahu kulometem$"
28	0045e829	0045e83c	0045e829	"bojnice kulometu&"
29	0045eaa0	0045eaac	0045eaa0	"bojnice 9\\r"
30	0045ec74	0045ec80	0045ec74	"ho plamene%"
31	0045ef0f	0045ef24	0045ef0f	"barvomet v pohybu\\r"
32	0045ef35	0045ef44	0045ef35	"barvomet stav\\r"
33	0045f711	0045f720	0045f711	"zer v pohybu\\n"
34	0045f961	0045f96c	0045f961	"zerem 10\\n"
35	004600df	004600f0	004600df	"pozice volby X\\r"
36	0046052d	00460544	0046052d	"offset Y\\t"
36	0046052d	00460544	00460539	"jas barvy\\r"
37	00460867	0046087d	00460867	"kulomet\\t"
37	00460867	0046087d	00460874	"bojnice\\n"
38	00460a87	00460ad0	00460a87	"volba funkce\\t"
38	00460a87	00460ad0	00460a97	"-1: konec\\n"
38	00460a87	00460ad0	00460ab2	"1: motorovka\\n"
38	00460a87	00460ad0	00460ac2	"2: kulomet\\r"
39	00460ba8	00460bb0	00460ba8	"strojeA"
40	00460c5c	00460c69	00460c5c	"nat termiti-"
41	00460cee	00460cf9	00460cee	" na volbuA"
42	00460d96	00460da4	00460d96	"zku Desktop-"
43	00460e40	00460e54	00460e40	"es celou obrazovku("
44	00460e6c	00460e80	00460e6c	"es celou obrazovku-"
45	004613ba	004613c9	004613ba	" lince barev)%"
46	004623df	004623e8	004623df	"sprite"
47	0046240d	00462414	0046240d	"sprite"
48	0046243b	00462444	0046243b	"sprite"
49	004624bc	004624c4	004624bc	"number"
50	004624da	004624f4	004624da	"number"
50	004624da	004624f4	004624ec	"number"
51	00462512	00462548	00462512	"number"
51	00462512	00462548	00462524	"sprite\\n"
51	00462512	00462548	0046253c	"vertical\\t"
52	00462573	0046257c	00462573	"state"
53	00462632	0046263c	00462632	"skupina"
54	0046288e	004628ac	0046288e	"execute commands in case of"
55	00462a83	00462a8c	00462a83	"skupina"
56	00462ba0	00462bbc	00462ba0	"execute commands in case of"
57	00462bea	00462c08	00462bea	"execute commands in case of"
58	00462d4b	00462d94	00462d4b	"execute commands in case of"
58	00462d4b	00462d94	00462d76	"execute commands in case of"
59	00462dbe	00462e00	00462dbe	"execute commands in case of!"
59	00462dbe	00462e00	00462ddd	"conditional executing of commands"
60	00462eaf	00462ecc	00462eaf	"execute commands in case of"
61	00462f03	00462f44	00462f03	"execute commands in case of!"
61	00462f03	00462f44	00462f22	"conditional executing of commands"
62	0046300b	00463018	0046300b	"draw picture"
63	0046311d	0046319c	0046311d	"execute commands in case of"
63	0046311d	0046319c	0046314c	"execute commands in case of"
63	0046311d	0046319c	00463177	"conditional executing of commands"
64	00463224	0046326c	00463224	"conditional executing of commands!"
64	00463224	0046326c	00463249	"conditional executing of commands"
65	004632bf	0046334c	004632bf	"conditional executing of commands"
65	004632bf	0046334c	004632e8	"command repeating with specified run number"
65	004632bf	0046334c	0046331f	"command repeating with specified run number"
66	004633b2	004633c0	004633b2	"draw picture"
67	004633d2	00463400	004633d2	"command repeating with specified run number"
68	004634be	004634dc	004634be	"execute commands in case of"
69	00463623	0046362c	00463623	"group"
70	00463657	00463660	00463657	"then do"
71	0046367a	004636e0	0046367a	"conditional executing of commands+"
71	0046367a	004636e0	0046369f	"command repeating with specified run number"
71	0046367a	004636e0	004636d6	"else do"
72	004637ab	004637c8	004637ab	"execute commands in case of"
73	004637fd	0046387c	004637fd	"conditional executing of commands\\n"
73	004637fd	0046387c	00463822	"play sound\\n"
73	004637fd	0046387c	00463830	"play sound!"
73	004637fd	0046387c	0046383e	"conditional executing of commands\\n"
73	004637fd	0046387c	00463863	"play sound\\n"
73	004637fd	0046387c	00463871	"play sound"
74	004638ba	00463910	004638ba	"conditional executing of commands!"
74	004638ba	00463910	004638df	"conditional executing of commands\\n"
74	004638ba	00463910	00463904	"play sound"
75	00463a10	00463a2c	00463a10	"execute commands in case of"
76	00463a6e	00463a90	00463a6e	"conditional executing of commands"
77	00463ea6	00463eb4	00463ea6	"play sound"
78	00463f8a	00463fc8	00463f8a	"grundlegende Variable und Funktionen"
78	00463f8a	00463fc8	00463fba	"Gegenstand"
79	0046427c	00464288	0046427c	"Sprite 25"
80	004647bb	004647c4	004647bb	"Nummer 2"
81	0046480c	00464824	0046480c	"Nummer 3"
81	0046480c	00464824	0046481c	"Sprite"
82	0046484a	00464854	0046484a	"Sprite"
83	00464878	00464880	00464878	"Sprite"
84	004648f9	00464900	004648f9	"Nummer"
85	00464917	00464930	00464917	"Nummer"
85	00464917	00464930	00464929	"Nummer"
86	0046494f	00464969	0046494f	"Nummer"
86	0046494f	00464969	00464961	"Sprite\\n"
87	004649b5	004649dc	004649b5	"Zustand"
87	004649b5	004649dc	004649c4	"Nummer 2\\n"
87	004649b5	004649dc	004649d0	"Funktion 3"
88	004649fc	00464a08	004649fc	"Nummer 3\\n"
89	00464a7e	00464a88	00464a7e	"Gruppe"
90	00464aa4	00464ae0	00464aa4	"Zeichnen des Bildes!"
90	00464aa4	00464ae0	00464abb	"bedingte Wiederholung der Befehle#"
91	00464d03	00464d20	00464d03	"hre die Befehle aus, falls"
92	00464dd8	00464e24	00464dd8	"bedingter Vollzug der Befehle'"
92	00464dd8	00464e24	00464df9	"Einstellung der Gestalt des Mauszeigers!"
93	00464e49	00464e68	00464e49	"bedingter Vollzug der Befehle"
94	00464ea7	00464ec8	00464ea7	"bedingter Vollzug der Befehle!"
95	00464eed	00464f04	00464eed	"Zeichnen des Bildes'"
96	00464f2f	00464f38	00464f2f	"Gruppe"
97	00464f5d	00464f65	00464f5d	"Gruppe'"
98	00464f92	00464fd8	00464f92	"bedingter Vollzug der Befehle"
98	00464f92	00464fd8	00464fb7	"bedingter Vollzug der Befehle#"
99	00465061	0046507c	00465061	"hre die Befehle aus, falls"
100	004650ad	004650f0	004650ad	"hre die Befehle aus, falls"
100	004650ad	004650f0	004650cf	"bedingter Vollzug der Befehle#"
101	00465219	00465234	00465219	"hre die Befehle aus, falls"
102	00465245	00465260	00465245	"hre die Befehle aus, falls"
103	004652a8	004652c8	004652a8	"bedingter Vollzug der Befehle"
104	004652db	004652f8	004652db	"hre die Befehle aus, falls#"
105	00465382	004653a0	00465382	"hre die Befehle aus, falls"
106	004653f1	00465410	004653f1	"bedingter Vollzug der Befehle"
107	004654e1	004654f8	004654e1	"Zeichnen des Bildes"
108	00465609	00465624	00465609	"hre die Befehle aus, falls"
109	00465639	00465684	00465639	"hre die Befehle aus, falls"
109	00465639	00465684	00465663	"bedingter Vollzug der Befehle"
110	00465735	0046582c	00465735	"bedingter Vollzug der Befehle"
110	00465735	0046582c	0046575a	"Wiederholung der Befehle mit Anzahl"
110	00465735	0046582c	00465789	"bedingter Vollzug der Befehle"
110	00465735	0046582c	004657b2	"bedingter Vollzug der Befehle"
110	00465735	0046582c	004657d7	"Wiederholung der Befehle mit Anzahl"
110	00465735	0046582c	00465806	"Wiederholung der Befehle mit Anzahl"
111	00465891	004658dc	00465891	"Zeichnen des Bildes"
111	00465891	004658dc	004658b8	"Wiederholung der Befehle mit Anzahl"
112	004659a8	004659c4	004659a8	"hre die Befehle aus, falls"
113	00465b16	00465b60	00465b16	"Gruppe"
113	00465b16	00465b60	00465b28	"bedingter Vollzug der Befehle"
113	00465b16	00465b60	00465b54	"hre durch"
114	00465b79	00465bc0	00465b79	"bedingter Vollzug der Befehle#"
114	00465b79	00465bc0	00465b9a	"Wiederholung der Befehle mit Anzahl"
115	00465bd1	00465c05	00465bd1	"hre durch"
115	00465bd1	00465c05	00465be6	"bedingter Vollzug der Befehle#"
116	00465cb0	00465ccc	00465cb0	"hre die Befehle aus, falls"
117	00465cde	00465cfc	00465cde	"bedingter Vollzug der Befehle"
118	00465d7e	00465d90	00465d7e	"Audiowiedergabe"
119	00465da9	00465dc8	00465da9	"bedingter Vollzug der Befehle"
120	00465e10	00465e20	00465e10	"Audiowiedergabe"
121	00465f30	00465f4c	00465f30	"hre die Befehle aus, falls"
122	00465f66	00465fb0	00465f66	"bedingter Vollzug der Befehle"
122	00465f66	00465fb0	00465f8f	"bedingter Vollzug der Befehle"
123	00465fc7	0046600c	00465fc7	"bedingter Vollzug der Befehle#"
123	00465fc7	0046600c	00465fe8	"Mehrstufige Verzweigung der Befehle"
124	00466153	00466168	00466153	"Zeichnen des Bildes"
125	0046617a	00466198	0046617a	"bedingter Vollzug der Befehle"
126	004661e5	0046621c	004661e5	"Audiowiedergabe#"
126	004661e5	0046621c	004661f8	"Mehrstufige Verzweigung der Befehle"
127	0046637a	00466398	0046637a	"bedingter Vollzug der Befehle"
128	004663e5	004663f8	004663e5	"Audiowiedergabe"
129	00466441	00466460	00466441	"bedingter Vollzug der Befehle"
130	0046648b	004664ac	0046648b	"bedingter Vollzug der Befehle"
131	00466d27	00466d30	00466d27	"sprite"
132	00466d55	00466d5c	00466d55	"sprite"
133	00466d83	00466d8c	00466d83	"sprite"
134	00466e04	00466e0c	00466e04	"number"
135	00466e22	00466e3c	00466e22	"number"
135	00466e22	00466e3c	00466e34	"number"
136	00466e5a	00466e90	00466e5a	"number"
136	00466e5a	00466e90	00466e6c	"sprite\\n"
136	00466e5a	00466e90	00466e84	"vertical\\t"
137	00466ebb	00466ec4	00466ebb	"state"
138	00466f7a	00466f84	00466f7a	"skupina"
139	004671d6	004671f4	004671d6	"execute commands in case of"
140	004673cb	004673d4	004673cb	"skupina"
141	004674e8	00467504	004674e8	"execute commands in case of"
142	00467532	00467550	00467532	"execute commands in case of"
143	00467693	004676dc	00467693	"execute commands in case of"
143	00467693	004676dc	004676be	"execute commands in case of"
144	00467706	00467748	00467706	"execute commands in case of!"
144	00467706	00467748	00467725	"conditional executing of commands"
145	004677f7	00467814	004677f7	"execute commands in case of"
146	0046784b	0046788c	0046784b	"execute commands in case of!"
146	0046784b	0046788c	0046786a	"conditional executing of commands"
147	00467953	00467960	00467953	"draw picture"
148	00467a65	00467ae4	00467a65	"execute commands in case of"
148	00467a65	00467ae4	00467a94	"execute commands in case of"
148	00467a65	00467ae4	00467abf	"conditional executing of commands"
149	00467b6c	00467bb4	00467b6c	"conditional executing of commands!"
149	00467b6c	00467bb4	00467b91	"conditional executing of commands"
150	00467c07	00467c94	00467c07	"conditional executing of commands"
150	00467c07	00467c94	00467c30	"command repeating with specified run number"
150	00467c07	00467c94	00467c67	"command repeating with specified run number"
151	00467cfa	00467d08	00467cfa	"draw picture"
152	00467d1a	00467d48	00467d1a	"command repeating with specified run number"
153	00467e06	00467e24	00467e06	"execute commands in case of"
154	00467f6b	00467f74	00467f6b	"group"
155	00467f9f	00467fa8	00467f9f	"then do"
156	00467fc2	00468028	00467fc2	"conditional executing of commands+"
156	00467fc2	00468028	00467fe7	"command repeating with specified run number"
156	00467fc2	00468028	0046801e	"else do"
157	004680f3	00468110	004680f3	"execute commands in case of"
158	00468145	004681c4	00468145	"conditional executing of commands\\n"
158	00468145	004681c4	0046816a	"play sound\\n"
158	00468145	004681c4	00468178	"play sound!"
158	00468145	004681c4	00468186	"conditional executing of commands\\n"
158	00468145	004681c4	004681ab	"play sound\\n"
158	00468145	004681c4	004681b9	"play sound"
159	00468202	00468258	00468202	"conditional executing of commands!"
159	00468202	00468258	00468227	"conditional executing of commands\\n"
159	00468202	00468258	0046824c	"play sound"
160	00468358	00468374	00468358	"execute commands in case of"
161	004683b6	004683d8	004683b6	"conditional executing of commands"
162	004687ee	004687fc	004687ee	"play sound"
163	004688d2	004688f1	004688d2	"basic variables and functions\\r"
164	00468956	00468998	00468956	"introduction picture (English)"
164	00468956	00468998	0046897c	"picture to storage Desktop%"
165	004689c3	00468a0d	004689c3	"initialization of Desktop mode\\t"
165	004689c3	00468a0d	004689f2	"picture of tool selection#"
166	00468a90	00468aa0	00468a90	"cursor visible\\r"
167	00468b29	00468b34	00468b29	"control%"
168	00468b8a	00468b9c	00468b8a	"tool horizontal\\r"
169	00468bd0	00468bec	00468bd0	"tool moving\\n"
169	00468bd0	00468bec	00468bdf	"tool phase\\n"
170	00468c0f	00468c30	00468c0f	"calculation of sound stereobase "
171	00468d1f	00468d3c	00468d1f	"index increment of bulletj"
172	00468e06	00468e18	00468e06	"bullet visible\\r"
173	00468e39	00468e68	00468e39	"bullet state\\t"
173	00468e39	00468e68	00468e56	"hammer service$"
174	00469ff7	0046a25d	00469ff7	"sprite of hit by machine gun'"
174	00469ff7	0046a25d	0046a017	"sprite of hit by machine gun horizontal%"
174	00469ff7	0046a25d	0046a042	"sprite of hit by machine gun vertical&"
174	00469ff7	0046a25d	0046a06b	"sprite of hit by machine gun direction$"
174	00469ff7	0046a25d	0046a095	"sprite of hit by machine gun visible#"
174	00469ff7	0046a25d	0046a0bd	"sprite of hit by machine gun moving\\""
174	00469ff7	0046a25d	0046a0e4	"sprite of hit by machine gun phase\\""
174	00469ff7	0046a25d	0046a10a	"sprite of hit by machine gun state "
174	00469ff7	0046a25d	0046a130	"sprite of shell from machine gun+"
174	00469ff7	0046a25d	0046a154	"sprite of shell from machine gun horizontal)"
174	00469ff7	0046a25d	0046a183	"sprite of shell from machine gun vertical*"
174	00469ff7	0046a25d	0046a1b0	"sprite of shell from machine gun direction("
174	00469ff7	0046a25d	0046a1de	"sprite of shell from machine gun visible'"
174	00469ff7	0046a25d	0046a20a	"sprite of shell from machine gun moving&"
174	00469ff7	0046a25d	0046a235	"sprite of shell from machine gun phase&"
175	0046a5d7	0046a664	0046a5d7	"sprite of standing flame#"
175	0046a5d7	0046a664	0046a5f3	"sprite of standing flame horizontal!"
175	0046a5d7	0046a664	0046a61a	"sprite of standing flame vertical\\""
175	0046a5d7	0046a664	0046a63f	"sprite of standing flame direction "
176	0046a722	0046a729	0046a722	"Flame\\t"
177	0046af0e	0046b000	0046af0e	"Color-thrower drop "
177	0046af0e	0046b000	0046af24	"pictures of hit by color-thrower!"
177	0046af0e	0046b000	0046af48	"picture of hit by color-thrower 1!"
177	0046af0e	0046b000	0046af6d	"picture of hit by color-thrower 2!"
177	0046af0e	0046b000	0046af92	"picture of hit by color-thrower 3!"
177	0046af0e	0046b000	0046afb7	"picture of hit by color-thrower 4!"
177	0046af0e	0046b000	0046afdc	"picture of hit by color-thrower 5\\t"
178	0046b070	0046b080	0046b070	"phaser visible\\r"
179	0046b32d	0046b340	0046b32d	"stamp direction\\r"
180	0046b48f	0046b4a9	0046b48f	"picture of stamp print 3\\""
181	0046b4d1	0046b4ec	0046b4d1	"picture of stamp print 4\\""
182	0046b59f	0046b5bc	0046b59f	"picture of stamp print 10\\n"
183	0046b7db	0046b80d	0046b7db	"termite moving\\r"
183	0046b7db	0046b80d	0046b7ed	"termite phase\\r"
183	0046b7db	0046b80d	0046b7fe	"termite state\\r"
184	0046b833	0046b841	0046b833	"dead termite\\n"
185	0046b8e2	0046b904	0046b8e2	"washing moving\\r"
185	0046b8e2	0046b904	0046b8f4	"washing phase\\r"
186	0046baa0	0046bab0	0046baa0	"screen width\\r"
187	0046bc77	0046bc88	0046bc77	"hit dispersion\\r"
188	0046c19b	0046c1cd	0046c19b	"discharge counter\\n"
188	0046c19b	0046c1cd	0046c1b0	"function 3\\r"
188	0046c19b	0046c1cd	0046c1be	"print picture\\n"
189	0046c23b	0046c244	0046c23b	"hammer\\t"
190	0046c261	0046c279	0046c261	"shell\\r"
190	0046c261	0046c279	0046c26a	"flame-thrower\\r"
191	0046c297	0046c2a5	0046c297	"introductionB"
192	0046c304	0046c31c	0046c304	"Czech, Polish, Slovak"
193	0046c372	0046c38c	0046c372	"key input from keyboard"
194	0046c3a8	0046c424	0046c3a8	"else end of waiting/"
194	0046c3a8	0046c424	0046c3bf	"choice function, if it was not performed by key0"
194	0046c3a8	0046c424	0046c3f2	"storage of button state (only for clearing flag)0"
195	0046c45a	0046c488	0046c45a	"service of selected function"
195	0046c45a	0046c488	0046c47e	"-1: end\\t"
196	0046c4cc	0046c514	0046c4cc	"4: color-thrower\\t"
196	0046c4cc	0046c514	0046c4ed	"6: stamp\\n"
196	0046c4cc	0046c514	0046c4f9	"7: termite\\n"
196	0046c4cc	0046c514	0046c507	"8: washing"
197	0046c525	0046c548	0046c525	"conditional executing of commands!"
198	0046c57f	0046c5d0	0046c57f	"draw picture="
198	0046c57f	0046c5d0	0046c58f	"storage of button state (only for clearing button click flag)="
199	0046c611	0046c64c	0046c611	"switch off bullets!"
199	0046c611	0046c64c	0046c627	"termites will not be switched off/"
200	0046c69d	0046c6ac	0046c69d	"cursor service"
201	0046c6f0	0046c710	0046c6f0	"right button - switch menu off!"
202	0046c737	0046c74d	0046c737	"draw Desktop picture0"
203	0046c79d	0046c7f5	0046c79d	"Wait..."
203	0046c79d	0046c7f5	0046c7b4	"determine screen dimensions "
203	0046c79d	0046c7f5	0046c7d3	"setting window over whole screen\\""
204	0046c81d	0046c83c	0046c81d	"setting shape of mouse cursor"
205	0046c852	0046c868	0046c852	"random hit picture"
206	0046c88e	0046c898	0046c88e	"2: shell"
207	0046c8b4	0046c8d0	0046c8b4	"random sound of shell drop"
208	0046c902	0046c91c	0046c902	"3: potsherd or splinter"
209	0046c959	0046c970	0046c959	"test of flame arrival"
210	0046c997	0046c9b8	0046c997	"multibranch control structure"
211	0046c9fd	0046ca38	0046c9fd	"test of color arrival"
211	0046c9fd	0046ca38	0046ca1e	"random picture of blot"
212	0046ca4c	0046ca5c	0046ca4c	"draw picture"
213	0046cacd	0046caf8	0046cacd	"7: termite"
213	0046cacd	0046caf8	0046cae7	"termite movement"
214	0046cb5f	0046cb78	0046cb5f	"Y limitation from above\\r"
215	0046cb8b	0046cbe9	0046cb8b	"sound of termite"
215	0046cb8b	0046cbe9	0046cba3	"search new bullet"
215	0046cb8b	0046cbe9	0046cbc0	"evocation of menu by right mouse button%"
216	0046cc1b	0046cccc	0046cc1b	"hit service"
216	0046cc1b	0046cccc	0046cc2e	"detection of color brightness in destination place"
216	0046cc1b	0046cccc	0046cc6c	"detection of brightness in one line"
216	0046cc1b	0046cccc	0046cc9f	"sound by color brightness below mouse cursor"
217	0046ccff	0046cd14	0046ccff	"random hit picture"
218	0046cd35	0046cd44	0046cd35	"draw picture"
219	0046cd55	0046cd68	0046cd55	"create potsherds"
220	0046cd89	0046cd9c	0046cd89	"random potsherd"
221	0046cde8	0046ce00	0046cde8	"sprite initialization"
222	0046ce43	0046ce4c	0046ce43	"sawing"
223	0046ce75	0046cea0	0046ce75	"create splinters"
223	0046ce75	0046cea0	0046ce91	"transportation"
224	0046ceba	0046cecc	0046ceba	"random splinter"
225	0046cef1	0046cf54	0046cef1	"call menu by right mouse button"
225	0046cef1	0046cf54	0046cf18	"shooting\\n"
225	0046cef1	0046cf54	0046cf24	"play sound\\n"
225	0046cef1	0046cf54	0046cf40	"terminate sounds/"
226	0046cf87	0046cf98	0046cf87	"play sound - end"
227	0046cfb3	0046cfd4	0046cfb3	"call menu by right mouse button"
228	0046cffa	0046d028	0046cffa	"play sound of shooting"
228	0046cffa	0046d028	0046d018	"random color"
229	0046d060	0046d098	0046d060	"call menu by right mouse button"
229	0046d060	0046d098	0046d08b	"begin shoot"
230	0046d0c9	0046d0dc	0046d0c9	"random hit picture"
231	0046d10b	0046d118	0046d10b	"draw picture"
232	0046d12b	0046d14c	0046d12b	"call menu by right mouse button"
233	0046d194	0046d1a4	0046d194	"random picture"
234	0046d1eb	0046d20c	0046d1eb	"call menu by right mouse button"
235	0046d241	0046d258	0046d241	"play sound of washing"
236	0046d297	0046d2b8	0046d297	"call menu by right mouse button"
237	0046d2d6	0046d2e8	0046d2d6	"it is first push"
238	0046d310	0046d32c	0046d310	"sico metamorfosis e cargo"
239	0046d961	0046d968	0046d961	"group"
240	0046db85	0046db8c	0046db85	"sprite"
241	0046dbb3	0046dbbc	0046dbb3	"sprite"
242	0046dbe1	0046dbe8	0046dbe1	"sprite"
243	0046dc62	0046dc6c	0046dc62	"number"
244	0046dc80	0046dc9c	0046dc80	"number"
244	0046dc80	0046dc9c	0046dc92	"number"
245	0046dcb8	0046dcec	0046dcb8	"number"
245	0046dcb8	0046dcec	0046dcca	"sprite\\n"
245	0046dcb8	0046dcec	0046dce2	"vertical\\t"
246	0046dd19	0046dd20	0046dd19	"state"
247	0046ddd8	0046dde0	0046ddd8	"skupina"
248	0046e034	0046e050	0046e034	"execute commands in case of"
249	0046e229	0046e234	0046e229	"skupina"
250	0046e346	0046e364	0046e346	"execute commands in case of"
251	0046e390	0046e3ac	0046e390	"execute commands in case of"
252	0046e4f1	0046e538	0046e4f1	"execute commands in case of"
252	0046e4f1	0046e538	0046e51c	"execute commands in case of"
253	0046e564	0046e5a8	0046e564	"execute commands in case of!"
253	0046e564	0046e5a8	0046e583	"conditional executing of commands"
254	0046e655	0046e674	0046e655	"execute commands in case of"
255	0046e6a9	0046e6ec	0046e6a9	"execute commands in case of!"
255	0046e6a9	0046e6ec	0046e6c8	"conditional executing of commands"
256	0046e7b1	0046e7c0	0046e7b1	"draw picture"
257	0046e8c3	0046e8e0	0046e8c3	"execute commands in case of"
258	0046e8f2	0046e940	0046e8f2	"execute commands in case of"
258	0046e8f2	0046e940	0046e91d	"conditional executing of commands"
259	0046e9ca	0046ea14	0046e9ca	"conditional executing of commands!"
259	0046e9ca	0046ea14	0046e9ef	"conditional executing of commands"
260	0046ea65	0046eaf4	0046ea65	"conditional executing of commands"
260	0046ea65	0046eaf4	0046ea8e	"command repeating with specified run number"
260	0046ea65	0046eaf4	0046eac5	"command repeating with specified run number"
261	0046eb58	0046eba4	0046eb58	"draw picture"
261	0046eb58	0046eba4	0046eb78	"command repeating with specified run number"
262	0046ec64	0046ec80	0046ec64	"execute commands in case of"
263	0046edc9	0046edd0	0046edc9	"group"
264	0046edfd	0046ee08	0046edfd	"then do"
265	0046ee20	0046ee84	0046ee20	"conditional executing of commands+"
265	0046ee20	0046ee84	0046ee45	"command repeating with specified run number"
265	0046ee20	0046ee84	0046ee7c	"else do"
266	0046ef51	0046ef70	0046ef51	"execute commands in case of"
267	0046efa3	0046f024	0046efa3	"conditional executing of commands\\n"
267	0046efa3	0046f024	0046efc8	"play sound\\n"
267	0046efa3	0046f024	0046efd6	"play sound!"
267	0046efa3	0046f024	0046efe4	"conditional executing of commands\\n"
267	0046efa3	0046f024	0046f009	"play sound\\n"
267	0046efa3	0046f024	0046f017	"play sound"
268	0046f060	0046f0b8	0046f060	"conditional executing of commands!"
268	0046f060	0046f0b8	0046f085	"conditional executing of commands\\n"
268	0046f060	0046f0b8	0046f0aa	"play sound"
269	0046f1b6	0046f1d4	0046f1b6	"execute commands in case of"
270	0046f214	0046f238	0046f214	"conditional executing of commands"
271	0046f64c	0046f658	0046f64c	"play sound"
272	0046f964	0046f96c	0046f964	"group"
273	0046ff8c	0046ff94	0046ff8c	"sprite"
274	0046ffba	0046ffc4	0046ffba	"sprite"
275	0046ffe8	0046fff0	0046ffe8	"sprite"
276	00470069	00470070	00470069	"number"
277	00470087	004700a0	00470087	"number"
277	00470087	004700a0	00470099	"number"
278	004700bf	004700f4	004700bf	"number"
278	004700bf	004700f4	004700d1	"sprite\\n"
278	004700bf	004700f4	004700e9	"vertical\\t"
279	00470120	00470128	00470120	"state"
280	004701df	004701e8	004701df	"skupina"
281	0047043b	00470458	0047043b	"execute commands in case of"
282	00470630	00470638	00470630	"skupina"
283	0047074d	0047076c	0047074d	"execute commands in case of"
284	00470797	004707b4	00470797	"execute commands in case of"
285	004708f8	00470940	004708f8	"execute commands in case of"
285	004708f8	00470940	00470923	"execute commands in case of"
286	0047096b	004709ac	0047096b	"execute commands in case of!"
286	0047096b	004709ac	0047098a	"conditional executing of commands"
287	00470a5c	00470a78	00470a5c	"execute commands in case of"
288	00470ab0	00470af4	00470ab0	"execute commands in case of!"
288	00470ab0	00470af4	00470acf	"conditional executing of commands"
289	00470bb8	00470bc8	00470bb8	"draw picture"
290	00470cca	00470ce8	00470cca	"execute commands in case of"
291	00470cf9	00470d48	00470cf9	"execute commands in case of"
291	00470cf9	00470d48	00470d24	"conditional executing of commands"
292	00470dd1	00470e18	00470dd1	"conditional executing of commands!"
292	00470dd1	00470e18	00470df6	"conditional executing of commands"
293	00470e6c	00470ef8	00470e6c	"conditional executing of commands"
293	00470e6c	00470ef8	00470e95	"command repeating with specified run number"
293	00470e6c	00470ef8	00470ecc	"command repeating with specified run number"
294	00470f5f	00470f6c	00470f5f	"draw picture"
295	00470f7f	00470fac	00470f7f	"command repeating with specified run number"
296	0047106b	00471088	0047106b	"execute commands in case of"
297	004711d0	004711d8	004711d0	"group"
298	00471204	0047120c	00471204	"then do"
299	00471227	0047128c	00471227	"conditional executing of commands+"
299	00471227	0047128c	0047124c	"command repeating with specified run number"
299	00471227	0047128c	00471283	"else do"
300	00471358	00471374	00471358	"execute commands in case of"
301	004713aa	0047142c	004713aa	"conditional executing of commands\\n"
301	004713aa	0047142c	004713cf	"play sound\\n"
301	004713aa	0047142c	004713dd	"play sound!"
301	004713aa	0047142c	004713eb	"conditional executing of commands\\n"
301	004713aa	0047142c	00471410	"play sound\\n"
301	004713aa	0047142c	0047141e	"play sound"
302	00471467	004714bc	00471467	"conditional executing of commands!"
302	00471467	004714bc	0047148c	"conditional executing of commands\\n"
302	00471467	004714bc	004714b1	"play sound"
303	004715bd	004715dc	004715bd	"execute commands in case of"
304	0047161b	00471640	0047161b	"conditional executing of commands"
305	00471a53	00471a60	00471a53	"play sound"
306	00472398	004723a0	00472398	"sprite"
307	004723c6	004723d0	004723c6	"sprite"
308	004723f4	004723fc	004723f4	"sprite"
309	00472475	0047247c	00472475	"number"
310	00472493	004724ac	00472493	"number"
310	00472493	004724ac	004724a5	"number"
311	004724cb	00472500	004724cb	"number"
311	004724cb	00472500	004724dd	"sprite\\n"
311	004724cb	00472500	004724f5	"vertical\\t"
312	0047252c	00472534	0047252c	"state"
313	004725eb	004725f4	004725eb	"skupina"
314	00472847	00472864	00472847	"execute commands in case of"
315	00472a3c	00472a44	00472a3c	"skupina"
316	00472b59	00472b78	00472b59	"execute commands in case of"
317	00472ba3	00472bc0	00472ba3	"execute commands in case of"
318	00472d04	00472d4c	00472d04	"execute commands in case of"
318	00472d04	00472d4c	00472d2f	"execute commands in case of"
319	00472d77	00472db8	00472d77	"execute commands in case of!"
319	00472d77	00472db8	00472d96	"conditional executing of commands"
320	00472e68	00472e84	00472e68	"execute commands in case of"
321	00472ebc	00472f00	00472ebc	"execute commands in case of!"
321	00472ebc	00472f00	00472edb	"conditional executing of commands"
322	00472fc4	00472fd4	00472fc4	"draw picture"
323	004730d6	004730f4	004730d6	"execute commands in case of"
324	00473105	00473154	00473105	"execute commands in case of"
324	00473105	00473154	00473130	"conditional executing of commands"
325	004731dd	00473224	004731dd	"conditional executing of commands!"
325	004731dd	00473224	00473202	"conditional executing of commands"
326	00473278	00473304	00473278	"conditional executing of commands"
326	00473278	00473304	004732a1	"command repeating with specified run number"
326	00473278	00473304	004732d8	"command repeating with specified run number"
327	0047336b	00473378	0047336b	"draw picture"
328	0047338b	004733b8	0047338b	"command repeating with specified run number"
329	00473477	00473494	00473477	"execute commands in case of"
330	004735dc	004735e4	004735dc	"group"
331	00473610	00473618	00473610	"then do"
332	00473633	00473698	00473633	"conditional executing of commands+"
332	00473633	00473698	00473658	"command repeating with specified run number"
332	00473633	00473698	0047368f	"else do"
333	00473764	00473780	00473764	"execute commands in case of"
334	004737b6	00473838	004737b6	"conditional executing of commands\\n"
334	004737b6	00473838	004737db	"play sound\\n"
334	004737b6	00473838	004737e9	"play sound!"
334	004737b6	00473838	004737f7	"conditional executing of commands\\n"
334	004737b6	00473838	0047381c	"play sound\\n"
334	004737b6	00473838	0047382a	"play sound"
335	00473873	004738c8	00473873	"conditional executing of commands!"
335	00473873	004738c8	00473898	"conditional executing of commands\\n"
335	00473873	004738c8	004738bd	"play sound"
336	004739c9	004739e8	004739c9	"execute commands in case of"
337	00473a27	00473a4c	00473a27	"conditional executing of commands"
338	00473e5f	00473e6c	00473e5f	"play sound"
339	00474a04	00474a0c	00474a04	"skupina"
340	00474e64	00474e6c	00474e64	"skupina"
341	004759d6	004759e0	004759d6	"skupina"
342	0047632d	0047634c	0047632d	"basic variables and functions"
343	0047635e	00476368	0047635e	"sprite 11"
344	0047637b	00476384	0047637b	"group"
345	0047639a	004763a0	0047639a	"group"
346	0047644f	0047645c	0047644f	"sprite 12"
347	0047647c	004764a0	0047647c	"function 10\\n"
347	0047647c	004764a0	00476499	"group"
348	004764fc	00476528	004764fc	"index increment"
348	004764fc	00476528	0047651b	"sprite 13"
349	0047656b	00476584	0047656b	"function 16\\t"
349	0047656b	00476584	0047657a	"sprite 14"
350	004765a3	004765b0	004765a3	"sprite 15"
351	004765cc	004765e0	004765cc	"group\\t"
351	004765cc	004765e0	004765d5	"sprite 16"
352	004765fe	00476608	004765fe	"sprite 17"
353	00476627	00476634	00476627	"sprite 18"
354	00476650	0047665c	00476650	"sprite 19"
355	00476679	00476684	00476679	"sprite 20"
356	004766a2	004766a8	004766a2	"group"
357	004766cb	004766d4	004766cb	"group"
358	0047670c	00476728	0047670c	"function 18\\t"
358	0047670c	00476728	0047671b	"sprite 21"
359	00476744	00476750	00476744	"sprite 22"
360	0047676d	00476780	0047676d	"group\\t"
360	0047676d	00476780	00476776	"sprite 23"
361	0047679f	004767ac	0047679f	"sprite 24"
362	004767c8	004767d4	004767c8	"sprite 25"
363	004767f1	004767fc	004767f1	"sprite 26"
364	0047681a	00476824	0047681a	"sprite 27"
365	00476843	0047684c	00476843	"group"
366	0047686c	00476890	0047686c	"function 20"
366	0047686c	00476890	00476883	"sprite 28"
367	004768ac	004768b8	004768ac	"sprite 29"
368	004768d5	004768e0	004768d5	"sprite 30"
369	004768fe	00476908	004768fe	"sprite 31"
370	00476927	00476948	00476927	"group"
370	00476927	00476948	00476940	"group"
371	00476985	004769a0	00476985	"function 22\\t"
371	00476985	004769a0	00476994	"sprite 32"
372	004769ca	004769f5	004769ca	"horizontal 3\\n"
372	004769ca	004769f5	004769e8	"direction 3\\t"
373	00476a1b	00476a60	00476a1b	"state 3\\t"
373	00476a1b	00476a60	00476a33	"horizontal 4\\n"
373	00476a1b	00476a60	00476a51	"direction 4\\t"
374	00476a8f	00476ab0	00476a8f	"group"
374	00476a8f	00476ab0	00476aa8	"group"
375	00476ad9	00476af4	00476ad9	"function 24\\t"
375	00476ad9	00476af4	00476ae8	"sprite 35"
376	00476b11	00476b54	00476b11	"group\\t"
376	00476b11	00476b54	00476b27	"horizontal 5\\n"
376	00476b11	00476b54	00476b45	"direction 5\\t"
377	00476b78	00476bbc	00476b78	"state 5\\t"
377	00476b78	00476bbc	00476b90	"horizontal 6\\n"
377	00476b78	00476bbc	00476bae	"direction 6\\t"
378	00476be1	00476c24	00476be1	"state 6\\t"
378	00476be1	00476c24	00476bf9	"horizontal 7\\n"
378	00476be1	00476c24	00476c17	"direction 7\\t"
379	00476c4a	00476c8d	00476c4a	"state 7\\t"
379	00476c4a	00476c8d	00476c62	"horizontal 8\\n"
379	00476c4a	00476c8d	00476c80	"direction 8\\t"
380	00476cb3	00476cf8	00476cb3	"state 8\\t"
380	00476cb3	00476cf8	00476ccb	"horizontal 9\\n"
380	00476cb3	00476cf8	00476ce9	"direction 9\\t"
381	00476d1c	00476d34	00476d1c	"state 9\\t"
381	00476d1c	00476d34	00476d27	"sprite 41\\r"
382	00476d54	00476d70	00476d54	"direction 10\\n"
382	00476d54	00476d70	00476d64	"visible 10\\t"
383	00476d8b	00476da4	00476d8b	"state 10\\t"
383	00476d8b	00476da4	00476d97	"sprite 42\\r"
384	00476dc4	00476de0	00476dc4	"direction 11\\n"
384	00476dc4	00476de0	00476dd4	"visible 11\\t"
385	00476dfb	00476e14	00476dfb	"state 11\\t"
385	00476dfb	00476e14	00476e07	"sprite 43\\r"
386	00476e34	00476e50	00476e34	"direction 12\\n"
386	00476e34	00476e50	00476e44	"visible 12\\t"
387	00476e77	00476e90	00476e77	"group"
387	00476e77	00476e90	00476e88	"group"
388	00476eae	00476ec4	00476eae	"function\\t"
388	00476eae	00476ec4	00476eba	"sprite 44"
389	00476ee3	00476eec	00476ee3	"sprite 2"
390	00476f0b	00476f20	00476f0b	"group"
390	00476f0b	00476f20	00476f18	"group"
391	00476f49	00476f6c	00476f49	"group\\n"
391	00476f49	00476f6c	00476f60	"sprite 3"
392	00476f88	00476f94	00476f88	"sprite 4"
393	00476fb4	00476fbc	00476fb4	"group"
394	00476fed	00477010	00476fed	"group\\n"
394	00476fed	00477010	00477004	"sprite 7"
395	0047702c	00477038	0047702c	"sprite 8"
396	00477054	00477060	00477054	"sprite 9"
397	00477091	00477098	00477091	"group\\n"
398	004770b4	004770c0	004770b4	"sprite 5"
399	004770dc	004770e8	004770dc	"sprite 6"
400	004771b7	004771c0	004771b7	"sprite"
401	004771e5	004771ec	004771e5	"sprite"
402	00477213	0047721c	00477213	"sprite"
403	00477294	0047729c	00477294	"number"
404	004772b2	004772cc	004772b2	"number"
404	004772b2	004772cc	004772c4	"number"
405	004772ea	00477320	004772ea	"number"
405	004772ea	00477320	004772fc	"sprite\\n"
405	004772ea	00477320	00477314	"vertical\\t"
406	0047734b	00477354	0047734b	"state"
407	0047740a	00477414	0047740a	"skupina"
408	00477666	00477684	00477666	"execute commands in case of"
409	0047785b	00477864	0047785b	"skupina"
410	00477978	00477994	00477978	"execute commands in case of"
411	004779c2	004779e0	004779c2	"execute commands in case of"
412	00477b23	00477b6c	00477b23	"execute commands in case of"
412	00477b23	00477b6c	00477b4e	"execute commands in case of"
413	00477b96	00477bd8	00477b96	"execute commands in case of!"
413	00477b96	00477bd8	00477bb5	"conditional executing of commands"
414	00477c87	00477ca4	00477c87	"execute commands in case of"
415	00477cdb	00477d1c	00477cdb	"execute commands in case of!"
415	00477cdb	00477d1c	00477cfa	"conditional executing of commands"
416	00477de3	00477df0	00477de3	"draw picture"
417	00477ef5	00477f74	00477ef5	"execute commands in case of"
417	00477ef5	00477f74	00477f24	"execute commands in case of"
417	00477ef5	00477f74	00477f4f	"conditional executing of commands"
418	00477ffc	00478044	00477ffc	"conditional executing of commands!"
418	00477ffc	00478044	00478021	"conditional executing of commands"
419	00478097	00478124	00478097	"conditional executing of commands"
419	00478097	00478124	004780c0	"command repeating with specified run number"
419	00478097	00478124	004780f7	"command repeating with specified run number"
420	0047818a	00478198	0047818a	"draw picture"
421	004781aa	004781d8	004781aa	"command repeating with specified run number"
422	00478296	004782b4	00478296	"execute commands in case of"
423	004783fb	00478404	004783fb	"group"
424	0047842f	00478438	0047842f	"then do"
425	00478452	004784b8	00478452	"conditional executing of commands+"
425	00478452	004784b8	00478477	"command repeating with specified run number"
425	00478452	004784b8	004784ae	"else do"
426	00478583	004785a0	00478583	"execute commands in case of"
427	004785d5	00478654	004785d5	"conditional executing of commands\\n"
427	004785d5	00478654	004785fa	"play sound\\n"
427	004785d5	00478654	00478608	"play sound!"
427	004785d5	00478654	00478616	"conditional executing of commands\\n"
427	004785d5	00478654	0047863b	"play sound\\n"
427	004785d5	00478654	00478649	"play sound"
428	00478692	004786e8	00478692	"conditional executing of commands!"
428	00478692	004786e8	004786b7	"conditional executing of commands\\n"
428	00478692	004786e8	004786dc	"play sound"
429	004787e8	00478804	004787e8	"execute commands in case of"
430	00478846	00478868	00478846	"conditional executing of commands"
431	00478c7e	00478c8c	00478c7e	"play sound"
432	00478d62	00478d80	00478d62	"auspicale variabile e carica"
433	00478d92	00478d9c	00478d92	"sprite 11"
434	00478daf	00478db8	00478daf	"group"
435	00478dce	00478dd4	00478dce	"group"
436	00478e83	00478e90	00478e83	"sprite 12"
437	00478eb0	00478ed4	00478eb0	"function 10\\n"
437	00478eb0	00478ed4	00478ecd	"group"
438	00478f30	00478f5c	00478f30	"index increment"
438	00478f30	00478f5c	00478f4f	"sprite 13"
439	00478f9f	00478fb8	00478f9f	"function 16\\t"
439	00478f9f	00478fb8	00478fae	"sprite 14"
440	00478fd7	00478fe4	00478fd7	"sprite 15"
441	00479000	00479014	00479000	"group\\t"
441	00479000	00479014	00479009	"sprite 16"
442	00479032	0047903c	00479032	"sprite 17"
443	0047905b	00479068	0047905b	"sprite 18"
444	00479084	00479090	00479084	"sprite 19"
445	004790ad	004790b8	004790ad	"sprite 20"
446	004790d6	004790dc	004790d6	"group"
447	004790ff	00479108	004790ff	"group"
448	00479140	0047915c	00479140	"function 18\\t"
448	00479140	0047915c	0047914f	"sprite 21"
449	00479178	00479184	00479178	"sprite 22"
450	004791a1	004791b4	004791a1	"group\\t"
450	004791a1	004791b4	004791aa	"sprite 23"
451	004791d3	004791e0	004791d3	"sprite 24"
452	004791fc	00479208	004791fc	"sprite 25"
453	00479225	00479230	00479225	"sprite 26"
454	0047924e	00479258	0047924e	"sprite 27"
455	00479277	00479280	00479277	"group"
456	004792a0	004792c4	004792a0	"function 20"
456	004792a0	004792c4	004792b7	"sprite 28"
457	004792e0	004792ec	004792e0	"sprite 29"
458	00479309	00479314	00479309	"sprite 30"
459	00479332	0047933c	00479332	"sprite 31"
460	0047935b	0047937c	0047935b	"group"
460	0047935b	0047937c	00479374	"group"
461	004793b9	004793d4	004793b9	"function 22\\t"
461	004793b9	004793d4	004793c8	"sprite 32"
462	004793fe	00479429	004793fe	"horizontal 3\\n"
462	004793fe	00479429	0047941c	"direction 3\\t"
463	0047944f	00479494	0047944f	"state 3\\t"
463	0047944f	00479494	00479467	"horizontal 4\\n"
463	0047944f	00479494	00479485	"direction 4\\t"
464	004794c3	004794e4	004794c3	"group"
464	004794c3	004794e4	004794dc	"group"
465	0047950d	00479528	0047950d	"function 24\\t"
465	0047950d	00479528	0047951c	"sprite 35"
466	00479545	00479588	00479545	"group\\t"
466	00479545	00479588	0047955b	"horizontal 5\\n"
466	00479545	00479588	00479579	"direction 5\\t"
467	004795ac	004795f0	004795ac	"state 5\\t"
467	004795ac	004795f0	004795c4	"horizontal 6\\n"
467	004795ac	004795f0	004795e2	"direction 6\\t"
468	00479615	00479658	00479615	"state 6\\t"
468	00479615	00479658	0047962d	"horizontal 7\\n"
468	00479615	00479658	0047964b	"direction 7\\t"
469	0047967e	004796c1	0047967e	"state 7\\t"
469	0047967e	004796c1	00479696	"horizontal 8\\n"
469	0047967e	004796c1	004796b4	"direction 8\\t"
470	004796e7	0047972c	004796e7	"state 8\\t"
470	004796e7	0047972c	004796ff	"horizontal 9\\n"
470	004796e7	0047972c	0047971d	"direction 9\\t"
471	00479750	00479768	00479750	"state 9\\t"
471	00479750	00479768	0047975b	"sprite 41\\r"
472	00479788	004797a4	00479788	"direction 10\\n"
472	00479788	004797a4	00479798	"visible 10\\t"
473	004797bf	004797d8	004797bf	"state 10\\t"
473	004797bf	004797d8	004797cb	"sprite 42\\r"
474	004797f8	00479814	004797f8	"direction 11\\n"
474	004797f8	00479814	00479808	"visible 11\\t"
475	0047982f	00479848	0047982f	"state 11\\t"
475	0047982f	00479848	0047983b	"sprite 43\\r"
476	00479868	00479884	00479868	"direction 12\\n"
476	00479868	00479884	00479878	"visible 12\\t"
477	004798ab	004798c4	004798ab	"group"
477	004798ab	004798c4	004798bc	"group"
478	004798e2	004798f8	004798e2	"function\\t"
478	004798e2	004798f8	004798ee	"sprite 44"
479	00479917	00479920	00479917	"sprite 2"
480	0047993f	00479954	0047993f	"group"
480	0047993f	00479954	0047994c	"group"
481	0047997d	004799a0	0047997d	"group\\n"
481	0047997d	004799a0	00479994	"sprite 3"
482	004799bc	004799c8	004799bc	"sprite 4"
483	004799e8	004799f0	004799e8	"group"
484	00479a21	00479a44	00479a21	"group\\n"
484	00479a21	00479a44	00479a38	"sprite 7"
485	00479a60	00479a6c	00479a60	"sprite 8"
486	00479a88	00479a94	00479a88	"sprite 9"
487	00479ac5	00479acc	00479ac5	"group\\n"
488	00479ae8	00479af4	00479ae8	"sprite 5"
489	00479b10	00479b1c	00479b10	"sprite 6"
490	00479beb	00479bf4	00479beb	"sprite"
491	00479c19	00479c20	00479c19	"sprite"
492	00479c47	00479c50	00479c47	"sprite"
493	00479cc8	00479cd0	00479cc8	"number"
494	00479ce6	00479d00	00479ce6	"number"
494	00479ce6	00479d00	00479cf8	"number"
495	00479d1e	00479d54	00479d1e	"number"
495	00479d1e	00479d54	00479d30	"sprite\\n"
495	00479d1e	00479d54	00479d48	"vertical\\t"
496	00479d7f	00479d88	00479d7f	"state"
497	00479e3e	00479e48	00479e3e	"skupina"
498	0047a09a	0047a0b8	0047a09a	"execute commands in case of"
499	0047a28f	0047a298	0047a28f	"skupina"
500	0047a3ac	0047a3c8	0047a3ac	"execute commands in case of"
501	0047a3f6	0047a414	0047a3f6	"execute commands in case of"
502	0047a557	0047a5a0	0047a557	"execute commands in case of"
502	0047a557	0047a5a0	0047a582	"execute commands in case of"
503	0047a5ca	0047a60c	0047a5ca	"execute commands in case of!"
503	0047a5ca	0047a60c	0047a5e9	"conditional executing of commands"
504	0047a6bb	0047a6d8	0047a6bb	"execute commands in case of"
505	0047a70f	0047a750	0047a70f	"execute commands in case of!"
505	0047a70f	0047a750	0047a72e	"conditional executing of commands"
506	0047a817	0047a824	0047a817	"draw picture"
507	0047a929	0047a9a8	0047a929	"execute commands in case of"
507	0047a929	0047a9a8	0047a958	"execute commands in case of"
507	0047a929	0047a9a8	0047a983	"conditional executing of commands"
508	0047aa30	0047aa78	0047aa30	"conditional executing of commands!"
508	0047aa30	0047aa78	0047aa55	"conditional executing of commands"
509	0047aacb	0047ab58	0047aacb	"conditional executing of commands"
509	0047aacb	0047ab58	0047aaf4	"command repeating with specified run number"
509	0047aacb	0047ab58	0047ab2b	"command repeating with specified run number"
510	0047abbe	0047abcc	0047abbe	"draw picture"
511	0047abde	0047ac0c	0047abde	"command repeating with specified run number"
512	0047acca	0047ace8	0047acca	"execute commands in case of"
513	0047ae2f	0047ae38	0047ae2f	"group"
514	0047ae63	0047ae6c	0047ae63	"then do"
515	0047ae86	0047aeec	0047ae86	"conditional executing of commands+"
515	0047ae86	0047aeec	0047aeab	"command repeating with specified run number"
515	0047ae86	0047aeec	0047aee2	"else do"
516	0047afb7	0047afd4	0047afb7	"execute commands in case of"
517	0047b009	0047b088	0047b009	"conditional executing of commands\\n"
517	0047b009	0047b088	0047b02e	"play sound\\n"
517	0047b009	0047b088	0047b03c	"play sound!"
517	0047b009	0047b088	0047b04a	"conditional executing of commands\\n"
517	0047b009	0047b088	0047b06f	"play sound\\n"
517	0047b009	0047b088	0047b07d	"play sound"
518	0047b0c6	0047b11c	0047b0c6	"conditional executing of commands!"
518	0047b0c6	0047b11c	0047b0eb	"conditional executing of commands\\n"
518	0047b0c6	0047b11c	0047b110	"play sound"
519	0047b21c	0047b238	0047b21c	"execute commands in case of"
520	0047b27a	0047b29c	0047b27a	"conditional executing of commands"
521	0047b6b2	0047b6c0	0047b6b2	"play sound"
522	0047b796	0047b7b4	0047b796	"basic variables and functions"
523	0047b7c7	0047b7ec	0047b7c7	"sprite 11"
523	0047b7c7	0047b7ec	0047b7e4	"group"
524	0047b803	0047b80c	0047b803	"group"
525	0047b8b8	0047b8c4	0047b8b8	"sprite 12"
526	0047b8e5	0047b908	0047b8e5	"function 10\\n"
526	0047b8e5	0047b908	0047b902	"group"
527	0047b965	0047b990	0047b965	"index increment"
527	0047b965	0047b990	0047b984	"sprite 13"
528	0047b9d4	0047b9f0	0047b9d4	"function 16\\t"
528	0047b9d4	0047b9f0	0047b9e3	"sprite 14"
529	0047ba0c	0047ba18	0047ba0c	"sprite 15"
530	0047ba35	0047ba48	0047ba35	"group\\t"
530	0047ba35	0047ba48	0047ba3e	"sprite 16"
531	0047ba67	0047ba74	0047ba67	"sprite 17"
532	0047ba90	0047ba9c	0047ba90	"sprite 18"
533	0047bab9	0047bac4	0047bab9	"sprite 19"
534	0047bae2	0047baec	0047bae2	"sprite 20"
535	0047bb0b	0047bb14	0047bb0b	"group"
536	0047bb34	0047bb3c	0047bb34	"group"
537	0047bb75	0047bb90	0047bb75	"function 18\\t"
537	0047bb75	0047bb90	0047bb84	"sprite 21"
538	0047bbad	0047bbb8	0047bbad	"sprite 22"
539	0047bbd6	0047bbec	0047bbd6	"group\\t"
539	0047bbd6	0047bbec	0047bbdf	"sprite 23"
540	0047bc08	0047bc14	0047bc08	"sprite 24"
541	0047bc31	0047bc3c	0047bc31	"sprite 25"
542	0047bc5a	0047bc64	0047bc5a	"sprite 26"
543	0047bc83	0047bc90	0047bc83	"sprite 27"
544	0047bcac	0047bcb4	0047bcac	"group"
545	0047bcd5	0047bcf8	0047bcd5	"function 20"
545	0047bcd5	0047bcf8	0047bcec	"sprite 28"
546	0047bd15	0047bd20	0047bd15	"sprite 29"
547	0047bd3e	0047bd48	0047bd3e	"sprite 30"
548	0047bd67	0047bd74	0047bd67	"sprite 31"
549	0047bd90	0047bd98	0047bd90	"group"
550	0047bda9	0047bdb0	0047bda9	"group"
551	0047bdee	0047be08	0047bdee	"function 22\\t"
551	0047bdee	0047be08	0047bdfd	"sprite 32"
552	0047be33	0047be60	0047be33	"horizontal 3\\n"
552	0047be33	0047be60	0047be51	"direction 3\\t"
553	0047be84	0047bec8	0047be84	"state 3\\t"
553	0047be84	0047bec8	0047be9c	"horizontal 4\\n"
553	0047be84	0047bec8	0047beba	"direction 4\\t"
554	0047bef8	0047bf00	0047bef8	"group"
555	0047bf11	0047bf18	0047bf11	"group"
556	0047bf42	0047bf5c	0047bf42	"function 24\\t"
556	0047bf42	0047bf5c	0047bf51	"sprite 35"
557	0047bf7a	0047bfbc	0047bf7a	"group\\t"
557	0047bf7a	0047bfbc	0047bf90	"horizontal 5\\n"
557	0047bf7a	0047bfbc	0047bfae	"direction 5\\t"
558	0047bfe1	0047c024	0047bfe1	"state 5\\t"
558	0047bfe1	0047c024	0047bff9	"horizontal 6\\n"
558	0047bfe1	0047c024	0047c017	"direction 6\\t"
559	0047c04a	0047c08d	0047c04a	"state 6\\t"
559	0047c04a	0047c08d	0047c062	"horizontal 7\\n"
559	0047c04a	0047c08d	0047c080	"direction 7\\t"
560	0047c0b3	0047c0f8	0047c0b3	"state 7\\t"
560	0047c0b3	0047c0f8	0047c0cb	"horizontal 8\\n"
560	0047c0b3	0047c0f8	0047c0e9	"direction 8\\t"
561	0047c11c	0047c160	0047c11c	"state 8\\t"
561	0047c11c	0047c160	0047c134	"horizontal 9\\n"
561	0047c11c	0047c160	0047c152	"direction 9\\t"
562	0047c185	0047c19c	0047c185	"state 9\\t"
562	0047c185	0047c19c	0047c190	"sprite 41\\r"
563	0047c1bd	0047c1d9	0047c1bd	"direction 10\\n"
563	0047c1bd	0047c1d9	0047c1cd	"visible 10\\t"
564	0047c1f4	0047c20c	0047c1f4	"state 10\\t"
564	0047c1f4	0047c20c	0047c200	"sprite 42\\r"
565	0047c22d	0047c249	0047c22d	"direction 11\\n"
565	0047c22d	0047c249	0047c23d	"visible 11\\t"
566	0047c264	0047c27c	0047c264	"state 11\\t"
566	0047c264	0047c27c	0047c270	"sprite 43\\r"
567	0047c29d	0047c2b9	0047c29d	"direction 12\\n"
567	0047c29d	0047c2b9	0047c2ad	"visible 12\\t"
568	0047c2e0	0047c2f8	0047c2e0	"group"
568	0047c2e0	0047c2f8	0047c2f1	"group"
569	0047c317	0047c330	0047c317	"function\\t"
569	0047c317	0047c330	0047c323	"sprite 44"
570	0047c34c	0047c358	0047c34c	"sprite 2"
571	0047c374	0047c388	0047c374	"group"
571	0047c374	0047c388	0047c381	"group"
572	0047c3b2	0047c3d4	0047c3b2	"group\\n"
572	0047c3b2	0047c3d4	0047c3c9	"sprite 3"
573	0047c3f1	0047c3fc	0047c3f1	"sprite 4"
574	0047c41d	0047c424	0047c41d	"group"
575	0047c456	0047c478	0047c456	"group\\n"
575	0047c456	0047c478	0047c46d	"sprite 7"
576	0047c495	0047c4a0	0047c495	"sprite 8"
577	0047c4bd	0047c4c8	0047c4bd	"sprite 9"
578	0047c4fa	0047c501	0047c4fa	"group\\n"
579	0047c51d	0047c528	0047c51d	"sprite 5"
580	0047c545	0047c550	0047c545	"sprite 6"
581	0047c620	0047c628	0047c620	"sprite"
582	0047c64e	0047c658	0047c64e	"sprite"
583	0047c67c	0047c684	0047c67c	"sprite"
584	0047c6fd	0047c704	0047c6fd	"number"
585	0047c71b	0047c734	0047c71b	"number"
585	0047c71b	0047c734	0047c72d	"number"
586	0047c753	0047c788	0047c753	"number"
586	0047c753	0047c788	0047c765	"sprite\\n"
586	0047c753	0047c788	0047c77d	"vertical\\t"
587	0047c7b4	0047c7bc	0047c7b4	"state"
588	0047c873	0047c87c	0047c873	"skupina"
589	0047cacf	0047caec	0047cacf	"execute commands in case of"
590	0047ccc4	0047cccc	0047ccc4	"skupina"
591	0047cde1	0047ce00	0047cde1	"execute commands in case of"
592	0047ce2b	0047ce48	0047ce2b	"execute commands in case of"
593	0047cf8c	0047cfd4	0047cf8c	"execute commands in case of"
593	0047cf8c	0047cfd4	0047cfb7	"execute commands in case of"
594	0047cfff	0047d040	0047cfff	"execute commands in case of!"
594	0047cfff	0047d040	0047d01e	"conditional executing of commands"
595	0047d0f0	0047d10c	0047d0f0	"execute commands in case of"
596	0047d144	0047d188	0047d144	"execute commands in case of!"
596	0047d144	0047d188	0047d163	"conditional executing of commands"
597	0047d24c	0047d25c	0047d24c	"draw picture"
598	0047d35e	0047d37c	0047d35e	"execute commands in case of"
599	0047d38d	0047d3dc	0047d38d	"execute commands in case of"
599	0047d38d	0047d3dc	0047d3b8	"conditional executing of commands"
600	0047d465	0047d4ac	0047d465	"conditional executing of commands!"
600	0047d465	0047d4ac	0047d48a	"conditional executing of commands"
601	0047d500	0047d58c	0047d500	"conditional executing of commands"
601	0047d500	0047d58c	0047d529	"command repeating with specified run number"
601	0047d500	0047d58c	0047d560	"command repeating with specified run number"
602	0047d5f3	0047d600	0047d5f3	"draw picture"
603	0047d613	0047d640	0047d613	"command repeating with specified run number"
604	0047d6ff	0047d71c	0047d6ff	"execute commands in case of"
605	0047d864	0047d86c	0047d864	"group"
606	0047d898	0047d8a0	0047d898	"then do"
607	0047d8bb	0047d920	0047d8bb	"conditional executing of commands+"
607	0047d8bb	0047d920	0047d8e0	"command repeating with specified run number"
607	0047d8bb	0047d920	0047d917	"else do"
608	0047d9ec	0047da08	0047d9ec	"execute commands in case of"
609	0047da3e	0047dac0	0047da3e	"conditional executing of commands\\n"
609	0047da3e	0047dac0	0047da63	"play sound\\n"
609	0047da3e	0047dac0	0047da71	"play sound!"
609	0047da3e	0047dac0	0047da7f	"conditional executing of commands\\n"
609	0047da3e	0047dac0	0047daa4	"play sound\\n"
609	0047da3e	0047dac0	0047dab2	"play sound"
610	0047dafb	0047db50	0047dafb	"conditional executing of commands!"
610	0047dafb	0047db50	0047db20	"conditional executing of commands\\n"
610	0047dafb	0047db50	0047db45	"play sound"
611	0047dc51	0047dc70	0047dc51	"execute commands in case of"
612	0047dcaf	0047dcd4	0047dcaf	"conditional executing of commands"
613	0047e0e7	0047e0f4	0047e0e7	"play sound"
614	0047e1cb	0047e208	0047e1cb	"basic variables and functions"
614	0047e1cb	0047e208	0047e1fc	"sprite 11"
615	0047e219	0047e220	0047e219	"group"
616	0047e238	0047e240	0047e238	"group"
617	0047e2ed	0047e2f8	0047e2ed	"sprite 12"
618	0047e31a	0047e340	0047e31a	"function 10\\n"
618	0047e31a	0047e340	0047e337	"group"
619	0047e39a	0047e3c4	0047e39a	"index increment"
619	0047e39a	0047e3c4	0047e3b9	"sprite 13"
620	0047e409	0047e424	0047e409	"function 16\\t"
620	0047e409	0047e424	0047e418	"sprite 14"
621	0047e441	0047e44c	0047e441	"sprite 15"
622	0047e46a	0047e480	0047e46a	"group\\t"
622	0047e46a	0047e480	0047e473	"sprite 16"
623	0047e49c	0047e4a8	0047e49c	"sprite 17"
624	0047e4c5	0047e4d0	0047e4c5	"sprite 18"
625	0047e4ee	0047e4f8	0047e4ee	"sprite 19"
626	0047e517	0047e524	0047e517	"sprite 20"
627	0047e540	0047e548	0047e540	"group"
628	0047e569	0047e570	0047e569	"group"
629	0047e5aa	0047e5c4	0047e5aa	"function 18\\t"
629	0047e5aa	0047e5c4	0047e5b9	"sprite 21"
630	0047e5e2	0047e5ec	0047e5e2	"sprite 22"
631	0047e60b	0047e620	0047e60b	"group\\t"
631	0047e60b	0047e620	0047e614	"sprite 23"
632	0047e63d	0047e648	0047e63d	"sprite 24"
633	0047e666	0047e670	0047e666	"sprite 25"
634	0047e68f	0047e69c	0047e68f	"sprite 26"
635	0047e6b8	0047e6c4	0047e6b8	"sprite 27"
636	0047e6e1	0047e6e8	0047e6e1	"group"
637	0047e70a	0047e72c	0047e70a	"function 20"
637	0047e70a	0047e72c	0047e721	"sprite 28"
638	0047e74a	0047e754	0047e74a	"sprite 29"
639	0047e773	0047e780	0047e773	"sprite 30"
640	0047e79c	0047e7a8	0047e79c	"sprite 31"
641	0047e7c5	0047e7cc	0047e7c5	"group"
642	0047e7de	0047e7e4	0047e7de	"group"
643	0047e823	0047e83c	0047e823	"function 22\\t"
643	0047e823	0047e83c	0047e832	"sprite 32"
644	0047e868	0047e894	0047e868	"horizontal 3\\n"
644	0047e868	0047e894	0047e886	"direction 3\\t"
645	0047e8b9	0047e8fc	0047e8b9	"state 3\\t"
645	0047e8b9	0047e8fc	0047e8d1	"horizontal 4\\n"
645	0047e8b9	0047e8fc	0047e8ef	"direction 4\\t"
646	0047e92d	0047e934	0047e92d	"group"
647	0047e946	0047e94c	0047e946	"group"
648	0047e977	0047e990	0047e977	"function 24\\t"
648	0047e977	0047e990	0047e986	"sprite 35"
649	0047e9af	0047e9f0	0047e9af	"group\\t"
649	0047e9af	0047e9f0	0047e9c5	"horizontal 5\\n"
649	0047e9af	0047e9f0	0047e9e3	"direction 5\\t"
650	0047ea16	0047ea59	0047ea16	"state 5\\t"
650	0047ea16	0047ea59	0047ea2e	"horizontal 6\\n"
650	0047ea16	0047ea59	0047ea4c	"direction 6\\t"
651	0047ea7f	0047eac4	0047ea7f	"state 6\\t"
651	0047ea7f	0047eac4	0047ea97	"horizontal 7\\n"
651	0047ea7f	0047eac4	0047eab5	"direction 7\\t"
652	0047eae8	0047eb2c	0047eae8	"state 7\\t"
652	0047eae8	0047eb2c	0047eb00	"horizontal 8\\n"
652	0047eae8	0047eb2c	0047eb1e	"direction 8\\t"
653	0047eb51	0047eb94	0047eb51	"state 8\\t"
653	0047eb51	0047eb94	0047eb69	"horizontal 9\\n"
653	0047eb51	0047eb94	0047eb87	"direction 9\\t"
654	0047ebba	0047ebd0	0047ebba	"state 9\\t"
654	0047ebba	0047ebd0	0047ebc5	"sprite 41\\r"
655	0047ebf2	0047ec10	0047ebf2	"direction 10\\n"
655	0047ebf2	0047ec10	0047ec02	"visible 10\\t"
656	0047ec29	0047ec40	0047ec29	"state 10\\t"
656	0047ec29	0047ec40	0047ec35	"sprite 42\\r"
657	0047ec62	0047ec80	0047ec62	"direction 11\\n"
657	0047ec62	0047ec80	0047ec72	"visible 11\\t"
658	0047ec99	0047ecb0	0047ec99	"state 11\\t"
658	0047ec99	0047ecb0	0047eca5	"sprite 43\\r"
659	0047ecd2	0047ecf0	0047ecd2	"direction 12\\n"
659	0047ecd2	0047ecf0	0047ece2	"visible 12\\t"
660	0047ed15	0047ed2c	0047ed15	"group"
660	0047ed15	0047ed2c	0047ed26	"group"
661	0047ed4c	0047ed64	0047ed4c	"function\\t"
661	0047ed4c	0047ed64	0047ed58	"sprite 44"
662	0047ed81	0047ed8c	0047ed81	"sprite 2"
663	0047eda9	0047edbc	0047eda9	"group"
663	0047eda9	0047edbc	0047edb6	"group"
664	0047ede7	0047ee08	0047ede7	"group\\n"
664	0047ede7	0047ee08	0047edfe	"sprite 3"
665	0047ee26	0047ee30	0047ee26	"sprite 4"
666	0047ee52	0047ee58	0047ee52	"group"
667	0047ee8b	0047eeac	0047ee8b	"group\\n"
667	0047ee8b	0047eeac	0047eea2	"sprite 7"
668	0047eeca	0047eed4	0047eeca	"sprite 8"
669	0047eef2	0047eefc	0047eef2	"sprite 9"
670	0047ef2f	0047ef38	0047ef2f	"group\\n"
671	0047ef52	0047ef5c	0047ef52	"sprite 5"
672	0047ef7a	0047ef84	0047ef7a	"sprite 6"
673	0047f055	0047f05c	0047f055	"sprite"
674	0047f083	0047f08c	0047f083	"sprite"
675	0047f0b1	0047f0b8	0047f0b1	"sprite"
676	0047f132	0047f13c	0047f132	"number"
677	0047f150	0047f16c	0047f150	"number"
677	0047f150	0047f16c	0047f162	"number"
678	0047f188	0047f1bc	0047f188	"number"
678	0047f188	0047f1bc	0047f19a	"sprite\\n"
678	0047f188	0047f1bc	0047f1b2	"vertical\\t"
679	0047f1e9	0047f1f0	0047f1e9	"state"
680	0047f2a8	0047f2b0	0047f2a8	"skupina"
681	0047f504	0047f520	0047f504	"execute commands in case of"
682	0047f6f9	0047f704	0047f6f9	"skupina"
683	0047f816	0047f834	0047f816	"execute commands in case of"
684	0047f860	0047f87c	0047f860	"execute commands in case of"
685	0047f9c1	0047fa08	0047f9c1	"execute commands in case of"
685	0047f9c1	0047fa08	0047f9ec	"execute commands in case of"
686	0047fa34	0047fa78	0047fa34	"execute commands in case of!"
686	0047fa34	0047fa78	0047fa53	"conditional executing of commands"
687	0047fb25	0047fb44	0047fb25	"execute commands in case of"
688	0047fb79	0047fbbc	0047fb79	"execute commands in case of!"
688	0047fb79	0047fbbc	0047fb98	"conditional executing of commands"
689	0047fc81	0047fc90	0047fc81	"draw picture"
690	0047fd93	0047fdb0	0047fd93	"execute commands in case of"
691	0047fdc2	0047fe10	0047fdc2	"execute commands in case of"
691	0047fdc2	0047fe10	0047fded	"conditional executing of commands"
692	0047fe9a	0047fee4	0047fe9a	"conditional executing of commands!"
692	0047fe9a	0047fee4	0047febf	"conditional executing of commands"
693	0047ff35	0047ffc4	0047ff35	"conditional executing of commands"
693	0047ff35	0047ffc4	0047ff5e	"command repeating with specified run number"
693	0047ff35	0047ffc4	0047ff95	"command repeating with specified run number"
694	00480028	00480074	00480028	"draw picture"
694	00480028	00480074	00480048	"command repeating with specified run number"
695	00480134	00480150	00480134	"execute commands in case of"
696	00480299	004802a0	00480299	"group"
697	004802cd	004802d8	004802cd	"then do"
698	004802f0	00480354	004802f0	"conditional executing of commands+"
698	004802f0	00480354	00480315	"command repeating with specified run number"
698	004802f0	00480354	0048034c	"else do"
699	00480421	00480440	00480421	"execute commands in case of"
700	00480473	004804f4	00480473	"conditional executing of commands\\n"
700	00480473	004804f4	00480498	"play sound\\n"
700	00480473	004804f4	004804a6	"play sound!"
700	00480473	004804f4	004804b4	"conditional executing of commands\\n"
700	00480473	004804f4	004804d9	"play sound\\n"
700	00480473	004804f4	004804e7	"play sound"
701	00480530	00480588	00480530	"conditional executing of commands!"
701	00480530	00480588	00480555	"conditional executing of commands\\n"
701	00480530	00480588	0048057a	"play sound"
702	00480686	004806a4	00480686	"execute commands in case of"
703	004806e4	00480708	004806e4	"conditional executing of commands"
704	00480b1c	00480b28	00480b1c	"play sound"
705	00480c00	00480c38	00480c00	"podstawowe przemieniane i funkcje"
705	00480c00	00480c38	00480c2d	"przedmiot\\t"
706	00480ddb	00480dec	00480ddb	"szenie indeksu"
707	0048129f	004812d0	0048129f	"horyzontalnie 3\\r"
707	0048129f	004812d0	004812b2	"vertykalnie 3\\n"
707	0048129f	004812d0	004812c3	"kierunek 3\\n"
708	0048130d	0048133d	0048130d	"horyzontalnie 4\\r"
708	0048130d	0048133d	00481320	"vertykalnie 4\\n"
708	0048130d	0048133d	00481331	"kierunek 4\\n"
709	00481404	00481434	00481404	"horyzontalnie 5\\r"
709	00481404	00481434	00481417	"vertykalnie 5\\n"
709	00481404	00481434	00481428	"kierunek 5\\n"
710	00481472	004814a4	00481472	"horyzontalnie 6\\r"
710	00481472	004814a4	00481485	"vertykalnie 6\\n"
710	00481472	004814a4	00481496	"kierunek 6\\n"
711	004814e0	00481510	004814e0	"horyzontalnie 7\\r"
711	004814e0	00481510	004814f3	"vertykalnie 7\\n"
711	004814e0	00481510	00481504	"kierunek 7\\n"
712	0048154e	00481580	0048154e	"horyzontalnie 8\\r"
712	0048154e	00481580	00481561	"vertykalnie 8\\n"
712	0048154e	00481580	00481572	"kierunek 8\\n"
713	004815bc	004815ec	004815bc	"horyzontalnie 9\\r"
713	004815bc	004815ec	004815cf	"vertykalnie 9\\n"
713	004815bc	004815ec	004815e0	"kierunek 9\\n"
714	0048165f	0048166c	0048165f	"widoczny 10\\n"
715	00481a80	00481a88	00481a80	"flaga\\t"
716	00481b91	00481b98	00481b91	"numer"
717	00481bad	00481bc4	00481bad	"numer"
717	00481bad	00481bc4	00481bbe	"numer"
718	00481be3	00481bec	00481be3	"numer"
719	00481d06	00481d10	00481d06	"skupina"
720	00481e02	00481e09	00481e02	"flaga "
721	00482178	00482180	00482178	"skupina"
722	00482d9e	00482dac	00482d9e	"zatem wykonaj"
723	004836e7	00483724	004836e7	"basic variables and functions"
723	004836e7	00483724	00483718	"sprite 11"
724	00483735	0048373c	00483735	"group"
725	00483754	0048375c	00483754	"group"
726	00483809	00483814	00483809	"sprite 12"
727	00483836	0048385c	00483836	"function 10\\n"
727	00483836	0048385c	00483853	"group"
728	004838b6	004838e0	004838b6	"index increment"
728	004838b6	004838e0	004838d5	"sprite 13"
729	00483925	00483940	00483925	"function 16\\t"
729	00483925	00483940	00483934	"sprite 14"
730	0048395d	00483968	0048395d	"sprite 15"
731	00483986	0048399c	00483986	"group\\t"
731	00483986	0048399c	0048398f	"sprite 16"
732	004839b8	004839c4	004839b8	"sprite 17"
733	004839e1	004839ec	004839e1	"sprite 18"
734	00483a0a	00483a14	00483a0a	"sprite 19"
735	00483a33	00483a40	00483a33	"sprite 20"
736	00483a5c	00483a64	00483a5c	"group"
737	00483a85	00483a8c	00483a85	"group"
738	00483ac6	00483ae0	00483ac6	"function 18\\t"
738	00483ac6	00483ae0	00483ad5	"sprite 21"
739	00483afe	00483b08	00483afe	"sprite 22"
740	00483b27	00483b3c	00483b27	"group\\t"
740	00483b27	00483b3c	00483b30	"sprite 23"
741	00483b59	00483b64	00483b59	"sprite 24"
742	00483b82	00483b8c	00483b82	"sprite 25"
743	00483bab	00483bb8	00483bab	"sprite 26"
744	00483bd4	00483be0	00483bd4	"sprite 27"
745	00483bfd	00483c04	00483bfd	"group"
746	00483c26	00483c48	00483c26	"function 20"
746	00483c26	00483c48	00483c3d	"sprite 28"
747	00483c66	00483c70	00483c66	"sprite 29"
748	00483c8f	00483c9c	00483c8f	"sprite 30"
749	00483cb8	00483cc4	00483cb8	"sprite 31"
750	00483ce1	00483ce8	00483ce1	"group"
751	00483cfa	00483d00	00483cfa	"group"
752	00483d3f	00483d58	00483d3f	"function 22\\t"
752	00483d3f	00483d58	00483d4e	"sprite 32"
753	00483d84	00483db0	00483d84	"horizontal 3\\n"
753	00483d84	00483db0	00483da2	"direction 3\\t"
754	00483dd5	00483e18	00483dd5	"state 3\\t"
754	00483dd5	00483e18	00483ded	"horizontal 4\\n"
754	00483dd5	00483e18	00483e0b	"direction 4\\t"
755	00483e49	00483e50	00483e49	"group"
756	00483e62	00483e68	00483e62	"group"
757	00483e93	00483eac	00483e93	"function 24\\t"
757	00483e93	00483eac	00483ea2	"sprite 35"
758	00483ecb	00483f0c	00483ecb	"group\\t"
758	00483ecb	00483f0c	00483ee1	"horizontal 5\\n"
758	00483ecb	00483f0c	00483eff	"direction 5\\t"
759	00483f32	00483f75	00483f32	"state 5\\t"
759	00483f32	00483f75	00483f4a	"horizontal 6\\n"
759	00483f32	00483f75	00483f68	"direction 6\\t"
760	00483f9b	00483fe0	00483f9b	"state 6\\t"
760	00483f9b	00483fe0	00483fb3	"horizontal 7\\n"
760	00483f9b	00483fe0	00483fd1	"direction 7\\t"
761	00484004	00484048	00484004	"state 7\\t"
761	00484004	00484048	0048401c	"horizontal 8\\n"
761	00484004	00484048	0048403a	"direction 8\\t"
762	0048406d	004840b0	0048406d	"state 8\\t"
762	0048406d	004840b0	00484085	"horizontal 9\\n"
762	0048406d	004840b0	004840a3	"direction 9\\t"
763	004840d6	004840ec	004840d6	"state 9\\t"
763	004840d6	004840ec	004840e1	"sprite 41\\r"
764	0048410e	0048412c	0048410e	"direction 10\\n"
764	0048410e	0048412c	0048411e	"visible 10\\t"
765	00484145	0048415c	00484145	"state 10\\t"
765	00484145	0048415c	00484151	"sprite 42\\r"
766	0048417e	0048419c	0048417e	"direction 11\\n"
766	0048417e	0048419c	0048418e	"visible 11\\t"
767	004841b5	004841cc	004841b5	"state 11\\t"
767	004841b5	004841cc	004841c1	"sprite 43\\r"
768	004841ee	0048420c	004841ee	"direction 12\\n"
768	004841ee	0048420c	004841fe	"visible 12\\t"
769	00484231	00484248	00484231	"group"
769	00484231	00484248	00484242	"group"
770	00484268	00484280	00484268	"function\\t"
770	00484268	00484280	00484274	"sprite 44"
771	0048429d	004842a8	0048429d	"sprite 2"
772	004842c5	004842d8	004842c5	"group"
772	004842c5	004842d8	004842d2	"group"
773	00484303	00484324	00484303	"group\\n"
773	00484303	00484324	0048431a	"sprite 3"
774	00484342	0048434c	00484342	"sprite 4"
775	0048436e	00484374	0048436e	"group"
776	004843a7	004843c8	004843a7	"group\\n"
776	004843a7	004843c8	004843be	"sprite 7"
777	004843e6	004843f0	004843e6	"sprite 8"
778	0048440e	00484418	0048440e	"sprite 9"
779	0048444b	00484454	0048444b	"group\\n"
780	0048446e	00484478	0048446e	"sprite 5"
781	00484496	004844a0	00484496	"sprite 6"
782	00484571	00484578	00484571	"sprite"
783	0048459f	004845a8	0048459f	"sprite"
784	004845cd	004845d4	004845cd	"sprite"
785	0048464e	00484658	0048464e	"number"
786	0048466c	00484688	0048466c	"number"
786	0048466c	00484688	0048467e	"number"
787	004846a4	004846d8	004846a4	"number"
787	004846a4	004846d8	004846b6	"sprite\\n"
787	004846a4	004846d8	004846ce	"vertical\\t"
788	00484705	0048470c	00484705	"state"
789	004847c4	004847cc	004847c4	"skupina"
790	00484a20	00484a3c	00484a20	"execute commands in case of"
791	00484c15	00484c20	00484c15	"skupina"
792	00484d32	00484d50	00484d32	"execute commands in case of"
793	00484d7c	00484d98	00484d7c	"execute commands in case of"
794	00484edd	00484f24	00484edd	"execute commands in case of"
794	00484edd	00484f24	00484f08	"execute commands in case of"
795	00484f50	00484f94	00484f50	"execute commands in case of!"
795	00484f50	00484f94	00484f6f	"conditional executing of commands"
796	00485041	00485060	00485041	"execute commands in case of"
797	00485095	004850d8	00485095	"execute commands in case of!"
797	00485095	004850d8	004850b4	"conditional executing of commands"
798	0048519d	004851ac	0048519d	"draw picture"
799	004852af	004852cc	004852af	"execute commands in case of"
800	004852de	0048532c	004852de	"execute commands in case of"
800	004852de	0048532c	00485309	"conditional executing of commands"
801	004853b6	00485400	004853b6	"conditional executing of commands!"
801	004853b6	00485400	004853db	"conditional executing of commands"
802	00485451	004854e0	00485451	"conditional executing of commands"
802	00485451	004854e0	0048547a	"command repeating with specified run number"
802	00485451	004854e0	004854b1	"command repeating with specified run number"
803	00485544	00485590	00485544	"draw picture"
803	00485544	00485590	00485564	"command repeating with specified run number"
804	00485650	0048566c	00485650	"execute commands in case of"
805	004857b5	004857bc	004857b5	"group"
806	004857e9	004857f4	004857e9	"then do"
807	0048580c	00485870	0048580c	"conditional executing of commands+"
807	0048580c	00485870	00485831	"command repeating with specified run number"
807	0048580c	00485870	00485868	"else do"
808	0048593d	0048595c	0048593d	"execute commands in case of"
809	0048598f	00485a10	0048598f	"conditional executing of commands\\n"
809	0048598f	00485a10	004859b4	"play sound\\n"
809	0048598f	00485a10	004859c2	"play sound!"
809	0048598f	00485a10	004859d0	"conditional executing of commands\\n"
809	0048598f	00485a10	004859f5	"play sound\\n"
809	0048598f	00485a10	00485a03	"play sound"
810	00485a4c	00485aa4	00485a4c	"conditional executing of commands!"
810	00485a4c	00485aa4	00485a71	"conditional executing of commands\\n"
810	00485a4c	00485aa4	00485a96	"play sound"
811	00485ba2	00485bc0	00485ba2	"execute commands in case of"
812	00485c00	00485c24	00485c00	"conditional executing of commands"
813	00486038	00486044	00486038	"play sound"
814	0048616d	00486178	0048616d	"skupina"
815	0048618c	00486194	0048618c	"skupina"
816	00486224	0048622d	00486224	"skupina\\t"
817	0048628f	004862b8	0048628f	"skupina"
817	0048628f	004862b8	0048629e	"funkce 11\\t"
817	0048628f	004862b8	004862ab	"funkce 12\\t"
818	004862ef	00486304	004862ef	"inkrementace indexu"
819	0048633b	00486344	0048633b	"skupina\\t"
820	00486360	0048636c	00486360	"funkce 16\\t"
821	004863bf	004863c8	004863bf	"skupina\\t"
822	00486497	004864a0	00486497	"skupina"
823	004864c2	004864cc	004864c2	"skupina"
824	004864ed	004864f8	004864ed	"skupina\\t"
825	00486564	0048656d	00486564	"skupina\\t"
826	0048663c	00486674	0048663c	"skupina"
826	0048663c	00486674	0048664f	"skupina\\t"
826	0048663c	00486674	0048665a	"funkce 19\\t"
826	0048663c	00486674	00486667	"funkce 20"
827	00486720	00486728	00486720	"skupina"
828	0048673b	00486744	0048673b	"skupina"
829	0048676a	00486774	0048676a	"skupina\\t"
830	0048688c	00486894	0048688c	"skupina"
831	004868a7	004868b0	004868a7	"skupina"
832	004868c2	004868e5	004868c2	"skupina\\t"
832	004868c2	004868e5	004868da	"funkce 24\\t"
833	00486910	00486919	00486910	"skupina\\t"
834	00486c80	00486c9c	00486c80	"skupina"
834	00486c80	00486c9c	00486c93	"skupina"
835	00486d18	00486d30	00486d18	"skupina"
835	00486d18	00486d30	00486d27	"skupina"
836	00486dc5	00486dd0	00486dc5	"skupina"
837	00487218	00487220	00487218	"skupina"
838	00487678	00487680	00487678	"skupina"
839	004881ea	004881f4	004881ea	"skupina"
840	00488b92	00488b9c	00488b92	"skupina"
841	00488bb1	00488bbc	00488bb1	"skupina"
842	00488c49	00488c54	00488c49	"skupina\\t"
843	00488cb4	00488cdc	00488cb4	"skupina"
843	00488cb4	00488cdc	00488cc3	"funkce 11\\t"
843	00488cb4	00488cdc	00488cd0	"funkce 12\\t"
844	00488d14	00488d28	00488d14	"inkrementace indexu"
845	00488d60	00488d69	00488d60	"skupina\\t"
846	00488d85	00488d90	00488d85	"funkce 16\\t"
847	00488de4	00488ded	00488de4	"skupina\\t"
848	00488ebc	00488ec4	00488ebc	"skupina"
849	00488ee7	00488ef0	00488ee7	"skupina"
850	00488f12	00488f1c	00488f12	"skupina\\t"
851	00488f89	00488f94	00488f89	"skupina\\t"
852	00489061	00489098	00489061	"skupina"
852	00489061	00489098	00489074	"skupina\\t"
852	00489061	00489098	0048907f	"funkce 19\\t"
852	00489061	00489098	0048908c	"funkce 20"
853	00489145	00489168	00489145	"skupina"
853	00489145	00489168	00489160	"skupina"
854	0048918f	00489198	0048918f	"skupina\\t"
855	004892b1	004892d4	004892b1	"skupina"
855	004892b1	004892d4	004892cc	"skupina"
856	004892e7	0048930c	004892e7	"skupina\\t"
856	004892e7	0048930c	004892ff	"funkce 24\\t"
857	00489335	00489340	00489335	"skupina\\t"
858	004896a5	004896c0	004896a5	"skupina"
858	004896a5	004896c0	004896b8	"skupina"
859	0048973d	00489754	0048973d	"skupina"
859	0048973d	00489754	0048974c	"skupina"
860	004897ea	004897f4	004897ea	"skupina"
861	00489c3d	00489c48	00489c3d	"skupina"
862	0048a09d	0048a0a8	0048a09d	"skupina"
863	0048ac0f	0048ac18	0048ac0f	"skupina"
864	0048b577	0048b584	0048b577	" a funkce"
865	0048b5b4	0048b5bc	0048b5b4	"skupina"
866	0048b5d3	0048b5dc	0048b5d3	"skupina"
867	0048b66b	0048b674	0048b66b	"skupina\\t"
868	0048b6d6	0048b6fd	0048b6d6	"skupina"
868	0048b6d6	0048b6fd	0048b6e5	"funkce 11\\t"
868	0048b6d6	0048b6fd	0048b6f2	"funkce 12\\t"
869	0048b736	0048b74c	0048b736	"inkrementace indexu"
870	0048b782	0048b78c	0048b782	"skupina\\t"
871	0048b7a7	0048b7b4	0048b7a7	"funkce 16\\t"
872	0048b806	0048b810	0048b806	"skupina\\t"
873	0048b8de	0048b8e8	0048b8de	"skupina"
874	0048b909	0048b914	0048b909	"skupina"
875	0048b934	0048b93d	0048b934	"skupina\\t"
876	0048b9ab	0048b9b4	0048b9ab	"skupina\\t"
877	0048ba83	0048bab8	0048ba83	"skupina"
877	0048ba83	0048bab8	0048ba96	"skupina\\t"
877	0048ba83	0048bab8	0048baa1	"funkce 19\\t"
877	0048ba83	0048bab8	0048baae	"funkce 20"
878	0048bb67	0048bb70	0048bb67	"skupina"
879	0048bb82	0048bb8c	0048bb82	"skupina"
880	0048bbb1	0048bbbc	0048bbb1	"skupina\\t"
881	0048bcd3	0048bcdc	0048bcd3	"skupina"
882	0048bcee	0048bcf8	0048bcee	"skupina"
883	0048bd09	0048bd2c	0048bd09	"skupina\\t"
883	0048bd09	0048bd2c	0048bd21	"funkce 24\\t"
884	0048bd57	0048bd60	0048bd57	"skupina\\t"
885	0048c0c7	0048c0e4	0048c0c7	"skupina"
885	0048c0c7	0048c0e4	0048c0da	"skupina"
886	0048c15f	0048c178	0048c15f	"skupina"
886	0048c15f	0048c178	0048c16e	"skupina"
887	0048c20c	0048c214	0048c20c	"skupina"
888	0048c65f	0048c668	0048c65f	"skupina"
889	0048cabf	0048cac8	0048cabf	"skupina"
890	0048d631	0048d63c	0048d631	"skupina"
891	0048df99	0048dfa4	0048df99	" a funkcie"
892	0048e95c	0048e964	0048e95c	"smer\\t"
893	0048e99c	0048e9a8	0048e99c	"funkcia 3"
894	0048ea4b	0048ea54	0048ea4b	"skupina"
895	0048eeda	0048eee4	0048eeda	"skupina"
896	0048fab7	0048fac0	0048fab7	"skupina"
897	0048faef	0048fb00	0048faef	"potom vykonaj"
898	0048fb61	0048fb70	0048fb61	"inak vykonaj"
899	0048fd11	0048fd24	0048fd11	"prehratie zvuku"
900	0048fda3	0048fdb4	0048fda3	"prehratie zvuku"
901	00490385	00490398	00490385	"prehratie zvuku"
902	00490470	00490490	00490470	"basic variables and functions"
903	004904a1	004904ac	004904a1	"sprite 11"
904	004904be	004904c4	004904be	"group"
905	004904dd	004904e4	004904dd	"group"
906	00490592	0049059c	00490592	"sprite 12"
907	004905bf	004905e4	004905bf	"function 10\\n"
907	004905bf	004905e4	004905dc	"group"
908	0049063f	00490668	0049063f	"index increment"
908	0049063f	00490668	0049065e	"sprite 13"
909	004906ae	004906c8	004906ae	"function 16\\t"
909	004906ae	004906c8	004906bd	"sprite 14"
910	004906e6	004906f0	004906e6	"sprite 15"
911	0049070f	00490724	0049070f	"group\\t"
911	0049070f	00490724	00490718	"sprite 16"
912	00490741	0049074c	00490741	"sprite 17"
913	0049076a	00490774	0049076a	"sprite 18"
914	00490793	004907a0	00490793	"sprite 19"
915	004907bc	004907c8	004907bc	"sprite 20"
916	004907e5	004907ec	004907e5	"group"
917	0049080e	00490814	0049080e	"group"
918	0049084f	00490868	0049084f	"function 18\\t"
918	0049084f	00490868	0049085e	"sprite 21"
919	00490887	00490894	00490887	"sprite 22"
920	004908b0	004908c4	004908b0	"group\\t"
920	004908b0	004908c4	004908b9	"sprite 23"
921	004908e2	004908ec	004908e2	"sprite 24"
922	0049090b	00490918	0049090b	"sprite 25"
923	00490934	00490940	00490934	"sprite 26"
924	0049095d	00490968	0049095d	"sprite 27"
925	00490986	0049098c	00490986	"group"
926	004909af	004909d0	004909af	"function 20"
926	004909af	004909d0	004909c6	"sprite 28"
927	004909ef	004909fc	004909ef	"sprite 29"
928	00490a18	00490a24	00490a18	"sprite 30"
929	00490a41	00490a4c	00490a41	"sprite 31"
930	00490a6a	00490a70	00490a6a	"group"
931	00490a83	00490a8c	00490a83	"group"
932	00490ac8	00490ae4	00490ac8	"function 22\\t"
932	00490ac8	00490ae4	00490ad7	"sprite 32"
933	00490b0d	00490b38	00490b0d	"horizontal 3\\n"
933	00490b0d	00490b38	00490b2b	"direction 3\\t"
934	00490b5e	00490ba1	00490b5e	"state 3\\t"
934	00490b5e	00490ba1	00490b76	"horizontal 4\\n"
934	00490b5e	00490ba1	00490b94	"direction 4\\t"
935	00490bd2	00490bd8	00490bd2	"group"
936	00490beb	00490bf4	00490beb	"group"
937	00490c1c	00490c38	00490c1c	"function 24\\t"
937	00490c1c	00490c38	00490c2b	"sprite 35"
938	00490c54	00490c95	00490c54	"group\\t"
938	00490c54	00490c95	00490c6a	"horizontal 5\\n"
938	00490c54	00490c95	00490c88	"direction 5\\t"
939	00490cbb	00490d00	00490cbb	"state 5\\t"
939	00490cbb	00490d00	00490cd3	"horizontal 6\\n"
939	00490cbb	00490d00	00490cf1	"direction 6\\t"
940	00490d24	00490d68	00490d24	"state 6\\t"
940	00490d24	00490d68	00490d3c	"horizontal 7\\n"
940	00490d24	00490d68	00490d5a	"direction 7\\t"
941	00490d8d	00490dd0	00490d8d	"state 7\\t"
941	00490d8d	00490dd0	00490da5	"horizontal 8\\n"
941	00490d8d	00490dd0	00490dc3	"direction 8\\t"
942	00490df6	00490e39	00490df6	"state 8\\t"
942	00490df6	00490e39	00490e0e	"horizontal 9\\n"
942	00490df6	00490e39	00490e2c	"direction 9\\t"
943	00490e5f	00490e75	00490e5f	"state 9\\t"
943	00490e5f	00490e75	00490e6a	"sprite 41\\r"
944	00490e97	00490eb4	00490e97	"direction 10\\n"
944	00490e97	00490eb4	00490ea7	"visible 10\\t"
945	00490ece	00490ee5	00490ece	"state 10\\t"
945	00490ece	00490ee5	00490eda	"sprite 42\\r"
946	00490f07	00490f24	00490f07	"direction 11\\n"
946	00490f07	00490f24	00490f17	"visible 11\\t"
947	00490f3e	00490f55	00490f3e	"state 11\\t"
947	00490f3e	00490f55	00490f4a	"sprite 43\\r"
948	00490f77	00490f94	00490f77	"direction 12\\n"
948	00490f77	00490f94	00490f87	"visible 12\\t"
949	00490fba	00490fd4	00490fba	"group"
949	00490fba	00490fd4	00490fcb	"group"
950	00490ff1	00491008	00490ff1	"function\\t"
950	00490ff1	00491008	00490ffd	"sprite 44"
951	00491026	00491030	00491026	"sprite 2"
952	0049104e	00491064	0049104e	"group"
952	0049104e	00491064	0049105b	"group"
953	0049108c	004910ac	0049108c	"group\\n"
953	0049108c	004910ac	004910a3	"sprite 3"
954	004910cb	004910d4	004910cb	"sprite 4"
955	004910f7	00491100	004910f7	"group"
956	00491130	00491150	00491130	"group\\n"
956	00491130	00491150	00491147	"sprite 7"
957	0049116f	00491178	0049116f	"sprite 8"
958	00491197	004911a0	00491197	"sprite 9"
959	004911d4	004911dc	004911d4	"group\\n"
960	004911f7	00491200	004911f7	"sprite 5"
961	0049121f	00491228	0049121f	"sprite 6"
962	004912fa	00491304	004912fa	"sprite"
963	00491328	00491330	00491328	"sprite"
964	00491356	00491360	00491356	"sprite"
965	004913d7	004913e0	004913d7	"number"
966	004913f5	00491410	004913f5	"number"
966	004913f5	00491410	00491407	"number"
967	0049142d	00491461	0049142d	"number"
967	0049142d	00491461	0049143f	"sprite\\n"
967	0049142d	00491461	00491457	"vertical\\t"
968	0049148e	00491494	0049148e	"state"
969	0049154d	00491558	0049154d	"skupina"
970	004917a9	004917c8	004917a9	"execute commands in case of"
971	0049199e	004919a8	0049199e	"skupina"
972	00491abb	00491ad8	00491abb	"execute commands in case of"
973	00491b05	00491b24	00491b05	"execute commands in case of"
974	00491c66	00491cb0	00491c66	"execute commands in case of"
974	00491c66	00491cb0	00491c91	"execute commands in case of"
975	00491cd9	00491d1c	00491cd9	"execute commands in case of!"
975	00491cd9	00491d1c	00491cf8	"conditional executing of commands"
976	00491dca	00491de8	00491dca	"execute commands in case of"
977	00491e1e	00491e60	00491e1e	"execute commands in case of!"
977	00491e1e	00491e60	00491e3d	"conditional executing of commands"
978	00491f26	00491f34	00491f26	"draw picture"
979	00492038	00492054	00492038	"execute commands in case of"
980	00492067	004920b4	00492067	"execute commands in case of"
980	00492067	004920b4	00492092	"conditional executing of commands"
981	0049213f	00492188	0049213f	"conditional executing of commands!"
981	0049213f	00492188	00492164	"conditional executing of commands"
982	004921da	00492268	004921da	"conditional executing of commands"
982	004921da	00492268	00492203	"command repeating with specified run number"
982	004921da	00492268	0049223a	"command repeating with specified run number"
983	004922cd	004922dc	004922cd	"draw picture"
984	004922ed	0049231c	004922ed	"command repeating with specified run number"
985	004923d9	004923f8	004923d9	"execute commands in case of"
986	0049253e	00492544	0049253e	"group"
987	00492572	0049257c	00492572	"then do"
988	00492595	004925fc	00492595	"conditional executing of commands+"
988	00492595	004925fc	004925ba	"command repeating with specified run number"
988	00492595	004925fc	004925f1	"else do"
989	004926c6	004926e4	004926c6	"execute commands in case of"
990	00492718	00492798	00492718	"conditional executing of commands\\n"
990	00492718	00492798	0049273d	"play sound\\n"
990	00492718	00492798	0049274b	"play sound!"
990	00492718	00492798	00492759	"conditional executing of commands\\n"
990	00492718	00492798	0049277e	"play sound\\n"
990	00492718	00492798	0049278c	"play sound"
991	004927d5	0049282c	004927d5	"conditional executing of commands!"
991	004927d5	0049282c	004927fa	"conditional executing of commands\\n"
991	004927d5	0049282c	0049281f	"play sound"
992	0049292b	00492948	0049292b	"execute commands in case of"
993	00492989	004929ac	00492989	"conditional executing of commands"
994	00492dc1	00492dcc	00492dc1	"play sound"
995	00492ea5	00492ec4	00492ea5	"basic variables and functions"
996	00492ed6	00492ee0	00492ed6	"sprite 11"
997	00492ef3	00492efc	00492ef3	"group"
998	00492f12	00492f18	00492f12	"group"
999	00492fc7	00492fd4	00492fc7	"sprite 12"
1000	00492ff4	00493018	00492ff4	"function 10\\n"
1000	00492ff4	00493018	00493011	"group"
1001	00493074	004930a0	00493074	"index increment"
1001	00493074	004930a0	00493093	"sprite 13"
1002	004930e3	004930fc	004930e3	"function 16\\t"
1002	004930e3	004930fc	004930f2	"sprite 14"
1003	0049311b	00493128	0049311b	"sprite 15"
1004	00493144	00493158	00493144	"group\\t"
1004	00493144	00493158	0049314d	"sprite 16"
1005	00493176	00493180	00493176	"sprite 17"
1006	0049319f	004931ac	0049319f	"sprite 18"
1007	004931c8	004931d4	004931c8	"sprite 19"
1008	004931f1	004931fc	004931f1	"sprite 20"
1009	0049321a	00493220	0049321a	"group"
1010	00493243	0049324c	00493243	"group"
1011	00493284	004932a0	00493284	"function 18\\t"
1011	00493284	004932a0	00493293	"sprite 21"
1012	004932bc	004932c8	004932bc	"sprite 22"
1013	004932e5	004932f8	004932e5	"group\\t"
1013	004932e5	004932f8	004932ee	"sprite 23"
1014	00493317	00493324	00493317	"sprite 24"
1015	00493340	0049334c	00493340	"sprite 25"
1016	00493369	00493374	00493369	"sprite 26"
1017	00493392	0049339c	00493392	"sprite 27"
1018	004933bb	004933c4	004933bb	"group"
1019	004933e4	00493408	004933e4	"function 20"
1019	004933e4	00493408	004933fb	"sprite 28"
1020	00493424	00493430	00493424	"sprite 29"
1021	0049344d	00493458	0049344d	"sprite 30"
1022	00493476	00493480	00493476	"sprite 31"
1023	0049349f	004934c0	0049349f	"group"
1023	0049349f	004934c0	004934b8	"group"
1024	004934fd	00493518	004934fd	"function 22\\t"
1024	004934fd	00493518	0049350c	"sprite 32"
1025	00493542	0049356d	00493542	"horizontal 3\\n"
1025	00493542	0049356d	00493560	"direction 3\\t"
1026	00493593	004935d8	00493593	"state 3\\t"
1026	00493593	004935d8	004935ab	"horizontal 4\\n"
1026	00493593	004935d8	004935c9	"direction 4\\t"
1027	00493607	00493628	00493607	"group"
1027	00493607	00493628	00493620	"group"
1028	00493651	0049366c	00493651	"function 24\\t"
1028	00493651	0049366c	00493660	"sprite 35"
1029	00493689	004936cc	00493689	"group\\t"
1029	00493689	004936cc	0049369f	"horizontal 5\\n"
1029	00493689	004936cc	004936bd	"direction 5\\t"
1030	004936f0	00493734	004936f0	"state 5\\t"
1030	004936f0	00493734	00493708	"horizontal 6\\n"
1030	004936f0	00493734	00493726	"direction 6\\t"
1031	00493759	0049379c	00493759	"state 6\\t"
1031	00493759	0049379c	00493771	"horizontal 7\\n"
1031	00493759	0049379c	0049378f	"direction 7\\t"
1032	004937c2	00493805	004937c2	"state 7\\t"
1032	004937c2	00493805	004937da	"horizontal 8\\n"
1032	004937c2	00493805	004937f8	"direction 8\\t"
1033	0049382b	00493870	0049382b	"state 8\\t"
1033	0049382b	00493870	00493843	"horizontal 9\\n"
1033	0049382b	00493870	00493861	"direction 9\\t"
1034	00493894	004938ac	00493894	"state 9\\t"
1034	00493894	004938ac	0049389f	"sprite 41\\r"
1035	004938cc	004938e8	004938cc	"direction 10\\n"
1035	004938cc	004938e8	004938dc	"visible 10\\t"
1036	00493903	0049391c	00493903	"state 10\\t"
1036	00493903	0049391c	0049390f	"sprite 42\\r"
1037	0049393c	00493958	0049393c	"direction 11\\n"
1037	0049393c	00493958	0049394c	"visible 11\\t"
1038	00493973	0049398c	00493973	"state 11\\t"
1038	00493973	0049398c	0049397f	"sprite 43\\r"
1039	004939ac	004939c8	004939ac	"direction 12\\n"
1039	004939ac	004939c8	004939bc	"visible 12\\t"
1040	004939ef	00493a08	004939ef	"group"
1040	004939ef	00493a08	00493a00	"group"
1041	00493a26	00493a3c	00493a26	"function\\t"
1041	00493a26	00493a3c	00493a32	"sprite 44"
1042	00493a5b	00493a64	00493a5b	"sprite 2"
1043	00493a83	00493a98	00493a83	"group"
1043	00493a83	00493a98	00493a90	"group"
1044	00493ac1	00493ae4	00493ac1	"group\\n"
1044	00493ac1	00493ae4	00493ad8	"sprite 3"
1045	00493b00	00493b0c	00493b00	"sprite 4"
1046	00493b2c	00493b34	00493b2c	"group"
1047	00493b65	00493b88	00493b65	"group\\n"
1047	00493b65	00493b88	00493b7c	"sprite 7"
1048	00493ba4	00493bb0	00493ba4	"sprite 8"
1049	00493bcc	00493bd8	00493bcc	"sprite 9"
1050	00493c09	00493c10	00493c09	"group\\n"
1051	00493c2c	00493c38	00493c2c	"sprite 5"
1052	00493c54	00493c60	00493c54	"sprite 6"
1053	00493d2f	00493d38	00493d2f	"sprite"
1054	00493d5d	00493d64	00493d5d	"sprite"
1055	00493d8b	00493d94	00493d8b	"sprite"
1056	00493e0c	00493e14	00493e0c	"number"
1057	00493e2a	00493e44	00493e2a	"number"
1057	00493e2a	00493e44	00493e3c	"number"
1058	00493e62	00493e98	00493e62	"number"
1058	00493e62	00493e98	00493e74	"sprite\\n"
1058	00493e62	00493e98	00493e8c	"vertical\\t"
1059	00493ec3	00493ecc	00493ec3	"state"
1060	00493f82	00493f8c	00493f82	"skupina"
1061	004941de	004941fc	004941de	"execute commands in case of"
1062	004943d3	004943dc	004943d3	"skupina"
1063	004944f0	0049450c	004944f0	"execute commands in case of"
1064	0049453a	00494558	0049453a	"execute commands in case of"
1065	0049469b	004946e4	0049469b	"execute commands in case of"
1065	0049469b	004946e4	004946c6	"execute commands in case of"
1066	0049470e	00494750	0049470e	"execute commands in case of!"
1066	0049470e	00494750	0049472d	"conditional executing of commands"
1067	004947ff	0049481c	004947ff	"execute commands in case of"
1068	00494853	00494894	00494853	"execute commands in case of!"
1068	00494853	00494894	00494872	"conditional executing of commands"
1069	0049495b	00494968	0049495b	"draw picture"
1070	00494a6d	00494aec	00494a6d	"execute commands in case of"
1070	00494a6d	00494aec	00494a9c	"execute commands in case of"
1070	00494a6d	00494aec	00494ac7	"conditional executing of commands"
1071	00494b74	00494bbc	00494b74	"conditional executing of commands!"
1071	00494b74	00494bbc	00494b99	"conditional executing of commands"
1072	00494c0f	00494c9c	00494c0f	"conditional executing of commands"
1072	00494c0f	00494c9c	00494c38	"command repeating with specified run number"
1072	00494c0f	00494c9c	00494c6f	"command repeating with specified run number"
1073	00494d02	00494d10	00494d02	"draw picture"
1074	00494d22	00494d50	00494d22	"command repeating with specified run number"
1075	00494e0e	00494e2c	00494e0e	"execute commands in case of"
1076	00494f73	00494f7c	00494f73	"group"
1077	00494fa7	00494fb0	00494fa7	"then do"
1078	00494fca	00495030	00494fca	"conditional executing of commands+"
1078	00494fca	00495030	00494fef	"command repeating with specified run number"
1078	00494fca	00495030	00495026	"else do"
1079	004950fb	00495118	004950fb	"execute commands in case of"
1080	0049514d	004951cc	0049514d	"conditional executing of commands\\n"
1080	0049514d	004951cc	00495172	"play sound\\n"
1080	0049514d	004951cc	00495180	"play sound!"
1080	0049514d	004951cc	0049518e	"conditional executing of commands\\n"
1080	0049514d	004951cc	004951b3	"play sound\\n"
1080	0049514d	004951cc	004951c1	"play sound"
1081	0049520a	00495260	0049520a	"conditional executing of commands!"
1081	0049520a	00495260	0049522f	"conditional executing of commands\\n"
1081	0049520a	00495260	00495254	"play sound"
1082	00495360	0049537c	00495360	"execute commands in case of"
1083	004953be	004953e0	004953be	"conditional executing of commands"
1084	004957f6	00495804	004957f6	"play sound"
1085	004958da	004958f8	004958da	"basic variables and functions"
1086	0049590b	00495930	0049590b	"sprite 11"
1086	0049590b	00495930	00495928	"group"
1087	00495947	00495950	00495947	"group"
1088	004959fc	00495a08	004959fc	"sprite 12"
1089	00495a29	00495a4c	00495a29	"function 10\\n"
1089	00495a29	00495a4c	00495a46	"group"
1090	00495aa9	00495ad4	00495aa9	"index increment"
1090	00495aa9	00495ad4	00495ac8	"sprite 13"
1091	00495b18	00495b34	00495b18	"function 16\\t"
1091	00495b18	00495b34	00495b27	"sprite 14"
1092	00495b50	00495b5c	00495b50	"sprite 15"
1093	00495b79	00495b8c	00495b79	"group\\t"
1093	00495b79	00495b8c	00495b82	"sprite 16"
1094	00495bab	00495bb8	00495bab	"sprite 17"
1095	00495bd4	00495be0	00495bd4	"sprite 18"
1096	00495bfd	00495c08	00495bfd	"sprite 19"
1097	00495c26	00495c30	00495c26	"sprite 20"
1098	00495c4f	00495c58	00495c4f	"group"
1099	00495c78	00495c80	00495c78	"group"
1100	00495cb9	00495cd4	00495cb9	"function 18\\t"
1100	00495cb9	00495cd4	00495cc8	"sprite 21"
1101	00495cf1	00495cfc	00495cf1	"sprite 22"
1102	00495d1a	00495d30	00495d1a	"group\\t"
1102	00495d1a	00495d30	00495d23	"sprite 23"
1103	00495d4c	00495d58	00495d4c	"sprite 24"
1104	00495d75	00495d80	00495d75	"sprite 25"
1105	00495d9e	00495da8	00495d9e	"sprite 26"
1106	00495dc7	00495dd4	00495dc7	"sprite 27"
1107	00495df0	00495df8	00495df0	"group"
1108	00495e19	00495e3c	00495e19	"function 20"
1108	00495e19	00495e3c	00495e30	"sprite 28"
1109	00495e59	00495e64	00495e59	"sprite 29"
1110	00495e82	00495e8c	00495e82	"sprite 30"
1111	00495eab	00495eb8	00495eab	"sprite 31"
1112	00495ed4	00495edc	00495ed4	"group"
1113	00495eed	00495ef4	00495eed	"group"
1114	00495f32	00495f4c	00495f32	"function 22\\t"
1114	00495f32	00495f4c	00495f41	"sprite 32"
1115	00495f77	00495fa4	00495f77	"horizontal 3\\n"
1115	00495f77	00495fa4	00495f95	"direction 3\\t"
1116	00495fc8	0049600c	00495fc8	"state 3\\t"
1116	00495fc8	0049600c	00495fe0	"horizontal 4\\n"
1116	00495fc8	0049600c	00495ffe	"direction 4\\t"
1117	0049603c	00496044	0049603c	"group"
1118	00496055	0049605c	00496055	"group"
1119	00496086	004960a0	00496086	"function 24\\t"
1119	00496086	004960a0	00496095	"sprite 35"
1120	004960be	00496100	004960be	"group\\t"
1120	004960be	00496100	004960d4	"horizontal 5\\n"
1120	004960be	00496100	004960f2	"direction 5\\t"
1121	00496125	00496168	00496125	"state 5\\t"
1121	00496125	00496168	0049613d	"horizontal 6\\n"
1121	00496125	00496168	0049615b	"direction 6\\t"
1122	0049618e	004961d1	0049618e	"state 6\\t"
1122	0049618e	004961d1	004961a6	"horizontal 7\\n"
1122	0049618e	004961d1	004961c4	"direction 7\\t"
1123	004961f7	0049623c	004961f7	"state 7\\t"
1123	004961f7	0049623c	0049620f	"horizontal 8\\n"
1123	004961f7	0049623c	0049622d	"direction 8\\t"
1124	00496260	004962a4	00496260	"state 8\\t"
1124	00496260	004962a4	00496278	"horizontal 9\\n"
1124	00496260	004962a4	00496296	"direction 9\\t"
1125	004962c9	004962e0	004962c9	"state 9\\t"
1125	004962c9	004962e0	004962d4	"sprite 41\\r"
1126	00496301	0049631d	00496301	"direction 10\\n"
1126	00496301	0049631d	00496311	"visible 10\\t"
1127	00496338	00496350	00496338	"state 10\\t"
1127	00496338	00496350	00496344	"sprite 42\\r"
1128	00496371	0049638d	00496371	"direction 11\\n"
1128	00496371	0049638d	00496381	"visible 11\\t"
1129	004963a8	004963c0	004963a8	"state 11\\t"
1129	004963a8	004963c0	004963b4	"sprite 43\\r"
1130	004963e1	004963fd	004963e1	"direction 12\\n"
1130	004963e1	004963fd	004963f1	"visible 12\\t"
1131	00496424	0049643c	00496424	"group"
1131	00496424	0049643c	00496435	"group"
1132	0049645b	00496474	0049645b	"function\\t"
1132	0049645b	00496474	00496467	"sprite 44"
1133	00496490	0049649c	00496490	"sprite 2"
1134	004964b8	004964cc	004964b8	"group"
1134	004964b8	004964cc	004964c5	"group"
1135	004964f6	00496518	004964f6	"group\\n"
1135	004964f6	00496518	0049650d	"sprite 3"
1136	00496535	00496540	00496535	"sprite 4"
1137	00496561	00496568	00496561	"group"
1138	0049659a	004965bc	0049659a	"group\\n"
1138	0049659a	004965bc	004965b1	"sprite 7"
1139	004965d9	004965e4	004965d9	"sprite 8"
1140	00496601	0049660c	00496601	"sprite 9"
1141	0049663e	00496645	0049663e	"group\\n"
1142	00496661	0049666c	00496661	"sprite 5"
1143	00496689	00496694	00496689	"sprite 6"
1144	00496764	0049676c	00496764	"sprite"
1145	00496792	0049679c	00496792	"sprite"
1146	004967c0	004967c8	004967c0	"sprite"
1147	00496841	00496848	00496841	"number"
1148	0049685f	00496878	0049685f	"number"
1148	0049685f	00496878	00496871	"number"
1149	00496897	004968cc	00496897	"number"
1149	00496897	004968cc	004968a9	"sprite\\n"
1149	00496897	004968cc	004968c1	"vertical\\t"
1150	004968f8	00496900	004968f8	"state"
1151	004969b7	004969c0	004969b7	"skupina"
1152	00496c13	00496c30	00496c13	"execute commands in case of"
1153	00496e08	00496e10	00496e08	"skupina"
1154	00496f25	00496f44	00496f25	"execute commands in case of"
1155	00496f6f	00496f8c	00496f6f	"execute commands in case of"
1156	004970d0	00497118	004970d0	"execute commands in case of"
1156	004970d0	00497118	004970fb	"execute commands in case of"
1157	00497143	00497184	00497143	"execute commands in case of!"
1157	00497143	00497184	00497162	"conditional executing of commands"
1158	00497234	00497250	00497234	"execute commands in case of"
1159	00497288	004972cc	00497288	"execute commands in case of!"
1159	00497288	004972cc	004972a7	"conditional executing of commands"
1160	00497390	004973a0	00497390	"draw picture"
1161	004974a2	004974c0	004974a2	"execute commands in case of"
1162	004974d1	00497520	004974d1	"execute commands in case of"
1162	004974d1	00497520	004974fc	"conditional executing of commands"
1163	004975a9	004975f0	004975a9	"conditional executing of commands!"
1163	004975a9	004975f0	004975ce	"conditional executing of commands"
1164	00497644	004976d0	00497644	"conditional executing of commands"
1164	00497644	004976d0	0049766d	"command repeating with specified run number"
1164	00497644	004976d0	004976a4	"command repeating with specified run number"
1165	00497737	00497744	00497737	"draw picture"
1166	00497757	00497784	00497757	"command repeating with specified run number"
1167	00497843	00497860	00497843	"execute commands in case of"
1168	004979a8	004979b0	004979a8	"group"
1169	004979dc	004979e4	004979dc	"then do"
1170	004979ff	00497a64	004979ff	"conditional executing of commands+"
1170	004979ff	00497a64	00497a24	"command repeating with specified run number"
1170	004979ff	00497a64	00497a5b	"else do"
1171	00497b30	00497b4c	00497b30	"execute commands in case of"
1172	00497b82	00497c04	00497b82	"conditional executing of commands\\n"
1172	00497b82	00497c04	00497ba7	"play sound\\n"
1172	00497b82	00497c04	00497bb5	"play sound!"
1172	00497b82	00497c04	00497bc3	"conditional executing of commands\\n"
1172	00497b82	00497c04	00497be8	"play sound\\n"
1172	00497b82	00497c04	00497bf6	"play sound"
1173	00497c3f	00497c94	00497c3f	"conditional executing of commands!"
1173	00497c3f	00497c94	00497c64	"conditional executing of commands\\n"
1173	00497c3f	00497c94	00497c89	"play sound"
1174	00497d95	00497db4	00497d95	"execute commands in case of"
1175	00497df3	00497e18	00497df3	"conditional executing of commands"
1176	0049822b	00498238	0049822b	"play sound"
