name	address	type	namespace
IMAGE_DOS_HEADER_00400000	00400000	Label	Global
FUN_00401000	00401000	Function	Global
FUN_00401020	00401020	Function	Global
FUN_00401030	00401030	Function	Global
LAB_0040104c	0040104c	Label	Global
LAB_0040105c	0040105c	Label	Global
LAB_0040106d	0040106d	Label	Global
FUN_00401070	00401070	Function	Global
FUN_00401090	00401090	Function	Global
FUN_004010a0	004010a0	Function	Global
FUN_004010e0	004010e0	Function	Global
LAB_0040112c	0040112c	Label	Global
FUN_00401130	00401130	Function	Global
LAB_0040114c	0040114c	Label	Global
LAB_0040115c	0040115c	Label	Global
LAB_0040116d	0040116d	Label	Global
FUN_00401180	00401180	Function	Global
LAB_004011a1	004011a1	Label	Global
LAB_004011b1	004011b1	Label	Global
LAB_004011c2	004011c2	Label	Global
LAB_004011fa	004011fa	Label	Global
FUN_00401200	00401200	Function	Global
LAB_004012cd	004012cd	Label	Global
LAB_004012d7	004012d7	Label	Global
LAB_004012e1	004012e1	Label	Global
LAB_004012ea	004012ea	Label	Global
LAB_004012f4	004012f4	Label	Global
LAB_004012fe	004012fe	Label	Global
LAB_00401308	00401308	Label	Global
LAB_00401312	00401312	Label	Global
LAB_0040131c	0040131c	Label	Global
LAB_00401370	00401370	Label	Global
LAB_0040137e	0040137e	Label	Global
FUN_00401390	00401390	Function	Global
LAB_004013f2	004013f2	Label	Global
LAB_00401400	00401400	Label	Global
LAB_00401411	00401411	Label	Global
FUN_00401420	00401420	Function	Global
LAB_00401485	00401485	Label	Global
LAB_0040148a	0040148a	Label	Global
LAB_0040149b	0040149b	Label	Global
LAB_004014c6	004014c6	Label	Global
LAB_004014ea	004014ea	Label	Global
LAB_0040151a	0040151a	Label	Global
LAB_0040151e	0040151e	Label	Global
LAB_004015b9	004015b9	Label	Global
FUN_004015d0	004015d0	Function	Global
LAB_004015ec	004015ec	Label	Global
LAB_004015fc	004015fc	Label	Global
LAB_0040160d	0040160d	Label	Global
LAB_00401620	00401620	Label	Global
FUN_00401630	00401630	Function	Global
FUN_00401650	00401650	Function	Global
LAB_0040165b	0040165b	Label	Global
FUN_00401670	00401670	Function	Global
LAB_00401679	00401679	Label	Global
LAB_0040168c	0040168c	Label	Global
LAB_0040169a	0040169a	Label	Global
FUN_004016a0	004016a0	Function	Global
LAB_004016b3	004016b3	Label	Global
FUN_004016d0	004016d0	Function	Global
LAB_004016e6	004016e6	Label	Global
FUN_00401700	00401700	Function	Global
LAB_00401716	00401716	Label	Global
LAB_00401734	00401734	Label	Global
FUN_00401750	00401750	Function	Global
LAB_00401767	00401767	Label	Global
LAB_0040178c	0040178c	Label	Global
LAB_0040179d	0040179d	Label	Global
LAB_004017c2	004017c2	Label	Global
LAB_004017d7	004017d7	Label	Global
LAB_004017e8	004017e8	Label	Global
LAB_004017fb	004017fb	Label	Global
FUN_00401810	00401810	Function	Global
thunk_FUN_00401880	00401840	Function	Global
FUN_00401850	00401850	Function	Global
LAB_00401864	00401864	Label	Global
FUN_00401880	00401880	Function	Global
FUN_004018a0	004018a0	Function	Global
LAB_004018cb	004018cb	Label	Global
FUN_004018d0	004018d0	Function	Global
LAB_004018de	004018de	Label	Global
FUN_004018e0	004018e0	Function	Global
LAB_004018fb	004018fb	Label	Global
LAB_00401936	00401936	Label	Global
LAB_00401950	00401950	Label	Global
LAB_0040196f	0040196f	Label	Global
LAB_00401980	00401980	Label	Global
FUN_004019a0	004019a0	Function	Global
LAB_004019d1	004019d1	Label	Global
FUN_004019e0	004019e0	Function	Global
LAB_004019f6	004019f6	Label	Global
FUN_00401a10	00401a10	Function	Global
FUN_00401a20	00401a20	Function	Global
FUN_00401a50	00401a50	Function	Global
LAB_00401a64	00401a64	Label	Global
FUN_00401a80	00401a80	Function	Global
LAB_00401aa5	00401aa5	Label	Global
FUN_00401ab0	00401ab0	Function	Global
LAB_00401ad8	00401ad8	Label	Global
FUN_00401ae0	00401ae0	Function	Global
LAB_00401af6	00401af6	Label	Global
FUN_00401b10	00401b10	Function	Global
LAB_00401b26	00401b26	Label	Global
LAB_00401b3e	00401b3e	Label	Global
FUN_00401b50	00401b50	Function	Global
LAB_00401b67	00401b67	Label	Global
LAB_00401b86	00401b86	Label	Global
LAB_00401b97	00401b97	Label	Global
LAB_00401bb6	00401bb6	Label	Global
LAB_00401bc7	00401bc7	Label	Global
LAB_00401bd8	00401bd8	Label	Global
LAB_00401be7	00401be7	Label	Global
LAB_00401bf0	00401bf0	Label	Global
FUN_00401c00	00401c00	Function	Global
LAB_00401c14	00401c14	Label	Global
FUN_00401c30	00401c30	Function	Global
FUN_00401c50	00401c50	Function	Global
LAB_00401c61	00401c61	Label	Global
FUN_00401c70	00401c70	Function	Global
LAB_00401c83	00401c83	Label	Global
FUN_00401cc0	00401cc0	Function	Global
LAB_00401cd6	00401cd6	Label	Global
LAB_00401d0a	00401d0a	Label	Global
FUN_00401d40	00401d40	Function	Global
FUN_00401d90	00401d90	Function	Global
FUN_00401da0	00401da0	Function	Global
LAB_00401dba	00401dba	Label	Global
LAB_00401dc3	00401dc3	Label	Global
LAB_00401de9	00401de9	Label	Global
LAB_00401df6	00401df6	Label	Global
FUN_00401e10	00401e10	Function	Global
FUN_00401e20	00401e20	Function	Global
LAB_00401e3a	00401e3a	Label	Global
LAB_00401e43	00401e43	Label	Global
LAB_00401e69	00401e69	Label	Global
LAB_00401e84	00401e84	Label	Global
FUN_00401ea0	00401ea0	Function	Global
LAB_00401ec0	00401ec0	Label	Global
LAB_00401ece	00401ece	Label	Global
LAB_00401ed6	00401ed6	Label	Global
FUN_00401ee0	00401ee0	Function	Global
LAB_00401f0f	00401f0f	Label	Global
LAB_00401f28	00401f28	Label	Global
FUN_00401f40	00401f40	Function	Global
LAB_00401f6a	00401f6a	Label	Global
LAB_00401f7a	00401f7a	Label	Global
LAB_00401fa4	00401fa4	Label	Global
LAB_00401fb1	00401fb1	Label	Global
LAB_00401fce	00401fce	Label	Global
LAB_00401fee	00401fee	Label	Global
LAB_00401ff8	00401ff8	Label	Global
FUN_00402000	00402000	Function	Global
LAB_00402025	00402025	Label	Global
LAB_00402032	00402032	Label	Global
LAB_00402039	00402039	Label	Global
LAB_0040204b	0040204b	Label	Global
LAB_00402054	00402054	Label	Global
LAB_0040207b	0040207b	Label	Global
LAB_00402095	00402095	Label	Global
FUN_004020b0	004020b0	Function	Global
LAB_004020d0	004020d0	Label	Global
LAB_004020de	004020de	Label	Global
LAB_004020e6	004020e6	Label	Global
LAB_00402100	00402100	Label	Global
FUN_00402110	00402110	Function	Global
FUN_00402130	00402130	Function	Global
LAB_00402139	00402139	Label	Global
LAB_0040214c	0040214c	Label	Global
LAB_0040215a	0040215a	Label	Global
FUN_00402160	00402160	Function	Global
LAB_00402174	00402174	Label	Global
FUN_004021b0	004021b0	Function	Global
LAB_004021c6	004021c6	Label	Global
FUN_004021e0	004021e0	Function	Global
LAB_004021f6	004021f6	Label	Global
LAB_00402214	00402214	Label	Global
FUN_00402230	00402230	Function	Global
LAB_00402247	00402247	Label	Global
LAB_0040226c	0040226c	Label	Global
LAB_0040227d	0040227d	Label	Global
LAB_004022a2	004022a2	Label	Global
LAB_004022b7	004022b7	Label	Global
LAB_004022c8	004022c8	Label	Global
LAB_004022db	004022db	Label	Global
FUN_004022f0	004022f0	Function	Global
FUN_00402310	00402310	Function	Global
FUN_00402330	00402330	Function	Global
LAB_0040234d	0040234d	Label	Global
FUN_00402350	00402350	Function	Global
LAB_0040236d	0040236d	Label	Global
FUN_00402380	00402380	Function	Global
LAB_0040239d	0040239d	Label	Global
LAB_004023b0	004023b0	Label	Global
FUN_004023c0	004023c0	Function	Global
FUN_004023e0	004023e0	Function	Global
LAB_004023e9	004023e9	Label	Global
LAB_004023fc	004023fc	Label	Global
LAB_0040240a	0040240a	Label	Global
FUN_00402410	00402410	Function	Global
LAB_00402426	00402426	Label	Global
LAB_00402444	00402444	Label	Global
FUN_00402460	00402460	Function	Global
LAB_00402477	00402477	Label	Global
LAB_0040249c	0040249c	Label	Global
LAB_004024ad	004024ad	Label	Global
LAB_004024d2	004024d2	Label	Global
LAB_004024e7	004024e7	Label	Global
LAB_004024f8	004024f8	Label	Global
LAB_0040250b	0040250b	Label	Global
FUN_00402520	00402520	Function	Global
LAB_0040253d	0040253d	Label	Global
FUN_00402540	00402540	Function	Global
FUN_00402560	00402560	Function	Global
LAB_00402577	00402577	Label	Global
LAB_00402580	00402580	Label	Global
thunk_FUN_00402520	004025c0	Function	Global
FUN_004025d0	004025d0	Function	Global
FUN_004025f0	004025f0	Function	Global
LAB_00402616	00402616	Label	Global
LAB_0040261f	0040261f	Label	Global
LAB_0040267b	0040267b	Label	Global
FUN_00402680	00402680	Function	Global
FUN_004026a0	004026a0	Function	Global
LAB_004026bc	004026bc	Label	Global
LAB_004026c5	004026c5	Label	Global
FUN_00402700	00402700	Function	Global
LAB_00402751	00402751	Label	Global
FUN_00402760	00402760	Function	Global
LAB_00402799	00402799	Label	Global
LAB_004027a7	004027a7	Label	Global
LAB_004027b5	004027b5	Label	Global
LAB_004027b9	004027b9	Label	Global
LAB_004027cb	004027cb	Label	Global
LAB_004027cf	004027cf	Label	Global
LAB_004027d7	004027d7	Label	Global
LAB_004027dc	004027dc	Label	Global
LAB_0040280b	0040280b	Label	Global
FUN_00402830	00402830	Function	Global
LAB_00402853	00402853	Label	Global
LAB_0040285d	0040285d	Label	Global
LAB_00402863	00402863	Label	Global
LAB_00402868	00402868	Label	Global
FUN_00402870	00402870	Function	Global
LAB_00402892	00402892	Label	Global
LAB_00402898	00402898	Label	Global
LAB_0040289d	0040289d	Label	Global
FUN_004028a0	004028a0	Function	Global
LAB_004028d7	004028d7	Label	Global
LAB_00402915	00402915	Label	Global
LAB_0040292a	0040292a	Label	Global
LAB_0040293d	0040293d	Label	Global
LAB_0040293e	0040293e	Label	Global
LAB_00402941	00402941	Label	Global
FUN_00402950	00402950	Function	Global
LAB_00402975	00402975	Label	Global
LAB_004029d4	004029d4	Label	Global
LAB_004029eb	004029eb	Label	Global
LAB_004029f6	004029f6	Label	Global
LAB_00402a16	00402a16	Label	Global
LAB_00402a30	00402a30	Label	Global
LAB_00402ad8	00402ad8	Label	Global
LAB_00402af3	00402af3	Label	Global
LAB_00402b0d	00402b0d	Label	Global
LAB_00402b89	00402b89	Label	Global
LAB_00402ba4	00402ba4	Label	Global
LAB_00402bb3	00402bb3	Label	Global
LAB_00402bc6	00402bc6	Label	Global
LAB_00402bcc	00402bcc	Label	Global
LAB_00402bd6	00402bd6	Label	Global
LAB_00402be3	00402be3	Label	Global
LAB_00402bfd	00402bfd	Label	Global
LAB_00402c2a	00402c2a	Label	Global
LAB_00402c31	00402c31	Label	Global
LAB_00402c34	00402c34	Label	Global
FUN_00402c40	00402c40	Function	Global
LAB_00402c75	00402c75	Label	Global
LAB_00402cbd	00402cbd	Label	Global
LAB_00402ccf	00402ccf	Label	Global
LAB_00402cef	00402cef	Label	Global
LAB_00402d07	00402d07	Label	Global
LAB_00402d2b	00402d2b	Label	Global
LAB_00402d84	00402d84	Label	Global
LAB_00402d8d	00402d8d	Label	Global
LAB_00402db2	00402db2	Label	Global
LAB_00402de7	00402de7	Label	Global
LAB_00402e24	00402e24	Label	Global
LAB_00402e2c	00402e2c	Label	Global
LAB_00402e4b	00402e4b	Label	Global
LAB_00402e7a	00402e7a	Label	Global
LAB_00402e89	00402e89	Label	Global
LAB_00402e9e	00402e9e	Label	Global
LAB_00402eea	00402eea	Label	Global
LAB_00402f7d	00402f7d	Label	Global
LAB_00402fd5	00402fd5	Label	Global
LAB_00403005	00403005	Label	Global
LAB_00403033	00403033	Label	Global
LAB_00403062	00403062	Label	Global
LAB_00403091	00403091	Label	Global
LAB_004030c0	004030c0	Label	Global
LAB_004030e4	004030e4	Label	Global
LAB_00403103	00403103	Label	Global
FUN_00403120	00403120	Function	Global
LAB_00403155	00403155	Label	Global
LAB_0040319d	0040319d	Label	Global
LAB_004031af	004031af	Label	Global
LAB_004031cf	004031cf	Label	Global
LAB_004031e7	004031e7	Label	Global
LAB_00403215	00403215	Label	Global
LAB_0040326e	0040326e	Label	Global
LAB_00403277	00403277	Label	Global
LAB_0040329c	0040329c	Label	Global
LAB_004032d1	004032d1	Label	Global
LAB_0040330e	0040330e	Label	Global
LAB_00403316	00403316	Label	Global
LAB_00403335	00403335	Label	Global
LAB_00403364	00403364	Label	Global
LAB_00403373	00403373	Label	Global
LAB_00403384	00403384	Label	Global
LAB_004033d0	004033d0	Label	Global
LAB_00403465	00403465	Label	Global
LAB_004034bd	004034bd	Label	Global
LAB_004034ed	004034ed	Label	Global
LAB_0040351b	0040351b	Label	Global
LAB_0040354a	0040354a	Label	Global
LAB_00403579	00403579	Label	Global
LAB_004035a8	004035a8	Label	Global
LAB_004035ba	004035ba	Label	Global
LAB_004035e0	004035e0	Label	Global
FUN_004035f0	004035f0	Function	Global
LAB_0040363b	0040363b	Label	Global
LAB_0040363f	0040363f	Label	Global
LAB_00403675	00403675	Label	Global
LAB_004036d6	004036d6	Label	Global
FUN_004036e0	004036e0	Function	Global
LAB_00403712	00403712	Label	Global
LAB_00403768	00403768	Label	Global
LAB_00403789	00403789	Label	Global
LAB_0040379f	0040379f	Label	Global
LAB_004037c0	004037c0	Label	Global
LAB_004037e1	004037e1	Label	Global
LAB_004037f5	004037f5	Label	Global
LAB_00403808	00403808	Label	Global
LAB_00403818	00403818	Label	Global
LAB_0040383f	0040383f	Label	Global
LAB_0040387b	0040387b	Label	Global
FUN_00403890	00403890	Function	Global
LAB_004038e1	004038e1	Label	Global
LAB_004038f2	004038f2	Label	Global
LAB_0040392f	0040392f	Label	Global
LAB_0040397d	0040397d	Label	Global
LAB_004039af	004039af	Label	Global
LAB_004039dd	004039dd	Label	Global
LAB_00403a62	00403a62	Label	Global
LAB_00403a74	00403a74	Label	Global
LAB_00403a7f	00403a7f	Label	Global
LAB_00403a88	00403a88	Label	Global
LAB_00403a8e	00403a8e	Label	Global
LAB_00403aaf	00403aaf	Label	Global
LAB_00403ad5	00403ad5	Label	Global
LAB_00403afc	00403afc	Label	Global
FUN_00403b20	00403b20	Function	Global
LAB_00403b66	00403b66	Label	Global
LAB_00403b7e	00403b7e	Label	Global
LAB_00403baf	00403baf	Label	Global
LAB_00403bb3	00403bb3	Label	Global
LAB_00403bb5	00403bb5	Label	Global
LAB_00403c21	00403c21	Label	Global
LAB_00403c25	00403c25	Label	Global
LAB_00403c69	00403c69	Label	Global
LAB_00403c6b	00403c6b	Label	Global
LAB_00403cbb	00403cbb	Label	Global
LAB_00403cd1	00403cd1	Label	Global
LAB_00403d34	00403d34	Label	Global
LAB_00403d36	00403d36	Label	Global
LAB_00403d77	00403d77	Label	Global
LAB_00403d79	00403d79	Label	Global
LAB_00403d93	00403d93	Label	Global
LAB_00403e2f	00403e2f	Label	Global
LAB_00403e66	00403e66	Label	Global
LAB_00403e91	00403e91	Label	Global
LAB_00403eba	00403eba	Label	Global
LAB_00403ec6	00403ec6	Label	Global
LAB_00403ee8	00403ee8	Label	Global
LAB_00403ef4	00403ef4	Label	Global
LAB_00403f02	00403f02	Label	Global
LAB_00403f0e	00403f0e	Label	Global
LAB_00403f8f	00403f8f	Label	Global
LAB_00403fcf	00403fcf	Label	Global
LAB_00404054	00404054	Label	Global
LAB_0040405b	0040405b	Label	Global
LAB_00404079	00404079	Label	Global
LAB_0040408e	0040408e	Label	Global
LAB_004040cd	004040cd	Label	Global
LAB_004040d6	004040d6	Label	Global
FUN_004040e0	004040e0	Function	Global
LAB_00404111	00404111	Label	Global
LAB_00404119	00404119	Label	Global
LAB_00404157	00404157	Label	Global
LAB_00404171	00404171	Label	Global
LAB_00404186	00404186	Label	Global
FUN_00404190	00404190	Function	Global
LAB_004041c5	004041c5	Label	Global
LAB_004041d2	004041d2	Label	Global
LAB_004041e3	004041e3	Label	Global
LAB_004041f0	004041f0	Label	Global
FUN_00404200	00404200	Function	Global
LAB_0040422e	0040422e	Label	Global
LAB_00404234	00404234	Label	Global
LAB_00404241	00404241	Label	Global
LAB_0040424d	0040424d	Label	Global
FUN_00404250	00404250	Function	Global
FUN_00404260	00404260	Function	Global
FUN_00404280	00404280	Function	Global
FUN_004042a0	004042a0	Function	Global
FUN_00404310	00404310	Function	Global
LAB_00404345	00404345	Label	Global
LAB_0040434e	0040434e	Label	Global
LAB_0040439c	0040439c	Label	Global
LAB_004043a8	004043a8	Label	Global
LAB_004043b9	004043b9	Label	Global
LAB_004043f6	004043f6	Label	Global
LAB_0040440a	0040440a	Label	Global
LAB_00404420	00404420	Label	Global
FUN_00404430	00404430	Function	Global
FUN_00404450	00404450	Function	Global
LAB_00404459	00404459	Label	Global
LAB_0040446c	0040446c	Label	Global
LAB_0040447a	0040447a	Label	Global
FUN_00404480	00404480	Function	Global
LAB_00404496	00404496	Label	Global
LAB_004044b4	004044b4	Label	Global
FUN_004044d0	004044d0	Function	Global
LAB_004044e7	004044e7	Label	Global
LAB_0040450c	0040450c	Label	Global
LAB_0040451d	0040451d	Label	Global
LAB_00404542	00404542	Label	Global
LAB_00404557	00404557	Label	Global
LAB_00404568	00404568	Label	Global
LAB_0040457b	0040457b	Label	Global
FUN_00404590	00404590	Function	Global
LAB_004045a4	004045a4	Label	Global
FUN_004045c0	004045c0	Function	Global
LAB_004045eb	004045eb	Label	Global
FUN_004045f0	004045f0	Function	Global
LAB_004045fb	004045fb	Label	Global
FUN_00404610	00404610	Function	Global
LAB_0040462b	0040462b	Label	Global
LAB_00404666	00404666	Label	Global
LAB_00404680	00404680	Label	Global
LAB_0040468e	0040468e	Label	Global
FUN_004046a0	004046a0	Function	Global
LAB_004046b3	004046b3	Label	Global
FUN_004046d0	004046d0	Function	Global
LAB_004046e6	004046e6	Label	Global
LAB_00404706	00404706	Label	Global
FUN_00404720	00404720	Function	Global
LAB_0040473f	0040473f	Label	Global
LAB_00404765	00404765	Label	Global
LAB_00404776	00404776	Label	Global
LAB_0040479b	0040479b	Label	Global
LAB_004047b8	004047b8	Label	Global
LAB_004047c9	004047c9	Label	Global
LAB_004047eb	004047eb	Label	Global
FUN_00404800	00404800	Function	Global
FUN_00404820	00404820	Function	Global
FUN_00404840	00404840	Function	Global
LAB_00404866	00404866	Label	Global
LAB_00404877	00404877	Label	Global
FUN_00404880	00404880	Function	Global
LAB_0040488f	0040488f	Label	Global
FUN_004048e0	004048e0	Function	Global
LAB_004048fb	004048fb	Label	Global
LAB_0040497e	0040497e	Label	Global
FUN_00404990	00404990	Function	Global
FUN_004049b0	004049b0	Function	Global
FUN_004049d0	004049d0	Function	Global
LAB_004049e3	004049e3	Label	Global
LAB_00404a00	00404a00	Label	Global
LAB_00404a60	00404a60	Label	Global
LAB_00404a7e	00404a7e	Label	Global
LAB_00404a8d	00404a8d	Label	Global
FUN_00404aa0	00404aa0	Function	Global
LAB_00404aff	00404aff	Label	Global
LAB_00404b17	00404b17	Label	Global
LAB_00404b23	00404b23	Label	Global
FUN_00404b30	00404b30	Function	Global
LAB_00404b96	00404b96	Label	Global
LAB_00404bb4	00404bb4	Label	Global
LAB_00404bc7	00404bc7	Label	Global
LAB_00404bdc	00404bdc	Label	Global
LAB_00404beb	00404beb	Label	Global
LAB_00404bf0	00404bf0	Label	Global
LAB_00404c5a	00404c5a	Label	Global
LAB_00404c78	00404c78	Label	Global
LAB_00404c7c	00404c7c	Label	Global
LAB_00404c8b	00404c8b	Label	Global
LAB_00404c8f	00404c8f	Label	Global
LAB_00404ca4	00404ca4	Label	Global
FUN_00404ce0	00404ce0	Function	Global
LAB_00404d3c	00404d3c	Label	Global
LAB_00404d58	00404d58	Label	Global
LAB_00404d6c	00404d6c	Label	Global
LAB_00404d7c	00404d7c	Label	Global
LAB_00404d8b	00404d8b	Label	Global
FUN_00404d90	00404d90	Function	Global
LAB_00404df0	00404df0	Label	Global
LAB_00404e04	00404e04	Label	Global
LAB_00404f28	00404f28	Label	Global
LAB_00404f39	00404f39	Label	Global
LAB_00404f9a	00404f9a	Label	Global
LAB_00404fa1	00404fa1	Label	Global
FUN_00404fb0	00404fb0	Function	Global
LAB_00404fd7	00404fd7	Label	Global
LAB_00404fe4	00404fe4	Label	Global
LAB_00404fe8	00404fe8	Label	Global
LAB_0040500c	0040500c	Label	Global
FUN_00405020	00405020	Function	Global
LAB_00405056	00405056	Label	Global
LAB_0040509a	0040509a	Label	Global
LAB_004050b8	004050b8	Label	Global
LAB_00405162	00405162	Label	Global
LAB_00405194	00405194	Label	Global
LAB_0040519e	0040519e	Label	Global
LAB_004051f5	004051f5	Label	Global
LAB_00405219	00405219	Label	Global
LAB_0040524b	0040524b	Label	Global
LAB_00405259	00405259	Label	Global
LAB_004052eb	004052eb	Label	Global
LAB_0040531a	0040531a	Label	Global
LAB_0040534c	0040534c	Label	Global
LAB_00405356	00405356	Label	Global
LAB_004053b1	004053b1	Label	Global
LAB_004053d8	004053d8	Label	Global
LAB_0040540a	0040540a	Label	Global
LAB_00405418	00405418	Label	Global
LAB_004054a1	004054a1	Label	Global
LAB_004054a5	004054a5	Label	Global
LAB_004054b8	004054b8	Label	Global
FUN_004054d0	004054d0	Function	Global
LAB_00405512	00405512	Label	Global
LAB_00405523	00405523	Label	Global
LAB_00405539	00405539	Label	Global
LAB_0040554a	0040554a	Label	Global
LAB_0040555e	0040555e	Label	Global
LAB_0040556c	0040556c	Label	Global
LAB_00405585	00405585	Label	Global
LAB_00405599	00405599	Label	Global
LAB_004055fd	004055fd	Label	Global
FUN_00405610	00405610	Function	Global
LAB_00405637	00405637	Label	Global
LAB_0040564c	0040564c	Label	Global
LAB_00405671	00405671	Label	Global
LAB_0040568f	0040568f	Label	Global
LAB_004056b5	004056b5	Label	Global
LAB_0040570e	0040570e	Label	Global
LAB_0040573b	0040573b	Label	Global
FUN_00405750	00405750	Function	Global
LAB_00405776	00405776	Label	Global
LAB_00405787	00405787	Label	Global
LAB_004057a0	004057a0	Label	Global
FUN_004057b0	004057b0	Function	Global
FUN_004057d0	004057d0	Function	Global
LAB_004057d9	004057d9	Label	Global
LAB_004057ec	004057ec	Label	Global
LAB_004057fa	004057fa	Label	Global
FUN_00405800	00405800	Function	Global
LAB_00405816	00405816	Label	Global
LAB_00405834	00405834	Label	Global
FUN_00405850	00405850	Function	Global
LAB_00405867	00405867	Label	Global
LAB_0040588c	0040588c	Label	Global
LAB_0040589d	0040589d	Label	Global
LAB_004058c2	004058c2	Label	Global
LAB_004058d7	004058d7	Label	Global
LAB_004058e8	004058e8	Label	Global
LAB_004058fb	004058fb	Label	Global
FUN_00405910	00405910	Function	Global
LAB_00405924	00405924	Label	Global
FUN_004059a0	004059a0	Function	Global
FUN_00405a10	00405a10	Function	Global
LAB_00405a90	00405a90	Label	Global
LAB_00405a9c	00405a9c	Label	Global
LAB_00405af1	00405af1	Label	Global
LAB_00405b08	00405b08	Label	Global
FUN_00405b20	00405b20	Function	Global
FUN_00405b90	00405b90	Function	Global
FUN_00405c00	00405c00	Function	Global
LAB_00405c20	00405c20	Label	Global
LAB_00405c2e	00405c2e	Label	Global
LAB_00405c36	00405c36	Label	Global
FUN_00405c40	00405c40	Function	Global
LAB_00405c63	00405c63	Label	Global
LAB_00405c70	00405c70	Label	Global
LAB_00405c78	00405c78	Label	Global
LAB_00405c89	00405c89	Label	Global
LAB_00405c92	00405c92	Label	Global
LAB_00405cdc	00405cdc	Label	Global
LAB_00405ce9	00405ce9	Label	Global
FUN_00405cf0	00405cf0	Function	Global
FUN_00405d10	00405d10	Function	Global
LAB_00405d30	00405d30	Label	Global
LAB_00405d3e	00405d3e	Label	Global
LAB_00405d46	00405d46	Label	Global
FUN_00405d60	00405d60	Function	Global
LAB_00405f46	00405f46	Label	Global
LAB_00405ff9	00405ff9	Label	Global
LAB_00406003	00406003	Label	Global
LAB_00406021	00406021	Label	Global
LAB_0040605a	0040605a	Label	Global
LAB_0040606b	0040606b	Label	Global
FUN_00406090	00406090	Function	Global
LAB_00406180	00406180	Label	Global
LAB_00406188	00406188	Label	Global
LAB_004061d9	004061d9	Label	Global
FUN_00406220	00406220	Function	Global
LAB_00406240	00406240	Label	Global
LAB_0040624e	0040624e	Label	Global
LAB_00406256	00406256	Label	Global
LAB_00406270	00406270	Label	Global
FUN_00406280	00406280	Function	Global
LAB_00406294	00406294	Label	Global
FUN_004062b0	004062b0	Function	Global
FUN_004062d0	004062d0	Function	Global
LAB_004062d9	004062d9	Label	Global
LAB_004062f2	004062f2	Label	Global
LAB_004062ff	004062ff	Label	Global
FUN_00406310	00406310	Function	Global
LAB_00406323	00406323	Label	Global
FUN_00406340	00406340	Function	Global
LAB_00406356	00406356	Label	Global
FUN_00406380	00406380	Function	Global
LAB_00406396	00406396	Label	Global
LAB_004063c0	004063c0	Label	Global
FUN_004063e0	004063e0	Function	Global
LAB_004063f7	004063f7	Label	Global
LAB_0040642c	0040642c	Label	Global
LAB_0040643d	0040643d	Label	Global
LAB_00406468	00406468	Label	Global
LAB_00406483	00406483	Label	Global
LAB_00406494	00406494	Label	Global
LAB_004064ad	004064ad	Label	Global
FUN_004064c0	004064c0	Function	Global
FUN_004064e0	004064e0	Function	Global
LAB_004064f8	004064f8	Label	Global
FUN_00406530	00406530	Function	Global
LAB_00406551	00406551	Label	Global
LAB_00406559	00406559	Label	Global
FUN_004065a0	004065a0	Function	Global
LAB_004065c1	004065c1	Label	Global
LAB_004065c9	004065c9	Label	Global
FUN_00406610	00406610	Function	Global
LAB_00406620	00406620	Label	Global
FUN_00406630	00406630	Function	Global
FUN_00406650	00406650	Function	Global
LAB_00406671	00406671	Label	Global
LAB_00406679	00406679	Label	Global
FUN_004066c0	004066c0	Function	Global
LAB_004066e1	004066e1	Label	Global
LAB_004066e9	004066e9	Label	Global
FUN_00406730	00406730	Function	Global
FUN_00406760	00406760	Function	Global
FUN_00406790	00406790	Function	Global
LAB_004067a3	004067a3	Label	Global
FUN_004067d0	004067d0	Function	Global
LAB_004067ea	004067ea	Label	Global
LAB_00406806	00406806	Label	Global
LAB_0040681e	0040681e	Label	Global
LAB_00406837	00406837	Label	Global
LAB_0040683a	0040683a	Label	Global
LAB_00406845	00406845	Label	Global
FUN_00406860	00406860	Function	Global
LAB_0040686d	0040686d	Label	Global
LAB_00406879	00406879	Label	Global
LAB_00406883	00406883	Label	Global
FUN_00406890	00406890	Function	Global
LAB_0040689d	0040689d	Label	Global
LAB_004068a8	004068a8	Label	Global
FUN_004068b0	004068b0	Function	Global
LAB_004068b8	004068b8	Label	Global
LAB_004068c8	004068c8	Label	Global
LAB_004068e2	004068e2	Label	Global
LAB_004068e7	004068e7	Label	Global
LAB_004068e8	004068e8	Label	Global
FUN_004068f0	004068f0	Function	Global
LAB_00406906	00406906	Label	Global
LAB_00406928	00406928	Label	Global
LAB_0040692e	0040692e	Label	Global
LAB_00406938	00406938	Label	Global
FUN_00406950	00406950	Function	Global
LAB_00406968	00406968	Label	Global
LAB_00406975	00406975	Label	Global
LAB_00406982	00406982	Label	Global
LAB_00406996	00406996	Label	Global
LAB_004069aa	004069aa	Label	Global
LAB_004069ae	004069ae	Label	Global
LAB_004069b8	004069b8	Label	Global
LAB_004069c8	004069c8	Label	Global
LAB_004069ee	004069ee	Label	Global
LAB_00406a00	00406a00	Label	Global
LAB_00406a16	00406a16	Label	Global
LAB_00406a1e	00406a1e	Label	Global
LAB_00406a24	00406a24	Label	Global
LAB_00406a28	00406a28	Label	Global
LAB_00406a3d	00406a3d	Label	Global
LAB_00406a44	00406a44	Label	Global
LAB_00406a58	00406a58	Label	Global
LAB_00406a6c	00406a6c	Label	Global
LAB_00406a74	00406a74	Label	Global
LAB_00406a7a	00406a7a	Label	Global
LAB_00406a7e	00406a7e	Label	Global
LAB_00406a97	00406a97	Label	Global
LAB_00406aa6	00406aa6	Label	Global
FUN_00406ad0	00406ad0	Function	Global
LAB_00406ae3	00406ae3	Label	Global
FUN_00406b00	00406b00	Function	Global
FUN_00406b20	00406b20	Function	Global
FUN_00406b40	00406b40	Function	Global
LAB_00406b5d	00406b5d	Label	Global
FUN_00406b70	00406b70	Function	Global
LAB_00406b8d	00406b8d	Label	Global
FUN_00406bb0	00406bb0	Function	Global
LAB_00406bcd	00406bcd	Label	Global
LAB_00406bd7	00406bd7	Label	Global
LAB_00406be4	00406be4	Label	Global
FUN_00406c00	00406c00	Function	Global
LAB_00406c20	00406c20	Label	Global
LAB_00406c2a	00406c2a	Label	Global
LAB_00406c35	00406c35	Label	Global
LAB_00406c67	00406c67	Label	Global
FUN_00406c70	00406c70	Function	Global
LAB_00406c85	00406c85	Label	Global
LAB_00406c91	00406c91	Label	Global
LAB_00406cb9	00406cb9	Label	Global
FUN_00406cc0	00406cc0	Function	Global
LAB_00406cd6	00406cd6	Label	Global
LAB_00406ce2	00406ce2	Label	Global
LAB_00406cf0	00406cf0	Label	Global
FUN_00406d00	00406d00	Function	Global
FUN_00406d10	00406d10	Function	Global
LAB_00406d20	00406d20	Label	Global
FUN_00406d30	00406d30	Function	Global
LAB_00406d3c	00406d3c	Label	Global
FUN_00406d50	00406d50	Function	Global
FUN_00406db0	00406db0	Function	Global
LAB_00406dc7	00406dc7	Label	Global
LAB_00406e10	00406e10	Label	Global
FUN_00406e20	00406e20	Function	Global
LAB_00406e2c	00406e2c	Label	Global
FUN_00406e30	00406e30	Function	Global
LAB_00406e45	00406e45	Label	Global
LAB_00406e58	00406e58	Label	Global
FUN_00406e90	00406e90	Function	Global
FUN_00406ea0	00406ea0	Function	Global
LAB_00406eca	00406eca	Label	Global
LAB_00406eda	00406eda	Label	Global
LAB_00406f11	00406f11	Label	Global
FUN_00406f20	00406f20	Function	Global
LAB_00406f40	00406f40	Label	Global
FUN_00406f50	00406f50	Function	Global
LAB_00406f7a	00406f7a	Label	Global
LAB_00406f87	00406f87	Label	Global
LAB_00406f99	00406f99	Label	Global
LAB_00406fa1	00406fa1	Label	Global
FUN_00406ff0	00406ff0	Function	Global
LAB_00407001	00407001	Label	Global
LAB_0040700d	0040700d	Label	Global
switchD	0040701d	Label	switchD_0040701d
caseD_0	00407024	Label	switchD_0040701d
caseD_1	00407033	Label	switchD_0040701d
LAB_0040703e	0040703e	Label	Global
switchdataD_00407048	00407048	Label	switchD_0040701d
switchdataD_00407050	00407050	Label	switchD_0040701d
FUN_004070d0	004070d0	Function	Global
LAB_004070f3	004070f3	Label	Global
LAB_00407122	00407122	Label	Global
LAB_00407134	00407134	Label	Global
LAB_0040713c	0040713c	Label	Global
FUN_00407180	00407180	Function	Global
LAB_0040718f	0040718f	Label	Global
LAB_0040719b	0040719b	Label	Global
LAB_004071aa	004071aa	Label	Global
LAB_004071b2	004071b2	Label	Global
LAB_004071b8	004071b8	Label	Global
LAB_004071da	004071da	Label	Global
LAB_004071df	004071df	Label	Global
LAB_004071e7	004071e7	Label	Global
LAB_004071ef	004071ef	Label	Global
LAB_004071fb	004071fb	Label	Global
FUN_00407200	00407200	Function	Global
LAB_00407219	00407219	Label	Global
LAB_0040722e	0040722e	Label	Global
FUN_00407280	00407280	Function	Global
LAB_004072a0	004072a0	Label	Global
FUN_004072d0	004072d0	Function	Global
LAB_004072ee	004072ee	Label	Global
FUN_004072f0	004072f0	Function	Global
LAB_00407316	00407316	Label	Global
LAB_0040734b	0040734b	Label	Global
FUN_00407360	00407360	Function	Global
FUN_00407390	00407390	Function	Global
LAB_004073a3	004073a3	Label	Global
LAB_004073d5	004073d5	Label	Global
LAB_004073e2	004073e2	Label	Global
LAB_004073e4	004073e4	Label	Global
FUN_004073f0	004073f0	Function	Global
LAB_0040741c	0040741c	Label	Global
LAB_00407465	00407465	Label	Global
LAB_00407488	00407488	Label	Global
LAB_004074b9	004074b9	Label	Global
LAB_004074d6	004074d6	Label	Global
LAB_00407512	00407512	Label	Global
LAB_0040752b	0040752b	Label	Global
LAB_00407541	00407541	Label	Global
LAB_00407557	00407557	Label	Global
LAB_0040756d	0040756d	Label	Global
LAB_00407583	00407583	Label	Global
LAB_00407599	00407599	Label	Global
LAB_004075af	004075af	Label	Global
LAB_004075cc	004075cc	Label	Global
LAB_004075ea	004075ea	Label	Global
LAB_00407603	00407603	Label	Global
LAB_00407619	00407619	Label	Global
LAB_0040762f	0040762f	Label	Global
LAB_00407645	00407645	Label	Global
LAB_0040765b	0040765b	Label	Global
LAB_00407671	00407671	Label	Global
LAB_00407687	00407687	Label	Global
LAB_0040769d	0040769d	Label	Global
LAB_004076b1	004076b1	Label	Global
LAB_004076d1	004076d1	Label	Global
LAB_004076ff	004076ff	Label	Global
LAB_00407732	00407732	Label	Global
LAB_00407761	00407761	Label	Global
LAB_00407770	00407770	Label	Global
LAB_00407785	00407785	Label	Global
LAB_00407793	00407793	Label	Global
LAB_004077af	004077af	Label	Global
LAB_004077b2	004077b2	Label	Global
LAB_004077b6	004077b6	Label	Global
LAB_004077eb	004077eb	Label	Global
LAB_0040780c	0040780c	Label	Global
LAB_00407835	00407835	Label	Global
LAB_00407845	00407845	Label	Global
LAB_00407889	00407889	Label	Global
LAB_004078a7	004078a7	Label	Global
LAB_004078b2	004078b2	Label	Global
LAB_004078b9	004078b9	Label	Global
LAB_004078d3	004078d3	Label	Global
LAB_004078db	004078db	Label	Global
FUN_00407930	00407930	Function	Global
LAB_00407955	00407955	Label	Global
LAB_00407960	00407960	Label	Global
LAB_0040796c	0040796c	Label	Global
LAB_00407974	00407974	Label	Global
LAB_0040797a	0040797a	Label	Global
LAB_0040798e	0040798e	Label	Global
LAB_00407998	00407998	Label	Global
LAB_004079a0	004079a0	Label	Global
LAB_004079b0	004079b0	Label	Global
LAB_004079c6	004079c6	Label	Global
LAB_004079de	004079de	Label	Global
LAB_004079e4	004079e4	Label	Global
LAB_004079f8	004079f8	Label	Global
LAB_00407a04	00407a04	Label	Global
LAB_00407a25	00407a25	Label	Global
LAB_00407a29	00407a29	Label	Global
LAB_00407a50	00407a50	Label	Global
LAB_00407a58	00407a58	Label	Global
LAB_00407a60	00407a60	Label	Global
LAB_00407a68	00407a68	Label	Global
LAB_00407a8f	00407a8f	Label	Global
LAB_00407a97	00407a97	Label	Global
LAB_00407a99	00407a99	Label	Global
LAB_00407aa1	00407aa1	Label	Global
LAB_00407aa7	00407aa7	Label	Global
LAB_00407ab3	00407ab3	Label	Global
LAB_00407ace	00407ace	Label	Global
LAB_00407ad9	00407ad9	Label	Global
LAB_00407ae1	00407ae1	Label	Global
LAB_00407afa	00407afa	Label	Global
LAB_00407b22	00407b22	Label	Global
LAB_00407b3a	00407b3a	Label	Global
LAB_00407b4c	00407b4c	Label	Global
LAB_00407b5e	00407b5e	Label	Global
LAB_00407b70	00407b70	Label	Global
LAB_00407b82	00407b82	Label	Global
LAB_00407b94	00407b94	Label	Global
LAB_00407ba6	00407ba6	Label	Global
LAB_00407bba	00407bba	Label	Global
LAB_00407bd2	00407bd2	Label	Global
LAB_00407bea	00407bea	Label	Global
LAB_00407bfc	00407bfc	Label	Global
LAB_00407c0e	00407c0e	Label	Global
LAB_00407c20	00407c20	Label	Global
LAB_00407c32	00407c32	Label	Global
LAB_00407c44	00407c44	Label	Global
LAB_00407c56	00407c56	Label	Global
LAB_00407c61	00407c61	Label	Global
LAB_00407c65	00407c65	Label	Global
LAB_00407c95	00407c95	Label	Global
LAB_00407cb1	00407cb1	Label	Global
LAB_00407cb7	00407cb7	Label	Global
FUN_00407cc0	00407cc0	Function	Global
LAB_00407cd6	00407cd6	Label	Global
FUN_00407cf0	00407cf0	Function	Global
LAB_00407d07	00407d07	Label	Global
LAB_00407d17	00407d17	Label	Global
LAB_00407d1f	00407d1f	Label	Global
FUN_00407d60	00407d60	Function	Global
LAB_00407d74	00407d74	Label	Global
LAB_00407d84	00407d84	Label	Global
FUN_00407dc0	00407dc0	Function	Global
LAB_00407de6	00407de6	Label	Global
FUN_00407e30	00407e30	Function	Global
LAB_00407e51	00407e51	Label	Global
LAB_00407e60	00407e60	Label	Global
FUN_00407ea0	00407ea0	Function	Global
LAB_00407ebb	00407ebb	Label	Global
FUN_00407ef0	00407ef0	Function	Global
LAB_00407f13	00407f13	Label	Global
FUN_00407f80	00407f80	Function	Global
LAB_00407fa9	00407fa9	Label	Global
LAB_00407fb6	00407fb6	Label	Global
FUN_00408020	00408020	Function	Global
LAB_0040803a	0040803a	Label	Global
FUN_00408090	00408090	Function	Global
LAB_004080a6	004080a6	Label	Global
FUN_00408100	00408100	Function	Global
LAB_00408124	00408124	Label	Global
FUN_00408130	00408130	Function	Global
LAB_00408143	00408143	Label	Global
LAB_0040815d	0040815d	Label	Global
FUN_00408170	00408170	Function	Global
LAB_00408183	00408183	Label	Global
FUN_00408190	00408190	Function	Global
LAB_004081af	004081af	Label	Global
FUN_004081c0	004081c0	Function	Global
thunk_FUN_00408200	004081f0	Function	Global
FUN_00408200	00408200	Function	Global
FUN_00408220	00408220	Function	Global
LAB_0040822b	0040822b	Label	Global
FUN_00408240	00408240	Function	Global
LAB_00408255	00408255	Label	Global
FUN_00408260	00408260	Function	Global
LAB_00408269	00408269	Label	Global
LAB_0040827c	0040827c	Label	Global
LAB_0040828a	0040828a	Label	Global
FUN_00408290	00408290	Function	Global
LAB_004082a3	004082a3	Label	Global
FUN_004082c0	004082c0	Function	Global
LAB_004082d6	004082d6	Label	Global
LAB_004082f4	004082f4	Label	Global
FUN_00408310	00408310	Function	Global
LAB_00408327	00408327	Label	Global
LAB_0040834c	0040834c	Label	Global
LAB_0040835d	0040835d	Label	Global
LAB_00408382	00408382	Label	Global
LAB_00408397	00408397	Label	Global
LAB_004083a8	004083a8	Label	Global
LAB_004083bb	004083bb	Label	Global
FUN_004083d0	004083d0	Function	Global
LAB_00408432	00408432	Label	Global
FUN_00408450	00408450	Function	Global
LAB_00408470	00408470	Label	Global
FUN_00408480	00408480	Function	Global
LAB_0040848a	0040848a	Label	Global
LAB_00408496	00408496	Label	Global
FUN_004084c0	004084c0	Function	Global
LAB_00408537	00408537	Label	Global
LAB_00408559	00408559	Label	Global
LAB_0040855d	0040855d	Label	Global
LAB_00408576	00408576	Label	Global
LAB_004085a7	004085a7	Label	Global
FUN_004085b0	004085b0	Function	Global
LAB_004085c2	004085c2	Label	Global
FUN_00408650	00408650	Function	Global
FUN_00408690	00408690	Function	Global
LAB_004086be	004086be	Label	Global
FUN_004086d0	004086d0	Function	Global
FUN_00408710	00408710	Function	Global
LAB_0040873c	0040873c	Label	Global
LAB_0040874c	0040874c	Label	Global
LAB_00408752	00408752	Label	Global
LAB_00408781	00408781	Label	Global
LAB_00408798	00408798	Label	Global
LAB_004087a2	004087a2	Label	Global
LAB_004087b5	004087b5	Label	Global
LAB_004087d3	004087d3	Label	Global
LAB_004087df	004087df	Label	Global
LAB_004087f2	004087f2	Label	Global
LAB_004087f8	004087f8	Label	Global
LAB_00408809	00408809	Label	Global
LAB_00408846	00408846	Label	Global
LAB_0040884b	0040884b	Label	Global
LAB_00408850	00408850	Label	Global
LAB_00408859	00408859	Label	Global
LAB_00408867	00408867	Label	Global
LAB_00408870	00408870	Label	Global
LAB_0040887a	0040887a	Label	Global
LAB_00408888	00408888	Label	Global
LAB_00408895	00408895	Label	Global
LAB_004088b0	004088b0	Label	Global
LAB_004088d2	004088d2	Label	Global
LAB_004088e7	004088e7	Label	Global
LAB_004088f1	004088f1	Label	Global
LAB_0040890c	0040890c	Label	Global
LAB_0040892a	0040892a	Label	Global
LAB_00408936	00408936	Label	Global
LAB_00408949	00408949	Label	Global
LAB_0040894f	0040894f	Label	Global
LAB_0040895b	0040895b	Label	Global
LAB_0040896e	0040896e	Label	Global
LAB_0040898c	0040898c	Label	Global
LAB_00408998	00408998	Label	Global
LAB_004089ab	004089ab	Label	Global
LAB_004089b1	004089b1	Label	Global
LAB_004089b8	004089b8	Label	Global
LAB_004089bd	004089bd	Label	Global
LAB_004089c2	004089c2	Label	Global
LAB_004089d0	004089d0	Label	Global
FUN_004089f0	004089f0	Function	Global
LAB_00408a3b	00408a3b	Label	Global
FUN_00408a50	00408a50	Function	Global
LAB_00408a85	00408a85	Label	Global
LAB_00408a87	00408a87	Label	Global
LAB_00408a9d	00408a9d	Label	Global
LAB_00408ad5	00408ad5	Label	Global
LAB_00408b08	00408b08	Label	Global
LAB_00408b18	00408b18	Label	Global
LAB_00408b24	00408b24	Label	Global
LAB_00408b30	00408b30	Label	Global
LAB_00408b42	00408b42	Label	Global
LAB_00408b57	00408b57	Label	Global
LAB_00408b5c	00408b5c	Label	Global
LAB_00408b66	00408b66	Label	Global
LAB_00408b85	00408b85	Label	Global
LAB_00408b98	00408b98	Label	Global
LAB_00408ba8	00408ba8	Label	Global
LAB_00408bb4	00408bb4	Label	Global
LAB_00408bc0	00408bc0	Label	Global
LAB_00408be5	00408be5	Label	Global
LAB_00408bea	00408bea	Label	Global
LAB_00408bf1	00408bf1	Label	Global
LAB_00408c06	00408c06	Label	Global
LAB_00408c0f	00408c0f	Label	Global
FUN_00408c20	00408c20	Function	Global
LAB_00408c60	00408c60	Label	Global
LAB_00408c70	00408c70	Label	Global
LAB_00408c80	00408c80	Label	Global
LAB_00408c90	00408c90	Label	Global
FUN_00408ca0	00408ca0	Function	Global
FUN_00408cb0	00408cb0	Function	Global
LAB_00408cc0	00408cc0	Label	Global
LAB_00408cd0	00408cd0	Label	Global
FUN_00408ce0	00408ce0	Function	Global
FUN_00408cf0	00408cf0	Function	Global
LAB_00408d00	00408d00	Label	Global
LAB_00408d10	00408d10	Label	Global
FUN_00408d20	00408d20	Function	Global
FUN_00408d30	00408d30	Function	Global
LAB_00408d40	00408d40	Label	Global
LAB_00408d50	00408d50	Label	Global
FUN_00408d60	00408d60	Function	Global
FUN_00408d70	00408d70	Function	Global
LAB_00408d80	00408d80	Label	Global
LAB_00408d90	00408d90	Label	Global
FUN_00408da0	00408da0	Function	Global
FUN_00408db0	00408db0	Function	Global
LAB_00408dc0	00408dc0	Label	Global
LAB_00408dd0	00408dd0	Label	Global
FUN_00408de0	00408de0	Function	Global
FUN_00408df0	00408df0	Function	Global
LAB_00408e00	00408e00	Label	Global
LAB_00408e10	00408e10	Label	Global
FUN_00408e20	00408e20	Function	Global
FUN_00408e30	00408e30	Function	Global
LAB_00408e40	00408e40	Label	Global
LAB_00408e50	00408e50	Label	Global
FUN_00408e60	00408e60	Function	Global
FUN_00408e70	00408e70	Function	Global
LAB_00408e80	00408e80	Label	Global
LAB_00408e90	00408e90	Label	Global
FUN_00408ea0	00408ea0	Function	Global
FUN_00408eb0	00408eb0	Function	Global
LAB_00408ec0	00408ec0	Label	Global
LAB_00408ed0	00408ed0	Label	Global
FUN_00408ee0	00408ee0	Function	Global
FUN_00408ef0	00408ef0	Function	Global
LAB_00408f00	00408f00	Label	Global
LAB_00408f10	00408f10	Label	Global
FUN_00408f20	00408f20	Function	Global
FUN_00408f30	00408f30	Function	Global
LAB_00408f40	00408f40	Label	Global
LAB_00408f50	00408f50	Label	Global
FUN_00408f60	00408f60	Function	Global
FUN_00408f70	00408f70	Function	Global
LAB_00408f80	00408f80	Label	Global
LAB_00408f90	00408f90	Label	Global
FUN_00408fa0	00408fa0	Function	Global
FUN_00408fb0	00408fb0	Function	Global
LAB_00408fc0	00408fc0	Label	Global
LAB_00408fd0	00408fd0	Label	Global
FUN_00408fe0	00408fe0	Function	Global
FUN_00408ff0	00408ff0	Function	Global
LAB_00409000	00409000	Label	Global
LAB_00409010	00409010	Label	Global
FUN_00409020	00409020	Function	Global
FUN_00409030	00409030	Function	Global
LAB_00409040	00409040	Label	Global
LAB_00409050	00409050	Label	Global
FUN_00409060	00409060	Function	Global
FUN_00409070	00409070	Function	Global
LAB_00409080	00409080	Label	Global
LAB_00409090	00409090	Label	Global
FUN_004090a0	004090a0	Function	Global
FUN_004090b0	004090b0	Function	Global
LAB_004090c0	004090c0	Label	Global
LAB_004090d0	004090d0	Label	Global
FUN_004090e0	004090e0	Function	Global
FUN_004090f0	004090f0	Function	Global
LAB_00409100	00409100	Label	Global
LAB_00409110	00409110	Label	Global
FUN_00409120	00409120	Function	Global
FUN_00409130	00409130	Function	Global
LAB_00409140	00409140	Label	Global
LAB_00409150	00409150	Label	Global
FUN_00409160	00409160	Function	Global
FUN_00409170	00409170	Function	Global
LAB_00409180	00409180	Label	Global
FUN_00409190	00409190	Function	Global
LAB_0040919e	0040919e	Label	Global
LAB_004091ab	004091ab	Label	Global
LAB_004091b2	004091b2	Label	Global
FUN_004091c0	004091c0	Function	Global
LAB_0040921d	0040921d	Label	Global
LAB_00409228	00409228	Label	Global
FUN_00409240	00409240	Function	Global
FUN_00409250	00409250	Function	Global
LAB_004092a9	004092a9	Label	Global
FUN_004092b0	004092b0	Function	Global
LAB_004092be	004092be	Label	Global
entry	004092c0	Function	Global
switchD	0040930f	Label	switchD_0040930f
caseD_4e2	00409316	Label	switchD_0040930f
caseD_4e3	0040931d	Label	switchD_0040930f
caseD_4e4	00409329	Label	switchD_0040930f
caseD_4e5	00409331	Label	switchD_0040930f
caseD_4e6	00409338	Label	switchD_0040930f
caseD_4e7	0040933f	Label	switchD_0040930f
caseD_4e8	0040934b	Label	switchD_0040930f
LAB_00409350	00409350	Label	Global
caseD_4e9	00409363	Label	switchD_0040930f
caseD_4ea	0040936f	Label	switchD_0040930f
default	0040937b	Label	switchD_0040930f
LAB_00409385	00409385	Label	Global
LAB_004093df	004093df	Label	Global
LAB_004093f6	004093f6	Label	Global
LAB_00409402	00409402	Label	Global
LAB_00409413	00409413	Label	Global
LAB_00409419	00409419	Label	Global
LAB_0040943f	0040943f	Label	Global
LAB_00409444	00409444	Label	Global
LAB_00409469	00409469	Label	Global
LAB_004094ad	004094ad	Label	Global
LAB_00409630	00409630	Label	Global
LAB_0040963c	0040963c	Label	Global
LAB_004096a4	004096a4	Label	Global
LAB_00409707	00409707	Label	Global
LAB_00409714	00409714	Label	Global
LAB_0040979b	0040979b	Label	Global
LAB_004097e4	004097e4	Label	Global
LAB_00409800	00409800	Label	Global
LAB_0040980d	0040980d	Label	Global
LAB_00409817	00409817	Label	Global
LAB_0040985e	0040985e	Label	Global
LAB_0040988d	0040988d	Label	Global
LAB_004098b6	004098b6	Label	Global
LAB_004098cd	004098cd	Label	Global
LAB_004098d2	004098d2	Label	Global
LAB_00409942	00409942	Label	Global
LAB_00409955	00409955	Label	Global
LAB_00409966	00409966	Label	Global
LAB_00409973	00409973	Label	Global
LAB_00409993	00409993	Label	Global
LAB_004099a1	004099a1	Label	Global
switchdataD_004099bc	004099bc	Label	switchD_0040930f
FUN_004099e0	004099e0	Function	Global
LAB_004099fc	004099fc	Label	Global
LAB_00409a17	00409a17	Label	Global
FUN_00409a30	00409a30	Function	Global
LAB_00409a56	00409a56	Label	Global
LAB_00409a5e	00409a5e	Label	Global
FUN_00409ad0	00409ad0	Function	Global
FUN_00409af0	00409af0	Function	Global
LAB_00409b26	00409b26	Label	Global
LAB_00409bbf	00409bbf	Label	Global
LAB_00409bcb	00409bcb	Label	Global
LAB_00409bce	00409bce	Label	Global
LAB_00409bdd	00409bdd	Label	Global
LAB_00409bea	00409bea	Label	Global
LAB_00409bfd	00409bfd	Label	Global
LAB_00409c41	00409c41	Label	Global
LAB_00409caf	00409caf	Label	Global
LAB_00409ce9	00409ce9	Label	Global
LAB_00409d2a	00409d2a	Label	Global
LAB_00409d40	00409d40	Label	Global
LAB_00409d49	00409d49	Label	Global
LAB_00409d6a	00409d6a	Label	Global
FUN_00409da0	00409da0	Function	Global
LAB_00409dd1	00409dd1	Label	Global
LAB_00409de5	00409de5	Label	Global
LAB_00409df0	00409df0	Label	Global
LAB_00409dfb	00409dfb	Label	Global
LAB_00409e29	00409e29	Label	Global
LAB_00409e31	00409e31	Label	Global
LAB_00409e4b	00409e4b	Label	Global
FUN_00409e50	00409e50	Function	Global
LAB_00409e6f	00409e6f	Label	Global
LAB_00409eaa	00409eaa	Label	Global
LAB_00409eb2	00409eb2	Label	Global
LAB_00409ee8	00409ee8	Label	Global
LAB_00409f21	00409f21	Label	Global
LAB_00409f25	00409f25	Label	Global
LAB_00409f27	00409f27	Label	Global
LAB_00409f61	00409f61	Label	Global
LAB_00409f65	00409f65	Label	Global
LAB_00409f77	00409f77	Label	Global
LAB_00409f7b	00409f7b	Label	Global
LAB_00409fa1	00409fa1	Label	Global
LAB_00409fa2	00409fa2	Label	Global
LAB_00409fa6	00409fa6	Label	Global
LAB_00409fe6	00409fe6	Label	Global
LAB_00409fea	00409fea	Label	Global
LAB_0040a025	0040a025	Label	Global
LAB_0040a029	0040a029	Label	Global
LAB_0040a060	0040a060	Label	Global
LAB_0040a064	0040a064	Label	Global
LAB_0040a09f	0040a09f	Label	Global
LAB_0040a0a3	0040a0a3	Label	Global
LAB_0040a0e7	0040a0e7	Label	Global
LAB_0040a0eb	0040a0eb	Label	Global
LAB_0040a133	0040a133	Label	Global
LAB_0040a137	0040a137	Label	Global
LAB_0040a17c	0040a17c	Label	Global
LAB_0040a180	0040a180	Label	Global
LAB_0040a187	0040a187	Label	Global
LAB_0040a18f	0040a18f	Label	Global
LAB_0040a1c1	0040a1c1	Label	Global
LAB_0040a202	0040a202	Label	Global
LAB_0040a206	0040a206	Label	Global
FUN_0040a210	0040a210	Function	Global
FUN_0040a250	0040a250	Function	Global
FUN_0040a270	0040a270	Function	Global
FUN_0040a2a0	0040a2a0	Function	Global
FUN_0040a2d0	0040a2d0	Function	Global
FUN_0040a300	0040a300	Function	Global
LAB_0040a31d	0040a31d	Label	Global
LAB_0040a348	0040a348	Label	Global
LAB_0040a367	0040a367	Label	Global
LAB_0040a391	0040a391	Label	Global
FUN_0040a3a0	0040a3a0	Function	Global
LAB_0040a3d0	0040a3d0	Label	Global
LAB_0040a3e9	0040a3e9	Label	Global
LAB_0040a414	0040a414	Label	Global
LAB_0040a43a	0040a43a	Label	Global
LAB_0040a47c	0040a47c	Label	Global
LAB_0040a492	0040a492	Label	Global
LAB_0040a52e	0040a52e	Label	Global
LAB_0040a567	0040a567	Label	Global
LAB_0040a590	0040a590	Label	Global
FUN_0040a5a0	0040a5a0	Function	Global
FUN_0040a5b0	0040a5b0	Function	Global
LAB_0040a5c0	0040a5c0	Label	Global
LAB_0040a5d0	0040a5d0	Label	Global
FUN_0040a5e0	0040a5e0	Function	Global
FUN_0040a5f0	0040a5f0	Function	Global
LAB_0040a600	0040a600	Label	Global
FUN_0040a610	0040a610	Function	Global
LAB_0040a670	0040a670	Label	Global
LAB_0040a67c	0040a67c	Label	Global
LAB_0040a6e0	0040a6e0	Label	Global
LAB_0040a6e4	0040a6e4	Label	Global
LAB_0040a701	0040a701	Label	Global
LAB_0040a70c	0040a70c	Label	Global
LAB_0040a71f	0040a71f	Label	Global
LAB_0040a732	0040a732	Label	Global
FUN_0040a750	0040a750	Function	Global
LAB_0040a786	0040a786	Label	Global
FUN_0040a790	0040a790	Function	Global
LAB_0040a7b6	0040a7b6	Label	Global
LAB_0040a7bf	0040a7bf	Label	Global
LAB_0040a7c9	0040a7c9	Label	Global
LAB_0040a7e6	0040a7e6	Label	Global
LAB_0040a920	0040a920	Label	Global
LAB_0040aa09	0040aa09	Label	Global
FUN_0040aa50	0040aa50	Function	Global
LAB_0040aa6f	0040aa6f	Label	Global
LAB_0040aa86	0040aa86	Label	Global
LAB_0040aaa0	0040aaa0	Label	Global
LAB_0040aabc	0040aabc	Label	Global
LAB_0040aace	0040aace	Label	Global
LAB_0040aae1	0040aae1	Label	Global
FUN_0040aaf0	0040aaf0	Function	Global
LAB_0040ab33	0040ab33	Label	Global
LAB_0040aba1	0040aba1	Label	Global
LAB_0040abb0	0040abb0	Label	Global
LAB_0040abbe	0040abbe	Label	Global
LAB_0040abc6	0040abc6	Label	Global
LAB_0040abc8	0040abc8	Label	Global
LAB_0040abdd	0040abdd	Label	Global
LAB_0040abec	0040abec	Label	Global
LAB_0040ac06	0040ac06	Label	Global
FUN_0040ac10	0040ac10	Function	Global
LAB_0040ac22	0040ac22	Label	Global
LAB_0040ac4b	0040ac4b	Label	Global
LAB_0040ac59	0040ac59	Label	Global
LAB_0040ac6b	0040ac6b	Label	Global
LAB_0040ac83	0040ac83	Label	Global
LAB_0040ac8c	0040ac8c	Label	Global
LAB_0040aca8	0040aca8	Label	Global
LAB_0040acc0	0040acc0	Label	Global
LAB_0040acdc	0040acdc	Label	Global
LAB_0040ace1	0040ace1	Label	Global
LAB_0040ace4	0040ace4	Label	Global
LAB_0040acf6	0040acf6	Label	Global
LAB_0040ad04	0040ad04	Label	Global
FUN_0040ad10	0040ad10	Function	Global
LAB_0040ad38	0040ad38	Label	Global
LAB_0040ada5	0040ada5	Label	Global
LAB_0040adfc	0040adfc	Label	Global
FUN_0040ae30	0040ae30	Function	Global
LAB_0040ae44	0040ae44	Label	Global
LAB_0040ae7c	0040ae7c	Label	Global
LAB_0040aef2	0040aef2	Label	Global
LAB_0040af09	0040af09	Label	Global
LAB_0040af82	0040af82	Label	Global
LAB_0040af8f	0040af8f	Label	Global
LAB_0040af93	0040af93	Label	Global
LAB_0040af9b	0040af9b	Label	Global
LAB_0040afc3	0040afc3	Label	Global
FUN_0040b060	0040b060	Function	Global
FUN_0040b070	0040b070	Function	Global
LAB_0040b087	0040b087	Label	Global
LAB_0040b08c	0040b08c	Label	Global
FUN_0040b090	0040b090	Function	Global
LAB_0040b0ab	0040b0ab	Label	Global
LAB_0040b0d5	0040b0d5	Label	Global
LAB_0040b112	0040b112	Label	Global
LAB_0040b14b	0040b14b	Label	Global
LAB_0040b18a	0040b18a	Label	Global
LAB_0040b190	0040b190	Label	Global
LAB_0040b1c1	0040b1c1	Label	Global
FUN_0040b1f0	0040b1f0	Function	Global
LAB_0040b22a	0040b22a	Label	Global
FUN_0040b230	0040b230	Function	Global
LAB_0040b2c7	0040b2c7	Label	Global
LAB_0040b31b	0040b31b	Label	Global
FUN_0040b320	0040b320	Function	Global
LAB_0040b338	0040b338	Label	Global
FUN_0040b340	0040b340	Function	Global
LAB_0040b392	0040b392	Label	Global
FUN_0040b3a0	0040b3a0	Function	Global
switchD	0040b3bd	Label	switchD_0040b3bd
caseD_11	0040b3c4	Label	switchD_0040b3bd
caseD_12	0040b3cb	Label	switchD_0040b3bd
caseD_d	0040b3d2	Label	switchD_0040b3bd
LAB_0040b3d9	0040b3d9	Label	Global
switchD	0040b3ed	Label	switchD_0040b3ed
caseD_11	0040b3f4	Label	switchD_0040b3ed
caseD_12	0040b3fb	Label	switchD_0040b3ed
caseD_d	0040b402	Label	switchD_0040b3ed
caseD_24	0040b409	Label	switchD_0040b3ed
caseD_26	0040b410	Label	switchD_0040b3ed
caseD_21	0040b417	Label	switchD_0040b3ed
caseD_25	0040b41e	Label	switchD_0040b3ed
caseD_c	0040b425	Label	switchD_0040b3ed
caseD_27	0040b42c	Label	switchD_0040b3ed
caseD_23	0040b433	Label	switchD_0040b3ed
caseD_28	0040b43a	Label	switchD_0040b3ed
caseD_22	0040b441	Label	switchD_0040b3ed
caseD_2d	0040b448	Label	switchD_0040b3ed
caseD_2e	0040b44f	Label	switchD_0040b3ed
caseD_10	0040b456	Label	switchD_0040b3bd
caseD_e	0040b46f	Label	switchD_0040b3bd
switchdataD_0040b474	0040b474	Label	switchD_0040b3bd
switchdataD_0040b48c	0040b48c	Label	switchD_0040b3ed
PTR_caseD_2d_0040b4c0	0040b4c0	Label	Global
switchdataD_0040b4cc	0040b4cc	Label	switchD_0040b3ed
FUN_0040b4f0	0040b4f0	Function	Global
switchD	0040b526	Label	switchD_0040b526
caseD_a2	0040b52d	Label	switchD_0040b526
caseD_a5	0040b536	Label	switchD_0040b526
caseD_a1	0040b53d	Label	switchD_0040b526
LAB_0040b591	0040b591	Label	Global
switchD	0040b5b2	Label	switchD_0040b5b2
caseD_102	0040b5b9	Label	switchD_0040b5b2
LAB_0040b5dc	0040b5dc	Label	Global
caseD_104	0040b605	Label	switchD_0040b5b2
LAB_0040b626	0040b626	Label	Global
LAB_0040b648	0040b648	Label	Global
switchD	0040b65e	Label	switchD_0040b65e
caseD_11	0040b665	Label	switchD_0040b65e
caseD_90	0040b676	Label	switchD_0040b65e
caseD_14	0040b699	Label	switchD_0040b65e
caseD_91	0040b6b9	Label	switchD_0040b65e
caseD_2d	0040b6d9	Label	switchD_0040b65e
caseD_13	0040b6f2	Label	switchD_0040b65e
caseD_a5	0040b6fe	Label	switchD_0040b65e
LAB_0040b717	0040b717	Label	Global
caseD_12	0040b748	Label	switchD_0040b65e
LAB_0040b76a	0040b76a	Label	Global
LAB_0040b788	0040b788	Label	Global
LAB_0040b7a4	0040b7a4	Label	Global
LAB_0040b7b2	0040b7b2	Label	Global
caseD_101	0040b7ba	Label	switchD_0040b5b2
LAB_0040b7e8	0040b7e8	Label	Global
LAB_0040b827	0040b827	Label	Global
LAB_0040b85a	0040b85a	Label	Global
LAB_0040b868	0040b868	Label	Global
LAB_0040b870	0040b870	Label	Global
switchD	0040b87f	Label	switchD_0040b87f
caseD_203	0040b886	Label	switchD_0040b87f
caseD_201	0040b88d	Label	switchD_0040b87f
caseD_206	0040b896	Label	switchD_0040b87f
caseD_204	0040b89d	Label	switchD_0040b87f
caseD_202	0040b8a4	Label	switchD_0040b87f
default	0040b927	Label	switchD_0040b526
switchdataD_0040b92c	0040b92c	Label	switchD_0040b526
switchdataD_0040b944	0040b944	Label	switchD_0040b5b2
switchdataD_0040b95c	0040b95c	Label	switchD_0040b65e
PTR_caseD_2d_0040b968+3	0040b96b	Label	Global
switchdataD_0040b97c	0040b97c	Label	switchD_0040b65e
switchdataD_0040ba14	0040ba14	Label	switchD_0040b87f
FUN_0040ba30	0040ba30	Function	Global
LAB_0040ba5d	0040ba5d	Label	Global
LAB_0040ba6a	0040ba6a	Label	Global
switchD	0040baa4	Label	switchD_0040baa4
caseD_9	0040baab	Label	switchD_0040baa4
LAB_0040bafb	0040bafb	Label	Global
LAB_0040bb0d	0040bb0d	Label	Global
caseD_28	0040bb1f	Label	switchD_0040baa4
caseD_27	0040bb61	Label	switchD_0040baa4
switchD	0040bb92	Label	switchD_0040bb92
caseD_2	0040bb99	Label	switchD_0040bb92
caseD_26	0040bbab	Label	switchD_0040baa4
caseD_25	0040bbdc	Label	switchD_0040baa4
switchD	0040bc0d	Label	switchD_0040bc0d
caseD_2	0040bc14	Label	switchD_0040bc0d
caseD_d	0040bc26	Label	switchD_0040baa4
switchD	0040bc6c	Label	switchD_0040bc6c
caseD_2	0040bc73	Label	switchD_0040bc6c
caseD_b	0040bca2	Label	switchD_0040bc6c
caseD_5	0040bca9	Label	switchD_0040bc6c
LAB_0040bccb	0040bccb	Label	Global
LAB_0040bcec	0040bcec	Label	Global
caseD_a	0040bcf3	Label	switchD_0040baa4
LAB_0040bcfd	0040bcfd	Label	Global
caseD_46	0040bd5a	Label	switchD_0040baa4
LAB_0040bdfa	0040bdfa	Label	Global
LAB_0040be13	0040be13	Label	Global
LAB_0040be44	0040be44	Label	Global
LAB_0040be59	0040be59	Label	Global
caseD_72	0040be96	Label	switchD_0040baa4
LAB_0040bfba	0040bfba	Label	Global
caseD_1b	0040bfc7	Label	switchD_0040baa4
LAB_0040c03f	0040c03f	Label	Global
switchdataD_0040c050	0040c050	Label	switchD_0040baa4
PTR_caseD_46_0040c06c+3	0040c06f	Label	Global
switchdataD_0040c078	0040c078	Label	switchD_0040baa4
switchdataD_0040c0e4	0040c0e4	Label	switchD_0040bb92
switchdataD_0040c104	0040c104	Label	switchD_0040bc0d
switchdataD_0040c124	0040c124	Label	switchD_0040bc6c
PTR_caseD_5_0040c12c+2	0040c12e	Label	Global
switchdataD_0040c130	0040c130	Label	switchD_0040bc6c
FUN_0040c150	0040c150	Function	Global
LAB_0040c176	0040c176	Label	Global
LAB_0040c1ad	0040c1ad	Label	Global
FUN_0040c1d0	0040c1d0	Function	Global
LAB_0040c1ff	0040c1ff	Label	Global
LAB_0040c21f	0040c21f	Label	Global
LAB_0040c229	0040c229	Label	Global
LAB_0040c22f	0040c22f	Label	Global
LAB_0040c240	0040c240	Label	Global
LAB_0040c286	0040c286	Label	Global
LAB_0040c2ae	0040c2ae	Label	Global
LAB_0040c2da	0040c2da	Label	Global
LAB_0040c382	0040c382	Label	Global
LAB_0040c429	0040c429	Label	Global
LAB_0040c42f	0040c42f	Label	Global
switchD	0040c452	Label	switchD_0040c452
caseD_10	0040c459	Label	switchD_0040c452
LAB_0040c47f	0040c47f	Label	Global
LAB_0040c497	0040c497	Label	Global
caseD_f	0040c4ad	Label	switchD_0040c452
caseD_5	0040c4c5	Label	switchD_0040c452
caseD_3	0040c4fb	Label	switchD_0040c452
caseD_7	0040c520	Label	switchD_0040c452
LAB_0040c55b	0040c55b	Label	Global
LAB_0040c561	0040c561	Label	Global
LAB_0040c599	0040c599	Label	Global
LAB_0040c5ad	0040c5ad	Label	Global
LAB_0040c5c4	0040c5c4	Label	Global
caseD_1c	0040c5e1	Label	switchD_0040c452
LAB_0040c678	0040c678	Label	Global
LAB_0040c691	0040c691	Label	Global
caseD_20	0040c6aa	Label	switchD_0040c452
caseD_14	0040c70b	Label	switchD_0040c452
LAB_0040c73e	0040c73e	Label	Global
caseD_2b	0040c750	Label	switchD_0040c452
LAB_0040c83c	0040c83c	Label	Global
LAB_0040c869	0040c869	Label	Global
LAB_0040c87d	0040c87d	Label	Global
LAB_0040c881	0040c881	Label	Global
LAB_0040c8da	0040c8da	Label	Global
LAB_0040c984	0040c984	Label	Global
LAB_0040c99a	0040c99a	Label	Global
LAB_0040c9ef	0040c9ef	Label	Global
LAB_0040ca13	0040ca13	Label	Global
LAB_0040ca82	0040ca82	Label	Global
LAB_0040ca89	0040ca89	Label	Global
LAB_0040ca8c	0040ca8c	Label	Global
LAB_0040cabc	0040cabc	Label	Global
LAB_0040cac3	0040cac3	Label	Global
LAB_0040cac6	0040cac6	Label	Global
LAB_0040cb00	0040cb00	Label	Global
LAB_0040cba8	0040cba8	Label	Global
LAB_0040cbaf	0040cbaf	Label	Global
LAB_0040cbb4	0040cbb4	Label	Global
LAB_0040cbe7	0040cbe7	Label	Global
LAB_0040cbff	0040cbff	Label	Global
LAB_0040cc15	0040cc15	Label	Global
LAB_0040cc27	0040cc27	Label	Global
LAB_0040cc4e	0040cc4e	Label	Global
LAB_0040cc63	0040cc63	Label	Global
switchD	0040cc8f	Label	switchD_0040cc8f
caseD_111	0040cc96	Label	switchD_0040cc8f
switchD	0040ccc1	Label	switchD_0040ccc1
caseD_3	0040ccc8	Label	switchD_0040ccc1
LAB_0040ccfb	0040ccfb	Label	Global
caseD_1	0040cd06	Label	switchD_0040ccc1
caseD_0	0040cd3d	Label	switchD_0040ccc1
LAB_0040cd84	0040cd84	Label	Global
LAB_0040cda8	0040cda8	Label	Global
LAB_0040cdaa	0040cdaa	Label	Global
LAB_0040cdc1	0040cdc1	Label	Global
LAB_0040cde1	0040cde1	Label	Global
caseD_114	0040ce35	Label	switchD_0040cc8f
LAB_0040ce56	0040ce56	Label	Global
LAB_0040ce7d	0040ce7d	Label	Global
LAB_0040ceac	0040ceac	Label	Global
LAB_0040ced5	0040ced5	Label	Global
LAB_0040cf35	0040cf35	Label	Global
switchD	0040cf49	Label	switchD_0040cf49
caseD_6	0040cf50	Label	switchD_0040cf49
caseD_7	0040cf54	Label	switchD_0040cf49
caseD_0	0040cf5a	Label	switchD_0040cf49
caseD_1	0040cf60	Label	switchD_0040cf49
caseD_2	0040cf65	Label	switchD_0040cf49
caseD_3	0040cf6b	Label	switchD_0040cf49
caseD_4	0040cf70	Label	switchD_0040cf49
LAB_0040cf75	0040cf75	Label	Global
default	0040cf79	Label	switchD_0040cf49
LAB_0040cf81	0040cf81	Label	Global
LAB_0040cf87	0040cf87	Label	Global
LAB_0040cf91	0040cf91	Label	Global
LAB_0040cfc8	0040cfc8	Label	Global
caseD_7e	0040cff3	Label	switchD_0040cc8f
caseD_112	0040d00a	Label	switchD_0040cc8f
LAB_0040d058	0040d058	Label	Global
LAB_0040d0cc	0040d0cc	Label	Global
LAB_0040d0e7	0040d0e7	Label	Global
LAB_0040d10e	0040d10e	Label	Global
LAB_0040d11f	0040d11f	Label	Global
LAB_0040d12f	0040d12f	Label	Global
LAB_0040d141	0040d141	Label	Global
caseD_4	0040d148	Label	switchD_0040c452
LAB_0040d174	0040d174	Label	Global
LAB_0040d198	0040d198	Label	Global
caseD_2	0040d19f	Label	switchD_0040ccc1
switchdataD_0040d1b0	0040d1b0	Label	switchD_0040c452
PTR_caseD_4_0040d1d4+1	0040d1d5	Label	Global
switchdataD_0040d1d8	0040d1d8	Label	switchD_0040c452
switchdataD_0040d204	0040d204	Label	switchD_0040cc8f
switchdataD_0040d218	0040d218	Label	switchD_0040cc8f
switchdataD_0040d2b0	0040d2b0	Label	switchD_0040ccc1
switchdataD_0040d2cc	0040d2cc	Label	switchD_0040cf49
FUN_0040d2f0	0040d2f0	Function	Global
LAB_0040d2fc	0040d2fc	Label	Global
LAB_0040d317	0040d317	Label	Global
LAB_0040d331	0040d331	Label	Global
FUN_0040d340	0040d340	Function	Global
LAB_0040d361	0040d361	Label	Global
FUN_0040d370	0040d370	Function	Global
FUN_0040d3a0	0040d3a0	Function	Global
LAB_0040d3ae	0040d3ae	Label	Global
LAB_0040d3b6	0040d3b6	Label	Global
LAB_0040d3c5	0040d3c5	Label	Global
LAB_0040d3cf	0040d3cf	Label	Global
LAB_0040d3dc	0040d3dc	Label	Global
LAB_0040d402	0040d402	Label	Global
LAB_0040d404	0040d404	Label	Global
FUN_0040d410	0040d410	Function	Global
LAB_0040d435	0040d435	Label	Global
LAB_0040d465	0040d465	Label	Global
FUN_0040d470	0040d470	Function	Global
LAB_0040d487	0040d487	Label	Global
LAB_0040d492	0040d492	Label	Global
LAB_0040d4a4	0040d4a4	Label	Global
LAB_0040d4f3	0040d4f3	Label	Global
LAB_0040d506	0040d506	Label	Global
LAB_0040d50d	0040d50d	Label	Global
LAB_0040d540	0040d540	Label	Global
LAB_0040d55b	0040d55b	Label	Global
LAB_0040d562	0040d562	Label	Global
LAB_0040d586	0040d586	Label	Global
LAB_0040d58d	0040d58d	Label	Global
LAB_0040d5af	0040d5af	Label	Global
LAB_0040d5be	0040d5be	Label	Global
LAB_0040d5d3	0040d5d3	Label	Global
LAB_0040d5da	0040d5da	Label	Global
LAB_0040d602	0040d602	Label	Global
FUN_0040d610	0040d610	Function	Global
LAB_0040d62b	0040d62b	Label	Global
LAB_0040d657	0040d657	Label	Global
LAB_0040d666	0040d666	Label	Global
FUN_0040d670	0040d670	Function	Global
LAB_0040d6a1	0040d6a1	Label	Global
LAB_0040d6bc	0040d6bc	Label	Global
LAB_0040d6bf	0040d6bf	Label	Global
FUN_0040d6d0	0040d6d0	Function	Global
LAB_0040d6ef	0040d6ef	Label	Global
LAB_0040d6f4	0040d6f4	Label	Global
LAB_0040d72d	0040d72d	Label	Global
LAB_0040d741	0040d741	Label	Global
LAB_0040d74f	0040d74f	Label	Global
LAB_0040d768	0040d768	Label	Global
LAB_0040d776	0040d776	Label	Global
FUN_0040d7a0	0040d7a0	Function	Global
LAB_0040d7eb	0040d7eb	Label	Global
LAB_0040d7f8	0040d7f8	Label	Global
LAB_0040d7fb	0040d7fb	Label	Global
LAB_0040d802	0040d802	Label	Global
LAB_0040d813	0040d813	Label	Global
LAB_0040d840	0040d840	Label	Global
LAB_0040d85b	0040d85b	Label	Global
LAB_0040d861	0040d861	Label	Global
FUN_0040d870	0040d870	Function	Global
LAB_0040d884	0040d884	Label	Global
LAB_0040d8a9	0040d8a9	Label	Global
LAB_0040d8c8	0040d8c8	Label	Global
LAB_0040d8d4	0040d8d4	Label	Global
LAB_0040d8fb	0040d8fb	Label	Global
LAB_0040d916	0040d916	Label	Global
FUN_0040d940	0040d940	Function	Global
LAB_0040d95f	0040d95f	Label	Global
LAB_0040d96c	0040d96c	Label	Global
LAB_0040d971	0040d971	Label	Global
LAB_0040d978	0040d978	Label	Global
LAB_0040d9ab	0040d9ab	Label	Global
FUN_0040d9b0	0040d9b0	Function	Global
FUN_0040d9c0	0040d9c0	Function	Global
FUN_0040d9f0	0040d9f0	Function	Global
LAB_0040da3e	0040da3e	Label	Global
LAB_0040da47	0040da47	Label	Global
LAB_0040da65	0040da65	Label	Global
LAB_0040daa1	0040daa1	Label	Global
LAB_0040dac4	0040dac4	Label	Global
LAB_0040dafb	0040dafb	Label	Global
LAB_0040db07	0040db07	Label	Global
LAB_0040db2e	0040db2e	Label	Global
LAB_0040db3e	0040db3e	Label	Global
LAB_0040db40	0040db40	Label	Global
LAB_0040db57	0040db57	Label	Global
FUN_0040db61	0040db61	Function	Global
LAB_0040dbe6	0040dbe6	Label	Global
LAB_0040dc1c	0040dc1c	Label	Global
LAB_0040dc63	0040dc63	Label	Global
LAB_0040dc7b	0040dc7b	Label	Global
LAB_0040dc98	0040dc98	Label	Global
LAB_0040dca9	0040dca9	Label	Global
LAB_0040dcab	0040dcab	Label	Global
LAB_0040dcb0	0040dcb0	Label	Global
LAB_0040dcc2	0040dcc2	Label	Global
LAB_0040dcf4	0040dcf4	Label	Global
LAB_0040dcfd	0040dcfd	Label	Global
LAB_0040dd06	0040dd06	Label	Global
LAB_0040dd0f	0040dd0f	Label	Global
LAB_0040dd18	0040dd18	Label	Global
LAB_0040dd21	0040dd21	Label	Global
LAB_0040dd47	0040dd47	Label	Global
LAB_0040dd50	0040dd50	Label	Global
LAB_0040dd59	0040dd59	Label	Global
LAB_0040dd60	0040dd60	Label	Global
LAB_0040dd68	0040dd68	Label	Global
LAB_0040ddb3	0040ddb3	Label	Global
LAB_0040dddc	0040dddc	Label	Global
LAB_0040de05	0040de05	Label	Global
FUN_0040de20	0040de20	Function	Global
LAB_0040de2d	0040de2d	Label	Global
LAB_0040de3e	0040de3e	Label	Global
LAB_0040de43	0040de43	Label	Global
LAB_0040de49	0040de49	Label	Global
LAB_0040de9b	0040de9b	Label	Global
LAB_0040deaf	0040deaf	Label	Global
LAB_0040debe	0040debe	Label	Global
LAB_0040decc	0040decc	Label	Global
LAB_0040dee1	0040dee1	Label	Global
LAB_0040def5	0040def5	Label	Global
LAB_0040df04	0040df04	Label	Global
LAB_0040df12	0040df12	Label	Global
LAB_0040df27	0040df27	Label	Global
LAB_0040df3b	0040df3b	Label	Global
LAB_0040df4a	0040df4a	Label	Global
LAB_0040df58	0040df58	Label	Global
LAB_0040df6d	0040df6d	Label	Global
LAB_0040df81	0040df81	Label	Global
LAB_0040df90	0040df90	Label	Global
LAB_0040df9e	0040df9e	Label	Global
LAB_0040dfb3	0040dfb3	Label	Global
LAB_0040dfc7	0040dfc7	Label	Global
LAB_0040dfd6	0040dfd6	Label	Global
LAB_0040dfe4	0040dfe4	Label	Global
LAB_0040dff9	0040dff9	Label	Global
LAB_0040e00d	0040e00d	Label	Global
LAB_0040e01c	0040e01c	Label	Global
LAB_0040e02a	0040e02a	Label	Global
LAB_0040e061	0040e061	Label	Global
LAB_0040e075	0040e075	Label	Global
LAB_0040e084	0040e084	Label	Global
LAB_0040e092	0040e092	Label	Global
LAB_0040e0a7	0040e0a7	Label	Global
LAB_0040e0bb	0040e0bb	Label	Global
LAB_0040e0ca	0040e0ca	Label	Global
LAB_0040e0d5	0040e0d5	Label	Global
LAB_0040e0ed	0040e0ed	Label	Global
LAB_0040e102	0040e102	Label	Global
LAB_0040e116	0040e116	Label	Global
LAB_0040e125	0040e125	Label	Global
LAB_0040e12e	0040e12e	Label	Global
LAB_0040e142	0040e142	Label	Global
LAB_0040e152	0040e152	Label	Global
LAB_0040e18f	0040e18f	Label	Global
LAB_0040e1bc	0040e1bc	Label	Global
LAB_0040e1e9	0040e1e9	Label	Global
LAB_0040e216	0040e216	Label	Global
LAB_0040e243	0040e243	Label	Global
LAB_0040e270	0040e270	Label	Global
LAB_0040e29d	0040e29d	Label	Global
LAB_0040e2ca	0040e2ca	Label	Global
LAB_0040e2f7	0040e2f7	Label	Global
LAB_0040e321	0040e321	Label	Global
FUN_0040e328	0040e328	Function	Global
LAB_0040e334	0040e334	Label	Global
LAB_0040e371	0040e371	Label	Global
LAB_0040e394	0040e394	Label	Global
LAB_0040e3a5	0040e3a5	Label	Global
LAB_0040e3f4	0040e3f4	Label	Global
LAB_0040e407	0040e407	Label	Global
LAB_0040e40d	0040e40d	Label	Global
FUN_0040e410	0040e410	Function	Global
FUN_0040e421	0040e421	Function	Global
FUN_0040e434	0040e434	Function	Global
LAB_0040e461	0040e461	Label	Global
FUN_0040e494	0040e494	Function	Global
LAB_0040e4d4	0040e4d4	Label	Global
LAB_0040e586	0040e586	Label	Global
LAB_0040e597	0040e597	Label	Global
LAB_0040e59e	0040e59e	Label	Global
LAB_0040e5c1	0040e5c1	Label	Global
LAB_0040e5f3	0040e5f3	Label	Global
switchD	0040e61f	Label	switchD_0040e61f
caseD_6	0040e626	Label	switchD_0040e61f
LAB_0040e630	0040e630	Label	Global
LAB_0040e64f	0040e64f	Label	Global
LAB_0040e66e	0040e66e	Label	Global
LAB_0040e68d	0040e68d	Label	Global
LAB_0040e6ac	0040e6ac	Label	Global
LAB_0040e6cb	0040e6cb	Label	Global
LAB_0040e6ea	0040e6ea	Label	Global
LAB_0040e709	0040e709	Label	Global
LAB_0040e728	0040e728	Label	Global
LAB_0040e730	0040e730	Label	Global
caseD_8	0040e737	Label	switchD_0040e61f
caseD_9	0040e73e	Label	switchD_0040e61f
caseD_c	0040e745	Label	switchD_0040e61f
caseD_a	0040e74c	Label	switchD_0040e61f
caseD_7	0040e753	Label	switchD_0040e61f
caseD_d	0040e75a	Label	switchD_0040e61f
caseD_b	0040e761	Label	switchD_0040e61f
caseD_e	0040e768	Label	switchD_0040e61f
LAB_0040e76d	0040e76d	Label	Global
LAB_0040e79e	0040e79e	Label	Global
default	0040e7a8	Label	switchD_0040e61f
LAB_0040e7c5	0040e7c5	Label	Global
LAB_0040e7c8	0040e7c8	Label	Global
LAB_0040e815	0040e815	Label	Global
LAB_0040e85f	0040e85f	Label	Global
LAB_0040e873	0040e873	Label	Global
LAB_0040e896	0040e896	Label	Global
LAB_0040e899	0040e899	Label	Global
LAB_0040e8af	0040e8af	Label	Global
LAB_0040e8cd	0040e8cd	Label	Global
LAB_0040e8df	0040e8df	Label	Global
switchdataD_0040e8e4	0040e8e4	Label	switchD_0040e61f
PTR_caseD_7_0040e8e8	0040e8e8	Label	Global
LAB_0040e908	0040e908	Label	Global
switchD	0040e946	Label	switchD_0040e946
caseD_2	0040e94d	Label	switchD_0040e946
LAB_0040e97d	0040e97d	Label	Global
caseD_6	0040e984	Label	switchD_0040e946
LAB_0040e99b	0040e99b	Label	Global
caseD_9	0040e9ab	Label	switchD_0040e946
caseD_b	0040e9b5	Label	switchD_0040e946
LAB_0040e9bb	0040e9bb	Label	Global
caseD_2b	0040e9c1	Label	switchD_0040e946
LAB_0040e9fa	0040e9fa	Label	Global
LAB_0040ea00	0040ea00	Label	Global
LAB_0040ea08	0040ea08	Label	Global
LAB_0040ea11	0040ea11	Label	Global
LAB_0040ea4e	0040ea4e	Label	Global
LAB_0040ea59	0040ea59	Label	Global
LAB_0040ea5f	0040ea5f	Label	Global
caseD_2c	0040ea67	Label	switchD_0040e946
LAB_0040eaa2	0040eaa2	Label	Global
LAB_0040eaa9	0040eaa9	Label	Global
LAB_0040eab1	0040eab1	Label	Global
LAB_0040eaec	0040eaec	Label	Global
LAB_0040eaf7	0040eaf7	Label	Global
caseD_2d	0040eb04	Label	switchD_0040e946
LAB_0040eb3f	0040eb3f	Label	Global
LAB_0040eb46	0040eb46	Label	Global
LAB_0040eb51	0040eb51	Label	Global
LAB_0040eb8c	0040eb8c	Label	Global
LAB_0040eb97	0040eb97	Label	Global
caseD_2e	0040eba4	Label	switchD_0040e946
LAB_0040ebdf	0040ebdf	Label	Global
LAB_0040ebe6	0040ebe6	Label	Global
LAB_0040ebf1	0040ebf1	Label	Global
LAB_0040ec2c	0040ec2c	Label	Global
LAB_0040ec37	0040ec37	Label	Global
caseD_2f	0040ec44	Label	switchD_0040e946
caseD_30	0040ec54	Label	switchD_0040e946
LAB_0040ec8f	0040ec8f	Label	Global
LAB_0040ec96	0040ec96	Label	Global
LAB_0040eca1	0040eca1	Label	Global
LAB_0040ecdc	0040ecdc	Label	Global
LAB_0040ece7	0040ece7	Label	Global
caseD_31	0040ecf4	Label	switchD_0040e946
LAB_0040ed2f	0040ed2f	Label	Global
LAB_0040ed36	0040ed36	Label	Global
LAB_0040ed41	0040ed41	Label	Global
LAB_0040ed7c	0040ed7c	Label	Global
LAB_0040ed87	0040ed87	Label	Global
caseD_33	0040ed94	Label	switchD_0040e946
LAB_0040edcf	0040edcf	Label	Global
LAB_0040edd6	0040edd6	Label	Global
LAB_0040ede1	0040ede1	Label	Global
LAB_0040ee1c	0040ee1c	Label	Global
LAB_0040ee27	0040ee27	Label	Global
caseD_3a	0040ee34	Label	switchD_0040e946
caseD_3b	0040ee3e	Label	switchD_0040e946
caseD_3c	0040ee48	Label	switchD_0040e946
caseD_3d	0040ee52	Label	switchD_0040e946
caseD_3f	0040ee5c	Label	switchD_0040e946
LAB_0040ee9a	0040ee9a	Label	Global
LAB_0040eea6	0040eea6	Label	Global
LAB_0040eee6	0040eee6	Label	Global
caseD_44	0040eef6	Label	switchD_0040e946
caseD_45	0040ef00	Label	switchD_0040e946
caseD_46	0040ef0a	Label	switchD_0040e946
caseD_47	0040ef14	Label	switchD_0040e946
caseD_48	0040ef1e	Label	switchD_0040e946
LAB_0040ef23	0040ef23	Label	Global
caseD_49	0040ef2e	Label	switchD_0040e946
caseD_4a	0040ef38	Label	switchD_0040e946
caseD_4c	0040ef3f	Label	switchD_0040e946
LAB_0040ef44	0040ef44	Label	Global
caseD_4d	0040ef4f	Label	switchD_0040e946
LAB_0040ef54	0040ef54	Label	Global
caseD_4e	0040ef5f	Label	switchD_0040e946
caseD_4f	0040ef66	Label	switchD_0040e946
caseD_50	0040ef6d	Label	switchD_0040e946
caseD_51	0040ef74	Label	switchD_0040e946
caseD_52	0040ef7b	Label	switchD_0040e946
caseD_53	0040ef82	Label	switchD_0040e946
caseD_7a	0040ef89	Label	switchD_0040e946
caseD_f6	0040efa8	Label	switchD_0040e946
LAB_0040efe3	0040efe3	Label	Global
LAB_0040efea	0040efea	Label	Global
LAB_0040eff5	0040eff5	Label	Global
LAB_0040f030	0040f030	Label	Global
LAB_0040f03b	0040f03b	Label	Global
caseD_f7	0040f048	Label	switchD_0040e946
caseD_ed	0040f068	Label	switchD_0040e946
caseD_ee	0040f072	Label	switchD_0040e946
caseD_fa	0040f07c	Label	switchD_0040e946
LAB_0040f0ba	0040f0ba	Label	Global
LAB_0040f0c6	0040f0c6	Label	Global
LAB_0040f106	0040f106	Label	Global
caseD_fb	0040f116	Label	switchD_0040e946
LAB_0040f154	0040f154	Label	Global
LAB_0040f160	0040f160	Label	Global
LAB_0040f1a0	0040f1a0	Label	Global
caseD_fc	0040f1b0	Label	switchD_0040e946
LAB_0040f1ee	0040f1ee	Label	Global
LAB_0040f1fa	0040f1fa	Label	Global
LAB_0040f23a	0040f23a	Label	Global
caseD_27c	0040f24a	Label	switchD_0040e946
LAB_0040f288	0040f288	Label	Global
LAB_0040f294	0040f294	Label	Global
LAB_0040f2d4	0040f2d4	Label	Global
caseD_27d	0040f2e4	Label	switchD_0040e946
LAB_0040f322	0040f322	Label	Global
LAB_0040f32e	0040f32e	Label	Global
LAB_0040f36e	0040f36e	Label	Global
caseD_fe	0040f37e	Label	switchD_0040e946
LAB_0040f3b9	0040f3b9	Label	Global
LAB_0040f3c0	0040f3c0	Label	Global
LAB_0040f3cb	0040f3cb	Label	Global
LAB_0040f406	0040f406	Label	Global
LAB_0040f411	0040f411	Label	Global
caseD_100	0040f41e	Label	switchD_0040e946
LAB_0040f457	0040f457	Label	Global
caseD_101	0040f493	Label	switchD_0040e946
LAB_0040f4cc	0040f4cc	Label	Global
caseD_104	0040f508	Label	switchD_0040e946
caseD_105	0040f512	Label	switchD_0040e946
caseD_106	0040f51c	Label	switchD_0040e946
caseD_107	0040f526	Label	switchD_0040e946
caseD_108	0040f530	Label	switchD_0040e946
caseD_109	0040f53a	Label	switchD_0040e946
caseD_10a	0040f544	Label	switchD_0040e946
caseD_10b	0040f54e	Label	switchD_0040e946
caseD_10c	0040f558	Label	switchD_0040e946
caseD_10d	0040f562	Label	switchD_0040e946
caseD_10e	0040f56c	Label	switchD_0040e946
caseD_10f	0040f576	Label	switchD_0040e946
caseD_110	0040f580	Label	switchD_0040e946
caseD_111	0040f58a	Label	switchD_0040e946
caseD_112	0040f594	Label	switchD_0040e946
caseD_113	0040f59e	Label	switchD_0040e946
caseD_126	0040f5a8	Label	switchD_0040e946
LAB_0040f5ad	0040f5ad	Label	Global
caseD_127	0040f5b8	Label	switchD_0040e946
caseD_12b	0040f5bf	Label	switchD_0040e946
caseD_12c	0040f634	Label	switchD_0040e946
caseD_2ca	0040f653	Label	switchD_0040e946
caseD_131	0040f65d	Label	switchD_0040e946
caseD_134	0040f6b4	Label	switchD_0040e946
caseD_139	0040f731	Label	switchD_0040e946
caseD_13e	0040f7ae	Label	switchD_0040e946
caseD_143	0040f820	Label	switchD_0040e946
caseD_146	0040f864	Label	switchD_0040e946
caseD_14a	0040f8ce	Label	switchD_0040e946
caseD_14e	0040f925	Label	switchD_0040e946
FUN_0040f990	0040f990	Function	Global
caseD_155	0040f9b5	Label	switchD_0040e946
caseD_15b	0040fa0c	Label	switchD_0040e946
caseD_15c	0040fa16	Label	switchD_0040e946
caseD_162	0040fa20	Label	switchD_0040e946
caseD_163	0040fa2a	Label	switchD_0040e946
caseD_164	0040fa34	Label	switchD_0040e946
caseD_165	0040fa3e	Label	switchD_0040e946
caseD_16f	0040fa48	Label	switchD_0040e946
LAB_0040fb1f	0040fb1f	Label	Global
caseD_181	0040fb27	Label	switchD_0040e946
caseD_182	0040fb31	Label	switchD_0040e946
caseD_183	0040fb3b	Label	switchD_0040e946
caseD_85	0040fbc8	Label	switchD_0040e946
caseD_194	0040fbd2	Label	switchD_0040e946
caseD_19a	0040fc39	Label	switchD_0040e946
LAB_0040fc3e	0040fc3e	Label	Global
caseD_19b	0040fc49	Label	switchD_0040e946
caseD_19c	0040fc50	Label	switchD_0040e946
caseD_19d	0040fc5a	Label	switchD_0040e946
caseD_19f	0040fc79	Label	switchD_0040e946
caseD_1ab	0040fc83	Label	switchD_0040e946
caseD_1ac	0040fcb0	Label	switchD_0040e946
caseD_1ad	0040fcba	Label	switchD_0040e946
caseD_211	0040fcd9	Label	switchD_0040e946
caseD_1b1	0040fcf8	Label	switchD_0040e946
caseD_1b2	0040fd02	Label	switchD_0040e946
caseD_1b4	0040fd0c	Label	switchD_0040e946
caseD_1b7	0040fd16	Label	switchD_0040e946
caseD_1b8	0040fd20	Label	switchD_0040e946
caseD_1b9	0040fd2a	Label	switchD_0040e946
caseD_1bb	0040fd34	Label	switchD_0040e946
caseD_1be	0040fd3e	Label	switchD_0040e946
caseD_1c0	0040fd48	Label	switchD_0040e946
caseD_1c1	0040fd52	Label	switchD_0040e946
caseD_1c2	0040fd5c	Label	switchD_0040e946
caseD_1c3	0040fd66	Label	switchD_0040e946
caseD_1c6	0040fd70	Label	switchD_0040e946
caseD_1c7	0040fd7a	Label	switchD_0040e946
caseD_1c8	0040fd84	Label	switchD_0040e946
caseD_1ca	0040fd8e	Label	switchD_0040e946
caseD_1ce	0040fd98	Label	switchD_0040e946
caseD_1cf	0040fda2	Label	switchD_0040e946
caseD_1d0	0040fdac	Label	switchD_0040e946
caseD_1d2	0040fdb6	Label	switchD_0040e946
caseD_1d3	0040fdc0	Label	switchD_0040e946
caseD_1d4	0040fdca	Label	switchD_0040e946
caseD_1d5	0040fdd4	Label	switchD_0040e946
caseD_1d6	0040fdde	Label	switchD_0040e946
caseD_1d7	0040fde8	Label	switchD_0040e946
caseD_1d8	0040fdf2	Label	switchD_0040e946
caseD_1d9	0040fdfc	Label	switchD_0040e946
caseD_37a	0040fe06	Label	switchD_0040e946
caseD_1da	0040fe10	Label	switchD_0040e946
caseD_1db	0040fe1a	Label	switchD_0040e946
caseD_1dc	0040fe24	Label	switchD_0040e946
caseD_2d9	0040fe2e	Label	switchD_0040e946
caseD_1e1	0040fe38	Label	switchD_0040e946
caseD_1e2	0040fe42	Label	switchD_0040e946
caseD_1e4	0040fe4c	Label	switchD_0040e946
caseD_1fc	0040fe56	Label	switchD_0040e946
caseD_1fd	0040fe60	Label	switchD_0040e946
caseD_1fe	0040fe6a	Label	switchD_0040e946
caseD_202	0040fe74	Label	switchD_0040e946
caseD_203	0040fe7e	Label	switchD_0040e946
caseD_1dd	0040fe88	Label	switchD_0040e946
caseD_1de	0040fe92	Label	switchD_0040e946
caseD_1df	0040fe9c	Label	switchD_0040e946
caseD_1e0	0040feac	Label	switchD_0040e946
caseD_278	0040feb6	Label	switchD_0040e946
caseD_205	0040fec6	Label	switchD_0040e946
LAB_0040ff1b	0040ff1b	Label	Global
caseD_23a	0040ff29	Label	switchD_0040e946
caseD_23b	0040ff33	Label	switchD_0040e946
caseD_23c	0040ff3d	Label	switchD_0040e946
caseD_23d	0040ff47	Label	switchD_0040e946
caseD_23e	0040ff51	Label	switchD_0040e946
caseD_23f	0040ff5b	Label	switchD_0040e946
caseD_240	0040ff65	Label	switchD_0040e946
caseD_241	0040ff6f	Label	switchD_0040e946
caseD_243	0040ff79	Label	switchD_0040e946
caseD_f5	0040ff83	Label	switchD_0040e946
caseD_246	0040ff8d	Label	switchD_0040e946
caseD_247	0040ff97	Label	switchD_0040e946
caseD_251	0040ffa1	Label	switchD_0040e946
caseD_252	0040ffab	Label	switchD_0040e946
caseD_258	0040ffb5	Label	switchD_0040e946
caseD_254	0040ffbf	Label	switchD_0040e946
caseD_255	0040ffc9	Label	switchD_0040e946
caseD_256	0040ffd3	Label	switchD_0040e946
caseD_257	0040ffdd	Label	switchD_0040e946
caseD_2e5	0040ffe7	Label	switchD_0040e946
caseD_2e6	0040fff1	Label	switchD_0040e946
caseD_259	0040fffb	Label	switchD_0040e946
caseD_25a	0041001a	Label	switchD_0040e946
caseD_263	00410039	Label	switchD_0040e946
caseD_264	00410058	Label	switchD_0040e946
caseD_26c	00410062	Label	switchD_0040e946
caseD_26d	00410081	Label	switchD_0040e946
caseD_2be	004100a0	Label	switchD_0040e946
caseD_2bf	004100aa	Label	switchD_0040e946
caseD_2c0	004100c9	Label	switchD_0040e946
caseD_2c1	004100e8	Label	switchD_0040e946
caseD_2c2	00410107	Label	switchD_0040e946
caseD_2c3	00410126	Label	switchD_0040e946
caseD_2c4	00410130	Label	switchD_0040e946
caseD_2c6	0041013a	Label	switchD_0040e946
caseD_2c7	00410144	Label	switchD_0040e946
caseD_270	0041014e	Label	switchD_0040e946
caseD_271	00410158	Label	switchD_0040e946
caseD_274	0041015f	Label	switchD_0040e946
caseD_276	0041017b	Label	switchD_0040e946
caseD_2bc	00410185	Label	switchD_0040e946
caseD_27e	0041018f	Label	switchD_0040e946
caseD_27f	004101ab	Label	switchD_0040e946
caseD_280	004101b2	Label	switchD_0040e946
caseD_281	004101bc	Label	switchD_0040e946
LAB_004101d6	004101d6	Label	Global
LAB_004101db	004101db	Label	Global
caseD_2ae	004101e1	Label	switchD_0040e946
caseD_2e7	004101eb	Label	switchD_0040e946
caseD_2e8	004101f5	Label	switchD_0040e946
caseD_18d	004101ff	Label	switchD_0040e946
caseD_f2	00410209	Label	switchD_0040e946
caseD_f3	00410213	Label	switchD_0040e946
caseD_2ed	0041021d	Label	switchD_0040e946
caseD_302	00410227	Label	switchD_0040e946
caseD_303	00410231	Label	switchD_0040e946
caseD_304	0041023b	Label	switchD_0040e946
caseD_305	00410245	Label	switchD_0040e946
caseD_309	0041024f	Label	switchD_0040e946
caseD_3ad	00410259	Label	switchD_0040e946
caseD_2ef	00410263	Label	switchD_0040e946
caseD_300	0041026d	Label	switchD_0040e946
caseD_31b	00410277	Label	switchD_0040e946
caseD_31a	00410281	Label	switchD_0040e946
caseD_375	0041028b	Label	switchD_0040e946
caseD_3b0	00410295	Label	switchD_0040e946
caseD_3b2	0041029f	Label	switchD_0040e946
caseD_3bb	004102a9	Label	switchD_0040e946
LAB_004102ae	004102ae	Label	Global
LAB_004102b4	004102b4	Label	Global
caseD_3	004102ba	Label	switchD_0040e946
LAB_004102bc	004102bc	Label	Global
switchdataD_004102bf	004102bf	Label	switchD_0040e946
PTR_caseD_3_004105ff+2	00410601	Label	Global
switchdataD_00410603	00410603	Label	switchD_0040e946
FUN_004109bd	004109bd	Function	Global
LAB_004109f1	004109f1	Label	Global
LAB_00410a26	00410a26	Label	Global
LAB_00410a2e	00410a2e	Label	Global
LAB_00410a39	00410a39	Label	Global
FUN_00410a52	00410a52	Function	Global
LAB_00410a5e	00410a5e	Label	Global
LAB_00410a65	00410a65	Label	Global
LAB_00410ac2	00410ac2	Label	Global
LAB_00410acc	00410acc	Label	Global
LAB_00410ad6	00410ad6	Label	Global
LAB_00410ae8	00410ae8	Label	Global
LAB_00410b21	00410b21	Label	Global
LAB_00410b2c	00410b2c	Label	Global
LAB_00410b33	00410b33	Label	Global
LAB_00410b40	00410b40	Label	Global
LAB_00410b84	00410b84	Label	Global
LAB_00410b9f	00410b9f	Label	Global
LAB_00410ba9	00410ba9	Label	Global
LAB_00410bd4	00410bd4	Label	Global
LAB_00410c08	00410c08	Label	Global
LAB_00410c13	00410c13	Label	Global
LAB_00410c1a	00410c1a	Label	Global
LAB_00410c44	00410c44	Label	Global
LAB_00410c49	00410c49	Label	Global
LAB_00410c4e	00410c4e	Label	Global
LAB_00410c4f	00410c4f	Label	Global
LAB_00410c51	00410c51	Label	Global
FUN_00410c54	00410c54	Function	Global
FUN_00410c69	00410c69	Function	Global
FUN_00410c80	00410c80	Function	Global
LAB_00410cbd	00410cbd	Label	Global
FUN_00410cc7	00410cc7	Function	Global
LAB_00410cf5	00410cf5	Label	Global
LAB_00410d1a	00410d1a	Label	Global
LAB_00410d22	00410d22	Label	Global
LAB_00410d2d	00410d2d	Label	Global
FUN_00410d31	00410d31	Function	Global
default	00410d3d	Label	switchD_00410d7e
LAB_00410d44	00410d44	Label	Global
switchD	00410d7e	Label	switchD_00410d7e
caseD_0	00410d85	Label	switchD_00410d7e
LAB_00410d8f	00410d8f	Label	Global
LAB_00410d95	00410d95	Label	Global
caseD_1	00410da2	Label	switchD_00410d7e
caseD_2	00410dae	Label	switchD_00410d7e
caseD_3	00410dba	Label	switchD_00410d7e
caseD_4	00410dc6	Label	switchD_00410d7e
caseD_5	00410dd2	Label	switchD_00410d7e
caseD_6	00410dde	Label	switchD_00410d7e
caseD_7	00410dea	Label	switchD_00410d7e
caseD_8	00410df6	Label	switchD_00410d7e
LAB_00410e00	00410e00	Label	Global
caseD_9	00410e08	Label	switchD_00410d7e
LAB_00410e13	00410e13	Label	Global
LAB_00410e1a	00410e1a	Label	Global
LAB_00410e27	00410e27	Label	Global
LAB_00410e97	00410e97	Label	Global
LAB_00410ea1	00410ea1	Label	Global
LAB_00410eab	00410eab	Label	Global
LAB_00410eb5	00410eb5	Label	Global
LAB_00410ef3	00410ef3	Label	Global
LAB_00410eff	00410eff	Label	Global
LAB_00410f46	00410f46	Label	Global
LAB_00410f64	00410f64	Label	Global
LAB_00410f6e	00410f6e	Label	Global
LAB_00410f93	00410f93	Label	Global
LAB_00410fa8	00410fa8	Label	Global
LAB_00410fb7	00410fb7	Label	Global
LAB_00410fc1	00410fc1	Label	Global
LAB_00410fcb	00410fcb	Label	Global
LAB_00410fd5	00410fd5	Label	Global
switchD	00410feb	Label	switchD_00410feb
caseD_fd	00410ff2	Label	switchD_00410feb
LAB_00411030	00411030	Label	Global
LAB_0041103c	0041103c	Label	Global
LAB_00411083	00411083	Label	Global
caseD_fe	004110a1	Label	switchD_00410feb
LAB_004110dc	004110dc	Label	Global
LAB_004110e5	004110e5	Label	Global
LAB_00411127	00411127	Label	Global
LAB_0041112c	0041112c	Label	Global
LAB_00411132	00411132	Label	Global
LAB_0041114b	0041114b	Label	Global
caseD_10a	00411158	Label	switchD_00410feb
caseD_10b	00411162	Label	switchD_00410feb
caseD_10c	0041116c	Label	switchD_00410feb
caseD_10d	00411176	Label	switchD_00410feb
caseD_10e	00411180	Label	switchD_00410feb
caseD_10f	0041118a	Label	switchD_00410feb
caseD_110	00411194	Label	switchD_00410feb
caseD_111	0041119e	Label	switchD_00410feb
caseD_112	004111a8	Label	switchD_00410feb
LAB_004111b2	004111b2	Label	Global
LAB_004111bc	004111bc	Label	Global
LAB_004111fc	004111fc	Label	Global
LAB_00411206	00411206	Label	Global
LAB_00411210	00411210	Label	Global
LAB_0041121a	0041121a	Label	Global
LAB_00411224	00411224	Label	Global
LAB_0041122f	0041122f	Label	Global
LAB_00411239	00411239	Label	Global
LAB_0041127e	0041127e	Label	Global
LAB_004112d9	004112d9	Label	Global
LAB_004112e3	004112e3	Label	Global
LAB_004112ed	004112ed	Label	Global
LAB_004112f7	004112f7	Label	Global
LAB_00411301	00411301	Label	Global
LAB_0041132f	0041132f	Label	Global
LAB_00411336	00411336	Label	Global
LAB_00411340	00411340	Label	Global
LAB_0041134a	0041134a	Label	Global
LAB_00411354	00411354	Label	Global
LAB_0041135b	0041135b	Label	Global
LAB_00411381	00411381	Label	Global
LAB_0041138b	0041138b	Label	Global
LAB_00411395	00411395	Label	Global
LAB_0041139f	0041139f	Label	Global
LAB_004113a4	004113a4	Label	Global
LAB_004113af	004113af	Label	Global
LAB_004113b9	004113b9	Label	Global
LAB_0041140a	0041140a	Label	Global
LAB_00411414	00411414	Label	Global
LAB_0041141e	0041141e	Label	Global
LAB_00411428	00411428	Label	Global
LAB_00411432	00411432	Label	Global
LAB_0041143c	0041143c	Label	Global
LAB_0041145f	0041145f	Label	Global
LAB_00411466	00411466	Label	Global
LAB_0041146d	0041146d	Label	Global
LAB_0041147d	0041147d	Label	Global
LAB_00411487	00411487	Label	Global
LAB_0041148e	0041148e	Label	Global
LAB_004114c0	004114c0	Label	Global
LAB_004114c7	004114c7	Label	Global
LAB_004114ce	004114ce	Label	Global
LAB_004114d8	004114d8	Label	Global
LAB_004114dd	004114dd	Label	Global
LAB_0041150c	0041150c	Label	Global
LAB_0041151a	0041151a	Label	Global
LAB_0041151f	0041151f	Label	Global
LAB_00411546	00411546	Label	Global
LAB_0041156d	0041156d	Label	Global
LAB_00411577	00411577	Label	Global
LAB_00411581	00411581	Label	Global
LAB_0041158b	0041158b	Label	Global
LAB_00411595	00411595	Label	Global
LAB_0041159f	0041159f	Label	Global
LAB_004115ed	004115ed	Label	Global
LAB_00411602	00411602	Label	Global
LAB_0041160c	0041160c	Label	Global
LAB_00411616	00411616	Label	Global
LAB_00411620	00411620	Label	Global
LAB_00411635	00411635	Label	Global
LAB_00411659	00411659	Label	Global
LAB_00411663	00411663	Label	Global
LAB_0041166d	0041166d	Label	Global
LAB_00411682	00411682	Label	Global
LAB_00411697	00411697	Label	Global
LAB_004116a1	004116a1	Label	Global
LAB_004116d1	004116d1	Label	Global
LAB_004116d8	004116d8	Label	Global
LAB_004116df	004116df	Label	Global
LAB_004116e4	004116e4	Label	Global
LAB_004116ef	004116ef	Label	Global
LAB_004116f6	004116f6	Label	Global
LAB_004116fd	004116fd	Label	Global
LAB_0041172d	0041172d	Label	Global
LAB_00411734	00411734	Label	Global
LAB_0041173b	0041173b	Label	Global
LAB_00411742	00411742	Label	Global
LAB_00411747	00411747	Label	Global
LAB_0041174c	0041174c	Label	Global
LAB_0041174d	0041174d	Label	Global
LAB_0041174f	0041174f	Label	Global
switchdataD_00411752	00411752	Label	switchD_00410d7e
switchdataD_0041177a	0041177a	Label	switchD_00410feb
switchdataD_004117aa	004117aa	Label	switchD_00410feb
FUN_004117c0	004117c0	Function	Global
FUN_004117d5	004117d5	Function	Global
FUN_004117ec	004117ec	Function	Global
LAB_00411829	00411829	Label	Global
FUN_00411833	00411833	Function	Global
LAB_00411862	00411862	Label	Global
LAB_00411885	00411885	Label	Global
LAB_0041188d	0041188d	Label	Global
LAB_0041189a	0041189a	Label	Global
LAB_0041189f	0041189f	Label	Global
LAB_004118a5	004118a5	Label	Global
DAT_004118b0	004118b0	Label	Global
FUN_004118c0	004118c0	Function	Global
LAB_004118cb	004118cb	Label	Global
LAB_004118cf	004118cf	Label	Global
LAB_0041193b	0041193b	Label	Global
LAB_004119ce	004119ce	Label	Global
LAB_004119d9	004119d9	Label	Global
LAB_00411a12	00411a12	Label	Global
LAB_00411a1b	00411a1b	Label	Global
LAB_00411a22	00411a22	Label	Global
LAB_00411a2a	00411a2a	Label	Global
LAB_00411a2e	00411a2e	Label	Global
LAB_00411a72	00411a72	Label	Global
LAB_00411a8d	00411a8d	Label	Global
FUN_00411a9c	00411a9c	Function	Global
FUN_00411ab1	00411ab1	Function	Global
FUN_00411ac8	00411ac8	Function	Global
LAB_00411b05	00411b05	Label	Global
FUN_00411b0f	00411b0f	Function	Global
LAB_00411b3d	00411b3d	Label	Global
LAB_00411b62	00411b62	Label	Global
LAB_00411b6a	00411b6a	Label	Global
LAB_00411b75	00411b75	Label	Global
FUN_00411b79	00411b79	Function	Global
LAB_00411bcb	00411bcb	Label	Global
LAB_00411bd9	00411bd9	Label	Global
LAB_00411c0e	00411c0e	Label	Global
LAB_00411c14	00411c14	Label	Global
LAB_00411c17	00411c17	Label	Global
LAB_00411c1e	00411c1e	Label	Global
LAB_00411c26	00411c26	Label	Global
LAB_00411c2a	00411c2a	Label	Global
LAB_00411c62	00411c62	Label	Global
LAB_00411c7d	00411c7d	Label	Global
LAB_00411c7f	00411c7f	Label	Global
FUN_00411c82	00411c82	Function	Global
FUN_00411c97	00411c97	Function	Global
FUN_00411cae	00411cae	Function	Global
LAB_00411ceb	00411ceb	Label	Global
FUN_00411cf5	00411cf5	Function	Global
FUN_00411d12	00411d12	Function	Global
FUN_00411d37	00411d37	Function	Global
switchD	00411d8a	Label	switchD_00411d8a
caseD_10	00411d91	Label	switchD_00411d8a
LAB_00411d98	00411d98	Label	Global
LAB_00411da0	00411da0	Label	Global
LAB_00411da1	00411da1	Label	Global
LAB_00411da2	00411da2	Label	Global
caseD_11	00411da9	Label	switchD_00411d8a
LAB_00411dab	00411dab	Label	Global
caseD_12	00411db2	Label	switchD_00411d8a
caseD_13	00411db6	Label	switchD_00411d8a
caseD_14	00411dba	Label	switchD_00411d8a
caseD_15	00411dbe	Label	switchD_00411d8a
caseD_16	00411dc2	Label	switchD_00411d8a
caseD_17	00411dc6	Label	switchD_00411d8a
caseD_18	00411dca	Label	switchD_00411d8a
caseD_19	00411dce	Label	switchD_00411d8a
caseD_1a	00411dd2	Label	switchD_00411d8a
caseD_27	00411dd6	Label	switchD_00411d8a
LAB_00411ddb	00411ddb	Label	Global
LAB_00411ddd	00411ddd	Label	Global
caseD_28	00411df0	Label	switchD_00411d8a
caseD_29	00411dfc	Label	switchD_00411d8a
caseD_2a	00411e03	Label	switchD_00411d8a
caseD_2b	00411e0f	Label	switchD_00411d8a
LAB_00411e48	00411e48	Label	Global
LAB_00411e52	00411e52	Label	Global
LAB_00411e59	00411e59	Label	Global
LAB_00411e66	00411e66	Label	Global
LAB_00411eaa	00411eaa	Label	Global
caseD_2f	00411ec5	Label	switchD_00411d8a
LAB_00411ed0	00411ed0	Label	Global
caseD_4d	00411ed7	Label	switchD_00411d8a
caseD_4e	00411ee1	Label	switchD_00411d8a
caseD_4f	00411eeb	Label	switchD_00411d8a
caseD_51	00411ef5	Label	switchD_00411d8a
caseD_52	00411eff	Label	switchD_00411d8a
caseD_53	00411f09	Label	switchD_00411d8a
caseD_59	00411f13	Label	switchD_00411d8a
caseD_2ab	00411f1d	Label	switchD_00411d8a
caseD_2ac	00411f27	Label	switchD_00411d8a
caseD_5a	00411f31	Label	switchD_00411d8a
caseD_5b	00411f3b	Label	switchD_00411d8a
caseD_5c	00411f45	Label	switchD_00411d8a
caseD_5d	00411f4f	Label	switchD_00411d8a
caseD_5e	00411f59	Label	switchD_00411d8a
caseD_5f	00411f63	Label	switchD_00411d8a
caseD_60	00411f6d	Label	switchD_00411d8a
caseD_61	00411f77	Label	switchD_00411d8a
caseD_62	00411f81	Label	switchD_00411d8a
caseD_63	00411f8c	Label	switchD_00411d8a
caseD_64	00411f96	Label	switchD_00411d8a
caseD_65	00411fa0	Label	switchD_00411d8a
caseD_66	00411faa	Label	switchD_00411d8a
caseD_67	00411fb4	Label	switchD_00411d8a
caseD_68	00411fbe	Label	switchD_00411d8a
caseD_69	00411fdd	Label	switchD_00411d8a
caseD_6a	00411fe8	Label	switchD_00411d8a
caseD_6b	00411ff2	Label	switchD_00411d8a
caseD_6c	00411ffc	Label	switchD_00411d8a
caseD_6d	00412006	Label	switchD_00411d8a
caseD_6e	00412010	Label	switchD_00411d8a
caseD_6f	0041201a	Label	switchD_00411d8a
caseD_72	00412024	Label	switchD_00411d8a
caseD_73	0041202f	Label	switchD_00411d8a
caseD_74	0041203a	Label	switchD_00411d8a
caseD_75	00412045	Label	switchD_00411d8a
caseD_76	00412050	Label	switchD_00411d8a
caseD_77	0041205b	Label	switchD_00411d8a
caseD_78	00412066	Label	switchD_00411d8a
caseD_7d	00412071	Label	switchD_00411d8a
caseD_ed	0041207b	Label	switchD_00411d8a
caseD_ee	00412085	Label	switchD_00411d8a
caseD_fa	0041208f	Label	switchD_00411d8a
LAB_004120cd	004120cd	Label	Global
LAB_004120d9	004120d9	Label	Global
LAB_00412120	00412120	Label	Global
caseD_fb	0041213e	Label	switchD_00411d8a
LAB_0041217c	0041217c	Label	Global
LAB_00412188	00412188	Label	Global
LAB_004121cf	004121cf	Label	Global
caseD_fc	004121ed	Label	switchD_00411d8a
LAB_0041222b	0041222b	Label	Global
LAB_00412237	00412237	Label	Global
LAB_0041227e	0041227e	Label	Global
caseD_27c	0041229c	Label	switchD_00411d8a
LAB_004122da	004122da	Label	Global
LAB_004122e6	004122e6	Label	Global
LAB_0041232d	0041232d	Label	Global
caseD_27d	0041234b	Label	switchD_00411d8a
LAB_00412389	00412389	Label	Global
LAB_00412395	00412395	Label	Global
LAB_004123dc	004123dc	Label	Global
caseD_ff	004123fa	Label	switchD_00411d8a
LAB_00412419	00412419	Label	Global
LAB_00412437	00412437	Label	Global
LAB_00412453	00412453	Label	Global
caseD_100	0041245a	Label	switchD_00411d8a
LAB_00412493	00412493	Label	Global
caseD_101	004124cf	Label	switchD_00411d8a
LAB_00412508	00412508	Label	Global
caseD_104	00412544	Label	switchD_00411d8a
caseD_105	0041254e	Label	switchD_00411d8a
caseD_106	00412558	Label	switchD_00411d8a
caseD_107	00412562	Label	switchD_00411d8a
caseD_108	0041256c	Label	switchD_00411d8a
caseD_109	00412576	Label	switchD_00411d8a
caseD_11c	00412580	Label	switchD_00411d8a
caseD_11e	0041258a	Label	switchD_00411d8a
caseD_123	00412594	Label	switchD_00411d8a
LAB_004125b6	004125b6	Label	Global
caseD_128	004125be	Label	switchD_00411d8a
caseD_12d	004125c8	Label	switchD_00411d8a
LAB_004125fe	004125fe	Label	Global
caseD_159	00412615	Label	switchD_00411d8a
caseD_15b	00412646	Label	switchD_00411d8a
caseD_15e	00412650	Label	switchD_00411d8a
caseD_15f	00412657	Label	switchD_00411d8a
caseD_160	0041265e	Label	switchD_00411d8a
caseD_161	00412665	Label	switchD_00411d8a
caseD_17c	0041266c	Label	switchD_00411d8a
caseD_19f	00412676	Label	switchD_00411d8a
caseD_1a0	00412680	Label	switchD_00411d8a
caseD_1a1	0041268a	Label	switchD_00411d8a
caseD_1a5	004126dd	Label	switchD_00411d8a
caseD_1a8	0041270a	Label	switchD_00411d8a
caseD_1af	00412714	Label	switchD_00411d8a
caseD_1b0	0041271e	Label	switchD_00411d8a
caseD_1b1	00412728	Label	switchD_00411d8a
caseD_1b2	00412732	Label	switchD_00411d8a
caseD_1b3	0041273c	Label	switchD_00411d8a
caseD_1b4	00412746	Label	switchD_00411d8a
caseD_1bc	00412750	Label	switchD_00411d8a
caseD_1bd	0041275a	Label	switchD_00411d8a
caseD_1bf	00412764	Label	switchD_00411d8a
caseD_1ce	0041276e	Label	switchD_00411d8a
caseD_1cf	00412778	Label	switchD_00411d8a
caseD_1d0	00412782	Label	switchD_00411d8a
caseD_1d2	0041278c	Label	switchD_00411d8a
caseD_1d3	00412796	Label	switchD_00411d8a
caseD_1d4	004127a0	Label	switchD_00411d8a
caseD_1d5	004127aa	Label	switchD_00411d8a
caseD_1d6	004127b4	Label	switchD_00411d8a
caseD_1d7	004127be	Label	switchD_00411d8a
caseD_1d8	004127c8	Label	switchD_00411d8a
caseD_1d9	004127d2	Label	switchD_00411d8a
caseD_1e1	004127dc	Label	switchD_00411d8a
caseD_1e2	004127e6	Label	switchD_00411d8a
caseD_1e4	004127f0	Label	switchD_00411d8a
caseD_1e5	004127fa	Label	switchD_00411d8a
caseD_1e6	00412804	Label	switchD_00411d8a
caseD_1e7	0041280e	Label	switchD_00411d8a
caseD_1ef	0041289e	Label	switchD_00411d8a
caseD_1f0	004128a8	Label	switchD_00411d8a
caseD_1f1	004128b2	Label	switchD_00411d8a
caseD_1f2	004128bc	Label	switchD_00411d8a
caseD_1f3	004128c6	Label	switchD_00411d8a
caseD_1f4	004128d0	Label	switchD_00411d8a
caseD_1f5	004128da	Label	switchD_00411d8a
caseD_1f6	004128e4	Label	switchD_00411d8a
caseD_1fc	004128ee	Label	switchD_00411d8a
caseD_1fe	004128f8	Label	switchD_00411d8a
caseD_1ff	00412902	Label	switchD_00411d8a
caseD_202	0041290c	Label	switchD_00411d8a
caseD_203	00412916	Label	switchD_00411d8a
caseD_205	00412920	Label	switchD_00411d8a
caseD_212	0041297a	Label	switchD_00411d8a
caseD_213	00412981	Label	switchD_00411d8a
caseD_215	00412988	Label	switchD_00411d8a
LAB_0041298d	0041298d	Label	Global
caseD_2ca	00412998	Label	switchD_00411d8a
caseD_225	004129a2	Label	switchD_00411d8a
caseD_226	004129c1	Label	switchD_00411d8a
caseD_22b	004129e0	Label	switchD_00411d8a
LAB_004129e5	004129e5	Label	Global
caseD_22c	00412a19	Label	switchD_00411d8a
caseD_22d	00412a20	Label	switchD_00411d8a
caseD_23c	00412a27	Label	switchD_00411d8a
caseD_23d	00412a31	Label	switchD_00411d8a
caseD_23e	00412a3b	Label	switchD_00411d8a
caseD_23f	00412a45	Label	switchD_00411d8a
caseD_f5	00412a4f	Label	switchD_00411d8a
caseD_247	00412a59	Label	switchD_00411d8a
caseD_249	00412a63	Label	switchD_00411d8a
caseD_24a	00412a6a	Label	switchD_00411d8a
caseD_24b	00412a71	Label	switchD_00411d8a
LAB_00412a76	00412a76	Label	Global
caseD_251	00412a93	Label	switchD_00411d8a
caseD_253	00412a9d	Label	switchD_00411d8a
caseD_25b	00412aa7	Label	switchD_00411d8a
caseD_2ae	00412ab1	Label	switchD_00411d8a
caseD_25d	00412abb	Label	switchD_00411d8a
caseD_3ae	00412ac5	Label	switchD_00411d8a
caseD_25e	00412acf	Label	switchD_00411d8a
caseD_25f	00412ad9	Label	switchD_00411d8a
caseD_26e	00412ae3	Label	switchD_00411d8a
caseD_254	00412aed	Label	switchD_00411d8a
caseD_255	00412af7	Label	switchD_00411d8a
caseD_256	00412b01	Label	switchD_00411d8a
caseD_257	00412b0b	Label	switchD_00411d8a
caseD_2e5	00412b15	Label	switchD_00411d8a
caseD_2e6	00412b1f	Label	switchD_00411d8a
caseD_2be	00412b29	Label	switchD_00411d8a
caseD_2c3	00412b33	Label	switchD_00411d8a
caseD_2c4	00412b3d	Label	switchD_00411d8a
caseD_2c6	00412b47	Label	switchD_00411d8a
caseD_2c7	00412b51	Label	switchD_00411d8a
caseD_261	00412b5b	Label	switchD_00411d8a
caseD_2bd	00412b65	Label	switchD_00411d8a
caseD_264	00412b6f	Label	switchD_00411d8a
caseD_265	00412b79	Label	switchD_00411d8a
caseD_266	00412b83	Label	switchD_00411d8a
caseD_267	00412b8d	Label	switchD_00411d8a
caseD_268	00412b97	Label	switchD_00411d8a
caseD_3f4	00412ba1	Label	switchD_00411d8a
caseD_269	00412bab	Label	switchD_00411d8a
caseD_2ad	00412bb5	Label	switchD_00411d8a
caseD_2c5	00412bbf	Label	switchD_00411d8a
caseD_26a	00412bc9	Label	switchD_00411d8a
caseD_26b	00412bd3	Label	switchD_00411d8a
caseD_272	00412bdd	Label	switchD_00411d8a
caseD_273	00412be7	Label	switchD_00411d8a
caseD_275	00412bf1	Label	switchD_00411d8a
caseD_277	00412bfb	Label	switchD_00411d8a
caseD_2bb	00412c05	Label	switchD_00411d8a
caseD_279	00412c0f	Label	switchD_00411d8a
caseD_27a	00412c1a	Label	switchD_00411d8a
caseD_27b	00412c25	Label	switchD_00411d8a
caseD_280	00412c30	Label	switchD_00411d8a
caseD_2af	00412c3a	Label	switchD_00411d8a
caseD_2b0	00412c41	Label	switchD_00411d8a
LAB_00412c46	00412c46	Label	Global
caseD_2dd	00412c51	Label	switchD_00411d8a
caseD_2de	00412c5b	Label	switchD_00411d8a
caseD_2df	00412c65	Label	switchD_00411d8a
caseD_2e0	00412c6f	Label	switchD_00411d8a
caseD_2e1	00412c76	Label	switchD_00411d8a
caseD_2e2	00412c81	Label	switchD_00411d8a
caseD_2e3	00412c88	Label	switchD_00411d8a
LAB_00412c8d	00412c8d	Label	Global
caseD_2e7	00412c98	Label	switchD_00411d8a
caseD_18d	00412ca2	Label	switchD_00411d8a
caseD_301	00412cac	Label	switchD_00411d8a
caseD_306	00412cb6	Label	switchD_00411d8a
caseD_307	00412cc0	Label	switchD_00411d8a
caseD_308	00412cca	Label	switchD_00411d8a
caseD_3b3	00412cd1	Label	switchD_00411d8a
caseD_3b4	00412cd8	Label	switchD_00411d8a
caseD_309	00412cdf	Label	switchD_00411d8a
caseD_3ad	00412ce6	Label	switchD_00411d8a
caseD_376	00412ced	Label	switchD_00411d8a
caseD_377	00412cf4	Label	switchD_00411d8a
LAB_00412cf9	00412cf9	Label	Global
LAB_00412d1c	00412d1c	Label	Global
caseD_37c	00412d27	Label	switchD_00411d8a
caseD_3af	00412d2e	Label	switchD_00411d8a
LAB_00412d33	00412d33	Label	Global
caseD_3b0	00412d3e	Label	switchD_00411d8a
caseD_3b2	00412d45	Label	switchD_00411d8a
LAB_00412d4a	00412d4a	Label	Global
caseD_1b	00412d54	Label	switchD_00411d8a
LAB_00412d6a	00412d6a	Label	Global
LAB_00412d6c	00412d6c	Label	Global
switchdataD_00412d71	00412d71	Label	switchD_00411d8a
PTR_caseD_3b3_004130bd	004130bd	Label	Global
switchdataD_004130cd	004130cd	Label	switchD_00411d8a
FUN_004134b2	004134b2	Function	Global
FUN_004134c7	004134c7	Function	Global
FUN_004134de	004134de	Function	Global
LAB_0041351b	0041351b	Label	Global
FUN_00413525	00413525	Function	Global
LAB_00413554	00413554	Label	Global
LAB_00413577	00413577	Label	Global
LAB_0041357f	0041357f	Label	Global
LAB_0041358e	0041358e	Label	Global
FUN_00413593	00413593	Function	Global
LAB_0041359f	0041359f	Label	Global
LAB_004135a6	004135a6	Label	Global
LAB_0041364a	0041364a	Label	Global
LAB_0041364f	0041364f	Label	Global
LAB_0041365a	0041365a	Label	Global
LAB_00413661	00413661	Label	Global
LAB_0041366b	0041366b	Label	Global
LAB_004136c1	004136c1	Label	Global
LAB_004136cc	004136cc	Label	Global
LAB_00413705	00413705	Label	Global
LAB_00413710	00413710	Label	Global
LAB_00413719	00413719	Label	Global
LAB_0041375d	0041375d	Label	Global
LAB_00413776	00413776	Label	Global
LAB_00413783	00413783	Label	Global
LAB_0041378e	0041378e	Label	Global
LAB_00413795	00413795	Label	Global
LAB_0041379a	0041379a	Label	Global
LAB_0041379f	0041379f	Label	Global
LAB_004137a5	004137a5	Label	Global
LAB_00413821	00413821	Label	Global
LAB_0041385e	0041385e	Label	Global
LAB_00413880	00413880	Label	Global
LAB_00413888	00413888	Label	Global
LAB_00413898	00413898	Label	Global
LAB_004138a8	004138a8	Label	Global
LAB_004138c9	004138c9	Label	Global
LAB_004138ee	004138ee	Label	Global
LAB_00413925	00413925	Label	Global
LAB_00413927	00413927	Label	Global
FUN_0041392a	0041392a	Function	Global
FUN_0041393f	0041393f	Function	Global
FUN_00413956	00413956	Function	Global
LAB_00413993	00413993	Label	Global
FUN_0041399d	0041399d	Function	Global
LAB_004139cb	004139cb	Label	Global
LAB_004139f0	004139f0	Label	Global
LAB_004139f8	004139f8	Label	Global
LAB_00413a03	00413a03	Label	Global
FUN_00413a07	00413a07	Function	Global
LAB_00413a13	00413a13	Label	Global
LAB_00413a1a	00413a1a	Label	Global
LAB_00413a76	00413a76	Label	Global
LAB_00413a80	00413a80	Label	Global
LAB_00413a8a	00413a8a	Label	Global
LAB_00413a94	00413a94	Label	Global
LAB_00413aa0	00413aa0	Label	Global
LAB_00413aac	00413aac	Label	Global
LAB_00413ae5	00413ae5	Label	Global
LAB_00413aeb	00413aeb	Label	Global
LAB_00413aee	00413aee	Label	Global
LAB_00413af5	00413af5	Label	Global
LAB_00413afd	00413afd	Label	Global
LAB_00413b04	00413b04	Label	Global
LAB_00413b48	00413b48	Label	Global
LAB_00413b63	00413b63	Label	Global
LAB_00413b6d	00413b6d	Label	Global
LAB_00413ba1	00413ba1	Label	Global
LAB_00413bcf	00413bcf	Label	Global
LAB_00413bf0	00413bf0	Label	Global
LAB_00413bfe	00413bfe	Label	Global
LAB_00413c18	00413c18	Label	Global
LAB_00413c1f	00413c1f	Label	Global
LAB_00413c24	00413c24	Label	Global
LAB_00413c2a	00413c2a	Label	Global
LAB_00413c2c	00413c2c	Label	Global
FUN_00413c2f	00413c2f	Function	Global
FUN_00413c44	00413c44	Function	Global
FUN_00413c5b	00413c5b	Function	Global
LAB_00413c98	00413c98	Label	Global
FUN_00413ca2	00413ca2	Function	Global
LAB_00413cd0	00413cd0	Label	Global
LAB_00413cf5	00413cf5	Label	Global
LAB_00413cfd	00413cfd	Label	Global
LAB_00413d08	00413d08	Label	Global
FUN_00413d0c	00413d0c	Function	Global
LAB_00413d15	00413d15	Label	Global
LAB_00413d19	00413d19	Label	Global
LAB_00413d59	00413d59	Label	Global
LAB_00413d8a	00413d8a	Label	Global
LAB_00413d90	00413d90	Label	Global
LAB_00413d93	00413d93	Label	Global
LAB_00413d9a	00413d9a	Label	Global
LAB_00413da2	00413da2	Label	Global
LAB_00413da6	00413da6	Label	Global
LAB_00413dea	00413dea	Label	Global
LAB_00413e05	00413e05	Label	Global
FUN_00413e14	00413e14	Function	Global
FUN_00413e29	00413e29	Function	Global
FUN_00413e40	00413e40	Function	Global
LAB_00413e7d	00413e7d	Label	Global
FUN_00413e87	00413e87	Function	Global
caseD_1fc	00413e93	Label	switchD_004141a1
LAB_00413e9a	00413e9a	Label	Global
LAB_00413f15	00413f15	Label	Global
LAB_00413f1f	00413f1f	Label	Global
LAB_00413f2c	00413f2c	Label	Global
LAB_00413f34	00413f34	Label	Global
LAB_00413f70	00413f70	Label	Global
LAB_00413fb2	00413fb2	Label	Global
LAB_00413fbd	00413fbd	Label	Global
LAB_00413fd6	00413fd6	Label	Global
LAB_00413fe3	00413fe3	Label	Global
LAB_00413fee	00413fee	Label	Global
LAB_00413ff5	00413ff5	Label	Global
LAB_0041400f	0041400f	Label	Global
LAB_00414032	00414032	Label	Global
LAB_0041403c	0041403c	Label	Global
LAB_00414059	00414059	Label	Global
LAB_00414086	00414086	Label	Global
LAB_004140a0	004140a0	Label	Global
LAB_004140a5	004140a5	Label	Global
LAB_004140b0	004140b0	Label	Global
LAB_004140f1	004140f1	Label	Global
LAB_004140fb	004140fb	Label	Global
LAB_00414105	00414105	Label	Global
LAB_0041410f	0041410f	Label	Global
LAB_00414119	00414119	Label	Global
LAB_00414123	00414123	Label	Global
LAB_00414147	00414147	Label	Global
LAB_00414151	00414151	Label	Global
LAB_0041415b	0041415b	Label	Global
LAB_00414165	00414165	Label	Global
LAB_0041416f	0041416f	Label	Global
LAB_00414179	00414179	Label	Global
switchD	004141a1	Label	switchD_004141a1
caseD_20b	004141a8	Label	switchD_004141a1
caseD_20c	004141b2	Label	switchD_004141a1
caseD_200	004141fd	Label	switchD_004141a1
caseD_201	00414207	Label	switchD_004141a1
caseD_1f7	00414211	Label	switchD_004141a1
caseD_1f8	0041421b	Label	switchD_004141a1
caseD_1f9	00414225	Label	switchD_004141a1
caseD_1fa	0041422f	Label	switchD_004141a1
caseD_1fb	00414239	Label	switchD_004141a1
LAB_00414243	00414243	Label	Global
LAB_0041424d	0041424d	Label	Global
LAB_0041428f	0041428f	Label	Global
LAB_00414294	00414294	Label	Global
LAB_004142cf	004142cf	Label	Global
LAB_004142ee	004142ee	Label	Global
LAB_004142f8	004142f8	Label	Global
LAB_00414302	00414302	Label	Global
LAB_00414307	00414307	Label	Global
LAB_00414312	00414312	Label	Global
LAB_0041431c	0041431c	Label	Global
LAB_004143a6	004143a6	Label	Global
LAB_004143bc	004143bc	Label	Global
LAB_004143c3	004143c3	Label	Global
LAB_004143ca	004143ca	Label	Global
LAB_004143d1	004143d1	Label	Global
LAB_004143d8	004143d8	Label	Global
LAB_004143dd	004143dd	Label	Global
LAB_004143e2	004143e2	Label	Global
LAB_004143e3	004143e3	Label	Global
LAB_004143e5	004143e5	Label	Global
switchdataD_004143e8	004143e8	Label	switchD_004141a1
switchdataD_00414410	00414410	Label	switchD_004141a1
FUN_00414426	00414426	Function	Global
FUN_0041443b	0041443b	Function	Global
FUN_00414452	00414452	Function	Global
LAB_0041448f	0041448f	Label	Global
FUN_00414499	00414499	Function	Global
LAB_004144c7	004144c7	Label	Global
LAB_004144ec	004144ec	Label	Global
LAB_004144f4	004144f4	Label	Global
LAB_004144ff	004144ff	Label	Global
FUN_00414510	00414510	Function	Global
LAB_00414527	00414527	Label	Global
LAB_00414532	00414532	Label	Global
FUN_00414540	00414540	Function	Global
LAB_0041458d	0041458d	Label	Global
LAB_004145db	004145db	Label	Global
LAB_004145e5	004145e5	Label	Global
LAB_00414607	00414607	Label	Global
LAB_0041463b	0041463b	Label	Global
FUN_00414640	00414640	Function	Global
LAB_00414664	00414664	Label	Global
switchD	00414679	Label	switchD_00414679
caseD_11	00414680	Label	switchD_00414679
caseD_12	00414684	Label	switchD_00414679
caseD_13	00414688	Label	switchD_00414679
caseD_14	0041468c	Label	switchD_00414679
caseD_15	00414690	Label	switchD_00414679
caseD_16	00414694	Label	switchD_00414679
caseD_17	00414698	Label	switchD_00414679
caseD_18	0041469c	Label	switchD_00414679
caseD_19	004146a0	Label	switchD_00414679
caseD_1a	004146a4	Label	switchD_00414679
caseD_1b	004146a8	Label	switchD_00414679
caseD_1c	004146ac	Label	switchD_00414679
caseD_a	004146b0	Label	switchD_00414679
LAB_004146b2	004146b2	Label	Global
caseD_b	004146bb	Label	switchD_00414679
LAB_004146bf	004146bf	Label	Global
LAB_004146e1	004146e1	Label	Global
LAB_004146fd	004146fd	Label	Global
switchdataD_00414724	00414724	Label	switchD_00414679
FUN_00414770	00414770	Function	Global
LAB_0041479c	0041479c	Label	Global
LAB_004147f1	004147f1	Label	Global
LAB_00414817	00414817	Label	Global
LAB_0041483c	0041483c	Label	Global
LAB_00414851	00414851	Label	Global
LAB_00414865	00414865	Label	Global
LAB_00414883	00414883	Label	Global
switchD	004148aa	Label	switchD_004148aa
caseD_100	004148b1	Label	switchD_004148aa
LAB_004148de	004148de	Label	Global
LAB_004148f2	004148f2	Label	Global
caseD_101	0041490b	Label	switchD_004148aa
caseD_2b	00414937	Label	switchD_004148aa
caseD_33	0041495b	Label	switchD_004148aa
caseD_3f	0041497f	Label	switchD_004148aa
caseD_2c	004149a3	Label	switchD_004148aa
caseD_30	004149c4	Label	switchD_004148aa
caseD_f6	004149dd	Label	switchD_004148aa
caseD_31	004149f6	Label	switchD_004148aa
caseD_2d	00414a0f	Label	switchD_004148aa
caseD_2e	00414a28	Label	switchD_004148aa
LAB_00414a3f	00414a3f	Label	Global
caseD_2f	00414a41	Label	switchD_004148aa
LAB_00414a54	00414a54	Label	Global
LAB_00414a58	00414a58	Label	Global
LAB_00414a75	00414a75	Label	Global
switchdataD_00414a7c	00414a7c	Label	switchD_004148aa
PTR_caseD_2c_00414a80+1	00414a81	Label	Global
switchdataD_00414aac	00414aac	Label	switchD_004148aa
FUN_00414b90	00414b90	Function	Global
LAB_00414bb8	00414bb8	Label	Global
LAB_00414c0c	00414c0c	Label	Global
LAB_00414c0e	00414c0e	Label	Global
LAB_00414c28	00414c28	Label	Global
LAB_00414c4a	00414c4a	Label	Global
switchD	00414c64	Label	switchD_00414c64
caseD_2b	00414c6b	Label	switchD_00414c64
caseD_33	00414c7a	Label	switchD_00414c64
caseD_3f	00414c89	Label	switchD_00414c64
caseD_2c	00414c98	Label	switchD_00414c64
caseD_30	00414ca7	Label	switchD_00414c64
caseD_f6	00414cb6	Label	switchD_00414c64
caseD_31	00414cc5	Label	switchD_00414c64
caseD_2d	00414cd4	Label	switchD_00414c64
caseD_2e	00414cdb	Label	switchD_00414c64
caseD_2f	00414ce0	Label	switchD_00414c64
LAB_00414cf1	00414cf1	Label	Global
LAB_00414d01	00414d01	Label	Global
LAB_00414d0d	00414d0d	Label	Global
LAB_00414d15	00414d15	Label	Global
LAB_00414d1e	00414d1e	Label	Global
LAB_00414d33	00414d33	Label	Global
switchdataD_00414d38	00414d38	Label	switchD_00414c64
switchdataD_00414d60	00414d60	Label	switchD_00414c64
FUN_00414e30	00414e30	Function	Global
LAB_00414e65	00414e65	Label	Global
LAB_00414e7e	00414e7e	Label	Global
LAB_00414e8e	00414e8e	Label	Global
LAB_00414ea8	00414ea8	Label	Global
FUN_00414eb0	00414eb0	Function	Global
LAB_00414ec7	00414ec7	Label	Global
LAB_00414edd	00414edd	Label	Global
LAB_00414eec	00414eec	Label	Global
LAB_00414ef1	00414ef1	Label	Global
LAB_00414efc	00414efc	Label	Global
LAB_00414f06	00414f06	Label	Global
LAB_00414f3f	00414f3f	Label	Global
LAB_00414f4d	00414f4d	Label	Global
LAB_00414f62	00414f62	Label	Global
LAB_00414f6d	00414f6d	Label	Global
LAB_00414f73	00414f73	Label	Global
LAB_00414f81	00414f81	Label	Global
FUN_00414fd0	00414fd0	Function	Global
LAB_00414ffc	00414ffc	Label	Global
LAB_00415013	00415013	Label	Global
LAB_0041502f	0041502f	Label	Global
LAB_00415038	00415038	Label	Global
LAB_0041504a	0041504a	Label	Global
LAB_00415056	00415056	Label	Global
LAB_00415063	00415063	Label	Global
LAB_0041506c	0041506c	Label	Global
LAB_0041506f	0041506f	Label	Global
LAB_00415079	00415079	Label	Global
LAB_0041509c	0041509c	Label	Global
LAB_004150c1	004150c1	Label	Global
LAB_004150df	004150df	Label	Global
LAB_004150f4	004150f4	Label	Global
LAB_00415110	00415110	Label	Global
LAB_00415145	00415145	Label	Global
LAB_00415157	00415157	Label	Global
LAB_00415177	00415177	Label	Global
LAB_00415195	00415195	Label	Global
LAB_004151c9	004151c9	Label	Global
LAB_004151eb	004151eb	Label	Global
LAB_00415201	00415201	Label	Global
LAB_0041521d	0041521d	Label	Global
LAB_0041525a	0041525a	Label	Global
LAB_0041527e	0041527e	Label	Global
LAB_004152bc	004152bc	Label	Global
LAB_004152eb	004152eb	Label	Global
LAB_0041532b	0041532b	Label	Global
LAB_00415353	00415353	Label	Global
LAB_00415365	00415365	Label	Global
LAB_0041537d	0041537d	Label	Global
LAB_0041539a	0041539a	Label	Global
LAB_004153e6	004153e6	Label	Global
LAB_004153f2	004153f2	Label	Global
LAB_00415405	00415405	Label	Global
LAB_00415420	00415420	Label	Global
LAB_0041544c	0041544c	Label	Global
LAB_004155a0	004155a0	Label	Global
FUN_004155b0	004155b0	Function	Global
FUN_004155c0	004155c0	Function	Global
LAB_004155d0	004155d0	Label	Global
LAB_004155e0	004155e0	Label	Global
FUN_004155f0	004155f0	Function	Global
FUN_00415600	00415600	Function	Global
LAB_00415610	00415610	Label	Global
LAB_00415620	00415620	Label	Global
FUN_00415630	00415630	Function	Global
FUN_00415640	00415640	Function	Global
LAB_00415650	00415650	Label	Global
LAB_00415660	00415660	Label	Global
FUN_00415670	00415670	Function	Global
FUN_00415680	00415680	Function	Global
LAB_00415690	00415690	Label	Global
LAB_004156a0	004156a0	Label	Global
FUN_004156b0	004156b0	Function	Global
FUN_004156c0	004156c0	Function	Global
LAB_004156d0	004156d0	Label	Global
LAB_004156e0	004156e0	Label	Global
FUN_004156f0	004156f0	Function	Global
FUN_00415700	00415700	Function	Global
LAB_00415710	00415710	Label	Global
LAB_00415720	00415720	Label	Global
FUN_00415730	00415730	Function	Global
FUN_00415740	00415740	Function	Global
LAB_00415750	00415750	Label	Global
LAB_00415760	00415760	Label	Global
FUN_00415770	00415770	Function	Global
FUN_00415780	00415780	Function	Global
LAB_00415790	00415790	Label	Global
LAB_004157a0	004157a0	Label	Global
FUN_004157b0	004157b0	Function	Global
FUN_004157c0	004157c0	Function	Global
LAB_004157d0	004157d0	Label	Global
LAB_004157e0	004157e0	Label	Global
FUN_004157f0	004157f0	Function	Global
FUN_00415800	00415800	Function	Global
LAB_00415810	00415810	Label	Global
LAB_00415820	00415820	Label	Global
FUN_00415830	00415830	Function	Global
FUN_00415840	00415840	Function	Global
LAB_00415850	00415850	Label	Global
LAB_00415860	00415860	Label	Global
FUN_00415870	00415870	Function	Global
FUN_00415880	00415880	Function	Global
LAB_00415890	00415890	Label	Global
LAB_004158a0	004158a0	Label	Global
FUN_004158b0	004158b0	Function	Global
FUN_004158c0	004158c0	Function	Global
LAB_004158d0	004158d0	Label	Global
LAB_004158e0	004158e0	Label	Global
FUN_004158f0	004158f0	Function	Global
FUN_00415910	00415910	Function	Global
LAB_00415920	00415920	Label	Global
LAB_00415930	00415930	Label	Global
FUN_00415940	00415940	Function	Global
FUN_00415960	00415960	Function	Global
LAB_00415970	00415970	Label	Global
LAB_00415980	00415980	Label	Global
FUN_00415990	00415990	Function	Global
FUN_004159b0	004159b0	Function	Global
LAB_004159c0	004159c0	Label	Global
LAB_004159d0	004159d0	Label	Global
FUN_004159e0	004159e0	Function	Global
FUN_00415a00	00415a00	Function	Global
LAB_00415a10	00415a10	Label	Global
LAB_00415a20	00415a20	Label	Global
FUN_00415a30	00415a30	Function	Global
FUN_00415a50	00415a50	Function	Global
LAB_00415a60	00415a60	Label	Global
LAB_00415a70	00415a70	Label	Global
FUN_00415a80	00415a80	Function	Global
FUN_00415aa0	00415aa0	Function	Global
LAB_00415ab0	00415ab0	Label	Global
LAB_00415ac0	00415ac0	Label	Global
FUN_00415ad0	00415ad0	Function	Global
FUN_00415af0	00415af0	Function	Global
LAB_00415b00	00415b00	Label	Global
LAB_00415b10	00415b10	Label	Global
FUN_00415b20	00415b20	Function	Global
FUN_00415b40	00415b40	Function	Global
LAB_00415b50	00415b50	Label	Global
LAB_00415b60	00415b60	Label	Global
FUN_00415b70	00415b70	Function	Global
FUN_00415b80	00415b80	Function	Global
LAB_00415b90	00415b90	Label	Global
FUN_00415ba0	00415ba0	Function	Global
LAB_00415bd0	00415bd0	Label	Global
FUN_00415be0	00415be0	Function	Global
LAB_00415c99	00415c99	Label	Global
LAB_00415caf	00415caf	Label	Global
FUN_00415d40	00415d40	Function	Global
LAB_00415d66	00415d66	Label	Global
LAB_00415d74	00415d74	Label	Global
LAB_00415d76	00415d76	Label	Global
LAB_00415e0a	00415e0a	Label	Global
LAB_00415e19	00415e19	Label	Global
LAB_00415e29	00415e29	Label	Global
LAB_00415e58	00415e58	Label	Global
LAB_00415e6a	00415e6a	Label	Global
LAB_00415e7e	00415e7e	Label	Global
LAB_00415e8c	00415e8c	Label	Global
LAB_00415ea0	00415ea0	Label	Global
LAB_00415eba	00415eba	Label	Global
LAB_00415ed0	00415ed0	Label	Global
LAB_00415ed6	00415ed6	Label	Global
LAB_00415fd5	00415fd5	Label	Global
LAB_00415fe5	00415fe5	Label	Global
LAB_00416008	00416008	Label	Global
LAB_0041600d	0041600d	Label	Global
LAB_00416025	00416025	Label	Global
LAB_004160ad	004160ad	Label	Global
FUN_004160d0	004160d0	Function	Global
LAB_004160e3	004160e3	Label	Global
LAB_004160f4	004160f4	Label	Global
LAB_004160ff	004160ff	Label	Global
LAB_00416102	00416102	Label	Global
FUN_00416110	00416110	Function	Global
LAB_00416175	00416175	Label	Global
FUN_00416180	00416180	Function	Global
LAB_004161ca	004161ca	Label	Global
switchD	0041629e	Label	switchD_0041629e
caseD_19	004162a5	Label	switchD_0041629e
caseD_a	004162b2	Label	switchD_0041629e
caseD_c	004162d6	Label	switchD_0041629e
default	004162dd	Label	switchD_0041629e
LAB_004162f8	004162f8	Label	Global
switchD	0041635e	Label	switchD_0041635e
caseD_b	00416365	Label	switchD_0041635e
caseD_15	0041637a	Label	switchD_0041635e
LAB_004163a3	004163a3	Label	Global
caseD_14	004163cf	Label	switchD_0041635e
caseD_17	004163ec	Label	switchD_0041635e
caseD_1a	0041642c	Label	switchD_0041635e
caseD_c	00416466	Label	switchD_0041635e
LAB_0041648d	0041648d	Label	Global
switchdataD_00416494	00416494	Label	switchD_0041629e
switchdataD_00416494+2	00416496	Label	Global
switchdataD_004164a0	004164a0	Label	switchD_0041629e
switchdataD_004164b0	004164b0	Label	switchD_0041635e
PTR_caseD_17_004164bc+1	004164bd	Label	Global
switchdataD_004164c8	004164c8	Label	switchD_0041635e
FUN_004164e0	004164e0	Function	Global
LAB_004164ff	004164ff	Label	Global
LAB_0041655d	0041655d	Label	Global
LAB_004165c2	004165c2	Label	Global
LAB_004165dd	004165dd	Label	Global
LAB_00416607	00416607	Label	Global
LAB_00416613	00416613	Label	Global
LAB_0041668f	0041668f	Label	Global
LAB_004166b2	004166b2	Label	Global
FUN_004166c0	004166c0	Function	Global
LAB_004166db	004166db	Label	Global
LAB_004166e0	004166e0	Label	Global
LAB_00416701	00416701	Label	Global
LAB_00416740	00416740	Label	Global
LAB_00416747	00416747	Label	Global
LAB_0041676a	0041676a	Label	Global
LAB_0041677a	0041677a	Label	Global
LAB_00416798	00416798	Label	Global
FUN_004167c0	004167c0	Function	Global
LAB_004167db	004167db	Label	Global
LAB_004167e0	004167e0	Label	Global
LAB_0041680a	0041680a	Label	Global
LAB_00416827	00416827	Label	Global
LAB_0041683e	0041683e	Label	Global
LAB_0041687d	0041687d	Label	Global
LAB_00416884	00416884	Label	Global
LAB_004168a1	004168a1	Label	Global
LAB_004168af	004168af	Label	Global
LAB_004168cc	004168cc	Label	Global
FUN_004168f0	004168f0	Function	Global
switchD	0041693e	Label	switchD_0041693e
caseD_8	00416945	Label	switchD_0041693e
LAB_0041694b	0041694b	Label	Global
LAB_00416968	00416968	Label	Global
LAB_004169a3	004169a3	Label	Global
LAB_004169c1	004169c1	Label	Global
caseD_2	004169f2	Label	switchD_0041693e
LAB_004169f3	004169f3	Label	Global
LAB_00416a20	00416a20	Label	Global
LAB_00416a60	00416a60	Label	Global
LAB_00416a82	00416a82	Label	Global
caseD_5	00416aa1	Label	switchD_0041693e
switchdataD_00416aa4	00416aa4	Label	switchD_0041693e
FUN_00416ad0	00416ad0	Function	Global
switchD	00416b25	Label	switchD_00416b25
caseD_9	00416b2c	Label	switchD_00416b25
caseD_8	00416b9d	Label	switchD_00416b25
LAB_00416bbf	00416bbf	Label	Global
LAB_00416bef	00416bef	Label	Global
LAB_00416c0d	00416c0d	Label	Global
caseD_2	00416c3f	Label	switchD_00416b25
LAB_00416c6c	00416c6c	Label	Global
LAB_00416cac	00416cac	Label	Global
LAB_00416cce	00416cce	Label	Global
caseD_5	00416ced	Label	switchD_00416b25
switchdataD_00416cf4	00416cf4	Label	switchD_00416b25
FUN_00416d20	00416d20	Function	Global
LAB_00416d7c	00416d7c	Label	Global
LAB_00416da0	00416da0	Label	Global
LAB_00416dc7	00416dc7	Label	Global
LAB_00416dde	00416dde	Label	Global
LAB_00416de3	00416de3	Label	Global
LAB_00416e0b	00416e0b	Label	Global
LAB_00416e41	00416e41	Label	Global
LAB_00416e4a	00416e4a	Label	Global
FUN_00416e50	00416e50	Function	Global
LAB_00416ee4	00416ee4	Label	Global
LAB_00416efa	00416efa	Label	Global
LAB_00416f00	00416f00	Label	Global
LAB_00416f13	00416f13	Label	Global
LAB_00416f57	00416f57	Label	Global
LAB_00416f59	00416f59	Label	Global
LAB_00416f7f	00416f7f	Label	Global
LAB_00416f95	00416f95	Label	Global
LAB_00416f9b	00416f9b	Label	Global
LAB_00416fae	00416fae	Label	Global
LAB_00416ff3	00416ff3	Label	Global
LAB_0041701b	0041701b	Label	Global
LAB_00417031	00417031	Label	Global
LAB_00417037	00417037	Label	Global
LAB_0041704a	0041704a	Label	Global
LAB_0041708e	0041708e	Label	Global
LAB_004170ca	004170ca	Label	Global
LAB_00417116	00417116	Label	Global
FUN_00417120	00417120	Function	Global
LAB_0041715d	0041715d	Label	Global
LAB_00417173	00417173	Label	Global
LAB_0041717f	0041717f	Label	Global
LAB_0041718d	0041718d	Label	Global
LAB_0041719c	0041719c	Label	Global
LAB_004171ab	004171ab	Label	Global
LAB_004171c2	004171c2	Label	Global
LAB_004171dd	004171dd	Label	Global
LAB_004171ee	004171ee	Label	Global
LAB_00417209	00417209	Label	Global
LAB_0041720f	0041720f	Label	Global
LAB_00417210	00417210	Label	Global
FUN_00417220	00417220	Function	Global
LAB_0041726c	0041726c	Label	Global
FUN_00417270	00417270	Function	Global
LAB_004172bc	004172bc	Label	Global
FUN_004172c0	004172c0	Function	Global
LAB_0041734b	0041734b	Label	Global
LAB_00417359	00417359	Label	Global
LAB_00417373	00417373	Label	Global
LAB_0041737c	0041737c	Label	Global
FUN_00417380	00417380	Function	Global
LAB_004173a0	004173a0	Label	Global
LAB_004173a7	004173a7	Label	Global
LAB_004173ab	004173ab	Label	Global
LAB_004173b1	004173b1	Label	Global
LAB_004173fb	004173fb	Label	Global
FUN_00417400	00417400	Function	Global
LAB_00417424	00417424	Label	Global
LAB_0041742b	0041742b	Label	Global
LAB_0041742f	0041742f	Label	Global
LAB_00417435	00417435	Label	Global
LAB_0041748c	0041748c	Label	Global
LAB_004174b1	004174b1	Label	Global
FUN_004174c0	004174c0	Function	Global
LAB_004174de	004174de	Label	Global
LAB_0041753f	0041753f	Label	Global
FUN_00417550	00417550	Function	Global
LAB_0041757d	0041757d	Label	Global
FUN_00417580	00417580	Function	Global
LAB_004175b2	004175b2	Label	Global
LAB_004175db	004175db	Label	Global
FUN_004175e0	004175e0	Function	Global
LAB_00417629	00417629	Label	Global
LAB_0041762d	0041762d	Label	Global
LAB_00417632	00417632	Label	Global
LAB_00417636	00417636	Label	Global
LAB_00417658	00417658	Label	Global
LAB_0041766a	0041766a	Label	Global
LAB_0041767e	0041767e	Label	Global
FUN_00417690	00417690	Function	Global
LAB_004176d9	004176d9	Label	Global
LAB_004176df	004176df	Label	Global
LAB_0041777f	0041777f	Label	Global
LAB_004177bc	004177bc	Label	Global
LAB_004177d2	004177d2	Label	Global
FUN_004177e0	004177e0	Function	Global
LAB_00417803	00417803	Label	Global
FUN_00417810	00417810	Function	Global
LAB_0041782b	0041782b	Label	Global
LAB_0041785e	0041785e	Label	Global
LAB_00417868	00417868	Label	Global
FUN_00417870	00417870	Function	Global
LAB_004178ba	004178ba	Label	Global
LAB_004178e3	004178e3	Label	Global
LAB_00417951	00417951	Label	Global
LAB_0041795b	0041795b	Label	Global
switchD	0041798d	Label	switchD_0041798d
caseD_20e	00417994	Label	switchD_0041798d
caseD_20c	0041799d	Label	switchD_0041798d
caseD_20d	004179e6	Label	switchD_0041798d
caseD_211	004179f2	Label	switchD_0041798d
LAB_004179f9	004179f9	Label	Global
LAB_00417a5b	00417a5b	Label	Global
LAB_00417a6b	00417a6b	Label	Global
LAB_00417aad	00417aad	Label	Global
LAB_00417aef	00417aef	Label	Global
LAB_00417af5	00417af5	Label	Global
LAB_00417b9d	00417b9d	Label	Global
LAB_00417ba9	00417ba9	Label	Global
LAB_00417bbc	00417bbc	Label	Global
LAB_00417bc1	00417bc1	Label	Global
LAB_00417bf5	00417bf5	Label	Global
LAB_00417bf7	00417bf7	Label	Global
LAB_00417c59	00417c59	Label	Global
LAB_00417c5e	00417c5e	Label	Global
LAB_00417c64	00417c64	Label	Global
LAB_00417c75	00417c75	Label	Global
LAB_00417c7e	00417c7e	Label	Global
LAB_00417c8c	00417c8c	Label	Global
switchdataD_00417c98	00417c98	Label	switchD_0041798d
FUN_00417cc0	00417cc0	Function	Global
LAB_00417ce0	00417ce0	Label	Global
LAB_00417d18	00417d18	Label	Global
LAB_00417d35	00417d35	Label	Global
FUN_00417d40	00417d40	Function	Global
LAB_00417d63	00417d63	Label	Global
LAB_00417d8c	00417d8c	Label	Global
LAB_00417d9c	00417d9c	Label	Global
LAB_00417dd0	00417dd0	Label	Global
FUN_00417de0	00417de0	Function	Global
LAB_00417e09	00417e09	Label	Global
LAB_00417e43	00417e43	Label	Global
LAB_00417e5b	00417e5b	Label	Global
FUN_00417e60	00417e60	Function	Global
LAB_00417e73	00417e73	Label	Global
LAB_00417e9c	00417e9c	Label	Global
LAB_00417ed6	00417ed6	Label	Global
LAB_00417eee	00417eee	Label	Global
FUN_00417f00	00417f00	Function	Global
LAB_00417f71	00417f71	Label	Global
LAB_00417f7a	00417f7a	Label	Global
LAB_00417f95	00417f95	Label	Global
FUN_00417fb0	00417fb0	Function	Global
LAB_00417fba	00417fba	Label	Global
LAB_00417fca	00417fca	Label	Global
FUN_00417fd0	00417fd0	Function	Global
FUN_00417ff0	00417ff0	Function	Global
FUN_00418010	00418010	Function	Global
LAB_00418063	00418063	Label	Global
LAB_0041808d	0041808d	Label	Global
FUN_00418090	00418090	Function	Global
FUN_004180c0	004180c0	Function	Global
LAB_004180fa	004180fa	Label	Global
LAB_0041811a	0041811a	Label	Global
LAB_0041815d	0041815d	Label	Global
LAB_00418164	00418164	Label	Global
LAB_00418196	00418196	Label	Global
LAB_0041819d	0041819d	Label	Global
FUN_004181b0	004181b0	Function	Global
LAB_004181dc	004181dc	Label	Global
LAB_00418238	00418238	Label	Global
LAB_00418245	00418245	Label	Global
LAB_00418256	00418256	Label	Global
LAB_00418270	00418270	Label	Global
LAB_004182a2	004182a2	Label	Global
LAB_004182c6	004182c6	Label	Global
LAB_00418300	00418300	Label	Global
LAB_00418307	00418307	Label	Global
LAB_00418325	00418325	Label	Global
FUN_00418330	00418330	Function	Global
LAB_0041834e	0041834e	Label	Global
LAB_00418362	00418362	Label	Global
LAB_00418383	00418383	Label	Global
LAB_0041838d	0041838d	Label	Global
FUN_00418390	00418390	Function	Global
LAB_004183c3	004183c3	Label	Global
LAB_004183e8	004183e8	Label	Global
LAB_004184a5	004184a5	Label	Global
FUN_004184c0	004184c0	Function	Global
FUN_00418510	00418510	Function	Global
LAB_0041853e	0041853e	Label	Global
LAB_00418540	00418540	Label	Global
LAB_00418557	00418557	Label	Global
LAB_00418559	00418559	Label	Global
LAB_00418586	00418586	Label	Global
LAB_004185a5	004185a5	Label	Global
LAB_004185d6	004185d6	Label	Global
LAB_004185fb	004185fb	Label	Global
LAB_00418613	00418613	Label	Global
LAB_00418644	00418644	Label	Global
LAB_00418669	00418669	Label	Global
LAB_00418681	00418681	Label	Global
LAB_004186b2	004186b2	Label	Global
LAB_004186d7	004186d7	Label	Global
LAB_004186ef	004186ef	Label	Global
LAB_00418720	00418720	Label	Global
LAB_00418745	00418745	Label	Global
LAB_00418765	00418765	Label	Global
FUN_00418770	00418770	Function	Global
LAB_0041883e	0041883e	Label	Global
LAB_00418846	00418846	Label	Global
LAB_00418874	00418874	Label	Global
FUN_00418890	00418890	Function	Global
LAB_004188ab	004188ab	Label	Global
LAB_004188fc	004188fc	Label	Global
LAB_00418990	00418990	Label	Global
LAB_004189b2	004189b2	Label	Global
LAB_004189c7	004189c7	Label	Global
switchD	00418a03	Label	switchD_00418a03
caseD_1	00418a0a	Label	switchD_00418a03
caseD_2	00418a0e	Label	switchD_00418a03
default	00418a11	Label	switchD_00418a03
switchD	00418a1e	Label	switchD_00418a1e
caseD_1	00418a25	Label	switchD_00418a1e
caseD_2	00418a33	Label	switchD_00418a1e
default	00418a36	Label	switchD_00418a1e
switchdataD_00418a3c	00418a3c	Label	switchD_00418a03
switchdataD_00418a5c	00418a5c	Label	switchD_00418a1e
FUN_00418a80	00418a80	Function	Global
LAB_00418aa9	00418aa9	Label	Global
LAB_00418b08	00418b08	Label	Global
LAB_00418b0a	00418b0a	Label	Global
LAB_00418b35	00418b35	Label	Global
LAB_00418b4e	00418b4e	Label	Global
LAB_00418b7b	00418b7b	Label	Global
LAB_00418bb6	00418bb6	Label	Global
LAB_00418c3b	00418c3b	Label	Global
LAB_00418c40	00418c40	Label	Global
FUN_00418c50	00418c50	Function	Global
FUN_00418c80	00418c80	Function	Global
FUN_00418cd0	00418cd0	Function	Global
LAB_00418cd6	00418cd6	Label	Global
LAB_00418ceb	00418ceb	Label	Global
LAB_00418cf7	00418cf7	Label	Global
LAB_00418d08	00418d08	Label	Global
LAB_00418d21	00418d21	Label	Global
LAB_00418d45	00418d45	Label	Global
FUN_00418d50	00418d50	Function	Global
LAB_00418d84	00418d84	Label	Global
LAB_00418d8f	00418d8f	Label	Global
LAB_00418da3	00418da3	Label	Global
LAB_00418db3	00418db3	Label	Global
LAB_00418dc7	00418dc7	Label	Global
LAB_00418dd1	00418dd1	Label	Global
LAB_00418de4	00418de4	Label	Global
LAB_00418dee	00418dee	Label	Global
LAB_00418dfc	00418dfc	Label	Global
LAB_00418e0e	00418e0e	Label	Global
LAB_00418e47	00418e47	Label	Global
LAB_00418e96	00418e96	Label	Global
LAB_00418ebe	00418ebe	Label	Global
LAB_00418f20	00418f20	Label	Global
LAB_00418f54	00418f54	Label	Global
LAB_00418f7b	00418f7b	Label	Global
LAB_00418f8d	00418f8d	Label	Global
LAB_00418f98	00418f98	Label	Global
LAB_00418fa8	00418fa8	Label	Global
LAB_00418fac	00418fac	Label	Global
LAB_00418fbc	00418fbc	Label	Global
LAB_00418fc5	00418fc5	Label	Global
LAB_00419000	00419000	Label	Global
LAB_00419004	00419004	Label	Global
LAB_0041901b	0041901b	Label	Global
LAB_00419023	00419023	Label	Global
LAB_00419035	00419035	Label	Global
LAB_0041903d	0041903d	Label	Global
LAB_0041906c	0041906c	Label	Global
LAB_004190ab	004190ab	Label	Global
LAB_004190c5	004190c5	Label	Global
LAB_004190e8	004190e8	Label	Global
LAB_00419140	00419140	Label	Global
LAB_00419151	00419151	Label	Global
LAB_0041916c	0041916c	Label	Global
LAB_00419186	00419186	Label	Global
LAB_0041919f	0041919f	Label	Global
LAB_004191fc	004191fc	Label	Global
LAB_0041920f	0041920f	Label	Global
LAB_00419222	00419222	Label	Global
LAB_00419235	00419235	Label	Global
LAB_00419248	00419248	Label	Global
FUN_00419250	00419250	Function	Global
LAB_00419287	00419287	Label	Global
FUN_00419290	00419290	Function	Global
LAB_004192ee	004192ee	Label	Global
LAB_00419303	00419303	Label	Global
LAB_0041930e	0041930e	Label	Global
LAB_0041933e	0041933e	Label	Global
FUN_00419350	00419350	Function	Global
LAB_00419385	00419385	Label	Global
LAB_00419395	00419395	Label	Global
LAB_0041939b	0041939b	Label	Global
FUN_004193a0	004193a0	Function	Global
LAB_004193f8	004193f8	Label	Global
FUN_00419400	00419400	Function	Global
LAB_0041940e	0041940e	Label	Global
LAB_0041943c	0041943c	Label	Global
LAB_00419440	00419440	Label	Global
FUN_00419480	00419480	Function	Global
LAB_0041948e	0041948e	Label	Global
LAB_004194bc	004194bc	Label	Global
LAB_004194c0	004194c0	Label	Global
FUN_004194d0	004194d0	Function	Global
LAB_00419564	00419564	Label	Global
LAB_004195bc	004195bc	Label	Global
LAB_004195ca	004195ca	Label	Global
LAB_004195d4	004195d4	Label	Global
LAB_004195e3	004195e3	Label	Global
LAB_004195f8	004195f8	Label	Global
LAB_0041964b	0041964b	Label	Global
LAB_00419655	00419655	Label	Global
LAB_00419659	00419659	Label	Global
LAB_00419661	00419661	Label	Global
LAB_0041968d	0041968d	Label	Global
LAB_004196a2	004196a2	Label	Global
LAB_00419741	00419741	Label	Global
LAB_00419762	00419762	Label	Global
LAB_0041976c	0041976c	Label	Global
LAB_00419781	00419781	Label	Global
FUN_004197a0	004197a0	Function	Global
LAB_004197ef	004197ef	Label	Global
LAB_004197f9	004197f9	Label	Global
LAB_004197fd	004197fd	Label	Global
LAB_00419805	00419805	Label	Global
LAB_0041981f	0041981f	Label	Global
FUN_00419830	00419830	Function	Global
LAB_00419879	00419879	Label	Global
LAB_00419899	00419899	Label	Global
LAB_004198a7	004198a7	Label	Global
LAB_004198b1	004198b1	Label	Global
LAB_00419911	00419911	Label	Global
LAB_0041991f	0041991f	Label	Global
LAB_00419929	00419929	Label	Global
LAB_00419935	00419935	Label	Global
LAB_00419944	00419944	Label	Global
FUN_00419950	00419950	Function	Global
LAB_00419996	00419996	Label	Global
LAB_0041999d	0041999d	Label	Global
LAB_004199c4	004199c4	Label	Global
LAB_004199d2	004199d2	Label	Global
LAB_004199eb	004199eb	Label	Global
LAB_00419a0b	00419a0b	Label	Global
FUN_00419a10	00419a10	Function	Global
LAB_00419a8a	00419a8a	Label	Global
LAB_00419a91	00419a91	Label	Global
LAB_00419a9b	00419a9b	Label	Global
LAB_00419aae	00419aae	Label	Global
LAB_00419ab2	00419ab2	Label	Global
LAB_00419adb	00419adb	Label	Global
LAB_00419ae5	00419ae5	Label	Global
LAB_00419aff	00419aff	Label	Global
LAB_00419b01	00419b01	Label	Global
LAB_00419b0c	00419b0c	Label	Global
LAB_00419b0e	00419b0e	Label	Global
LAB_00419b1b	00419b1b	Label	Global
LAB_00419b1d	00419b1d	Label	Global
LAB_00419b30	00419b30	Label	Global
LAB_00419b44	00419b44	Label	Global
LAB_00419b52	00419b52	Label	Global
FUN_00419b60	00419b60	Function	Global
LAB_00419bd0	00419bd0	Label	Global
LAB_00419be0	00419be0	Label	Global
FUN_00419bf0	00419bf0	Function	Global
LAB_00419c11	00419c11	Label	Global
LAB_00419c1e	00419c1e	Label	Global
LAB_00419c30	00419c30	Label	Global
LAB_00419c34	00419c34	Label	Global
LAB_00419c38	00419c38	Label	Global
FUN_00419c40	00419c40	Function	Global
LAB_00419c61	00419c61	Label	Global
LAB_00419c6e	00419c6e	Label	Global
LAB_00419c7d	00419c7d	Label	Global
LAB_00419c81	00419c81	Label	Global
LAB_00419c85	00419c85	Label	Global
FUN_00419c90	00419c90	Function	Global
LAB_00419cc2	00419cc2	Label	Global
LAB_00419cd4	00419cd4	Label	Global
LAB_00419ce2	00419ce2	Label	Global
LAB_00419cf4	00419cf4	Label	Global
LAB_00419d0b	00419d0b	Label	Global
LAB_00419da2	00419da2	Label	Global
LAB_00419dc4	00419dc4	Label	Global
LAB_00419ddc	00419ddc	Label	Global
LAB_00419df8	00419df8	Label	Global
LAB_00419dfc	00419dfc	Label	Global
LAB_00419e04	00419e04	Label	Global
LAB_00419e2d	00419e2d	Label	Global
LAB_00419e32	00419e32	Label	Global
LAB_00419e37	00419e37	Label	Global
LAB_00419e3b	00419e3b	Label	Global
LAB_00419e3f	00419e3f	Label	Global
LAB_00419e50	00419e50	Label	Global
FUN_00419e60	00419e60	Function	Global
LAB_00419e81	00419e81	Label	Global
LAB_00419e8e	00419e8e	Label	Global
LAB_00419e9d	00419e9d	Label	Global
LAB_00419ea1	00419ea1	Label	Global
LAB_00419ea5	00419ea5	Label	Global
FUN_00419eb0	00419eb0	Function	Global
LAB_00419f20	00419f20	Label	Global
LAB_00419f36	00419f36	Label	Global
LAB_00419f80	00419f80	Label	Global
FUN_00419f90	00419f90	Function	Global
LAB_00419fc0	00419fc0	Label	Global
LAB_0041a005	0041a005	Label	Global
LAB_0041a082	0041a082	Label	Global
LAB_0041a0df	0041a0df	Label	Global
LAB_0041a136	0041a136	Label	Global
LAB_0041a13c	0041a13c	Label	Global
LAB_0041a176	0041a176	Label	Global
LAB_0041a183	0041a183	Label	Global
LAB_0041a18e	0041a18e	Label	Global
LAB_0041a194	0041a194	Label	Global
LAB_0041a1a4	0041a1a4	Label	Global
FUN_0041a1b0	0041a1b0	Function	Global
LAB_0041a1ec	0041a1ec	Label	Global
LAB_0041a1f9	0041a1f9	Label	Global
LAB_0041a207	0041a207	Label	Global
LAB_0041a219	0041a219	Label	Global
LAB_0041a22b	0041a22b	Label	Global
LAB_0041a244	0041a244	Label	Global
LAB_0041a274	0041a274	Label	Global
LAB_0041a281	0041a281	Label	Global
LAB_0041a2b1	0041a2b1	Label	Global
LAB_0041a2c6	0041a2c6	Label	Global
LAB_0041a2d0	0041a2d0	Label	Global
LAB_0041a2fd	0041a2fd	Label	Global
LAB_0041a33e	0041a33e	Label	Global
LAB_0041a3f8	0041a3f8	Label	Global
LAB_0041a416	0041a416	Label	Global
LAB_0041a42c	0041a42c	Label	Global
LAB_0041a446	0041a446	Label	Global
LAB_0041a46e	0041a46e	Label	Global
LAB_0041a473	0041a473	Label	Global
LAB_0041a4a1	0041a4a1	Label	Global
LAB_0041a4db	0041a4db	Label	Global
LAB_0041a4df	0041a4df	Label	Global
LAB_0041a5d5	0041a5d5	Label	Global
LAB_0041a5d9	0041a5d9	Label	Global
LAB_0041a5ff	0041a5ff	Label	Global
LAB_0041a624	0041a624	Label	Global
LAB_0041a654	0041a654	Label	Global
LAB_0041a6a1	0041a6a1	Label	Global
LAB_0041a6af	0041a6af	Label	Global
LAB_0041a6d1	0041a6d1	Label	Global
FUN_0041a6f0	0041a6f0	Function	Global
LAB_0041a732	0041a732	Label	Global
LAB_0041a758	0041a758	Label	Global
LAB_0041a78d	0041a78d	Label	Global
LAB_0041a797	0041a797	Label	Global
FUN_0041a7a0	0041a7a0	Function	Global
LAB_0041a7cc	0041a7cc	Label	Global
FUN_0041a7d0	0041a7d0	Function	Global
LAB_0041a7ea	0041a7ea	Label	Global
LAB_0041a827	0041a827	Label	Global
LAB_0041a8ad	0041a8ad	Label	Global
LAB_0041a8fc	0041a8fc	Label	Global
LAB_0041a995	0041a995	Label	Global
LAB_0041a9a4	0041a9a4	Label	Global
LAB_0041a9e4	0041a9e4	Label	Global
LAB_0041a9ea	0041a9ea	Label	Global
LAB_0041a9fa	0041a9fa	Label	Global
FUN_0041aa00	0041aa00	Function	Global
LAB_0041aa1c	0041aa1c	Label	Global
LAB_0041aa32	0041aa32	Label	Global
LAB_0041aa71	0041aa71	Label	Global
LAB_0041aa80	0041aa80	Label	Global
LAB_0041aacf	0041aacf	Label	Global
LAB_0041aaf8	0041aaf8	Label	Global
LAB_0041ab00	0041ab00	Label	Global
LAB_0041ab19	0041ab19	Label	Global
LAB_0041abdd	0041abdd	Label	Global
LAB_0041ac29	0041ac29	Label	Global
LAB_0041ac34	0041ac34	Label	Global
LAB_0041ac3b	0041ac3b	Label	Global
LAB_0041ac50	0041ac50	Label	Global
LAB_0041ac92	0041ac92	Label	Global
FUN_0041aca0	0041aca0	Function	Global
LAB_0041ace7	0041ace7	Label	Global
LAB_0041acfa	0041acfa	Label	Global
LAB_0041ad02	0041ad02	Label	Global
LAB_0041ad08	0041ad08	Label	Global
LAB_0041ad0a	0041ad0a	Label	Global
FUN_0041ad10	0041ad10	Function	Global
LAB_0041ad22	0041ad22	Label	Global
LAB_0041ad5e	0041ad5e	Label	Global
LAB_0041ad7e	0041ad7e	Label	Global
LAB_0041ae08	0041ae08	Label	Global
LAB_0041ae17	0041ae17	Label	Global
LAB_0041ae22	0041ae22	Label	Global
LAB_0041ae34	0041ae34	Label	Global
LAB_0041ae49	0041ae49	Label	Global
LAB_0041aeb4	0041aeb4	Label	Global
LAB_0041aed8	0041aed8	Label	Global
LAB_0041aedf	0041aedf	Label	Global
LAB_0041aee7	0041aee7	Label	Global
LAB_0041aef8	0041aef8	Label	Global
LAB_0041af35	0041af35	Label	Global
LAB_0041af5d	0041af5d	Label	Global
LAB_0041af68	0041af68	Label	Global
LAB_0041af7e	0041af7e	Label	Global
LAB_0041af81	0041af81	Label	Global
LAB_0041af88	0041af88	Label	Global
LAB_0041af9e	0041af9e	Label	Global
FUN_0041afa0	0041afa0	Function	Global
LAB_0041afd5	0041afd5	Label	Global
FUN_0041aff0	0041aff0	Function	Global
FUN_0041b010	0041b010	Function	Global
LAB_0041b06c	0041b06c	Label	Global
LAB_0041b084	0041b084	Label	Global
LAB_0041b088	0041b088	Label	Global
LAB_0041b0d2	0041b0d2	Label	Global
FUN_0041b130	0041b130	Function	Global
LAB_0041b156	0041b156	Label	Global
LAB_0041b177	0041b177	Label	Global
LAB_0041b19b	0041b19b	Label	Global
LAB_0041b1bb	0041b1bb	Label	Global
LAB_0041b1d1	0041b1d1	Label	Global
LAB_0041b1e3	0041b1e3	Label	Global
LAB_0041b1f6	0041b1f6	Label	Global
LAB_0041b209	0041b209	Label	Global
LAB_0041b228	0041b228	Label	Global
LAB_0041b240	0041b240	Label	Global
LAB_0041b24c	0041b24c	Label	Global
LAB_0041b286	0041b286	Label	Global
LAB_0041b298	0041b298	Label	Global
FUN_0041b2b0	0041b2b0	Function	Global
LAB_0041b2b3	0041b2b3	Label	Global
LAB_0041b2c0	0041b2c0	Label	Global
LAB_0041b2d6	0041b2d6	Label	Global
FUN_0041b2e0	0041b2e0	Function	Global
LAB_0041b305	0041b305	Label	Global
LAB_0041b367	0041b367	Label	Global
LAB_0041b3d5	0041b3d5	Label	Global
LAB_0041b41e	0041b41e	Label	Global
LAB_0041b478	0041b478	Label	Global
LAB_0041b4a4	0041b4a4	Label	Global
LAB_0041b4dd	0041b4dd	Label	Global
LAB_0041b5bf	0041b5bf	Label	Global
LAB_0041b5ec	0041b5ec	Label	Global
LAB_0041b60f	0041b60f	Label	Global
LAB_0041b644	0041b644	Label	Global
LAB_0041b66b	0041b66b	Label	Global
LAB_0041b692	0041b692	Label	Global
LAB_0041b6c0	0041b6c0	Label	Global
LAB_0041b6e0	0041b6e0	Label	Global
LAB_0041b702	0041b702	Label	Global
LAB_0041b707	0041b707	Label	Global
LAB_0041b727	0041b727	Label	Global
LAB_0041b740	0041b740	Label	Global
LAB_0041b75c	0041b75c	Label	Global
LAB_0041b777	0041b777	Label	Global
LAB_0041b77c	0041b77c	Label	Global
LAB_0041b79a	0041b79a	Label	Global
LAB_0041b7b0	0041b7b0	Label	Global
LAB_0041b7e7	0041b7e7	Label	Global
LAB_0041b80e	0041b80e	Label	Global
LAB_0041b813	0041b813	Label	Global
LAB_0041b846	0041b846	Label	Global
LAB_0041b850	0041b850	Label	Global
LAB_0041b88a	0041b88a	Label	Global
LAB_0041b8b1	0041b8b1	Label	Global
LAB_0041b8b6	0041b8b6	Label	Global
LAB_0041b8ec	0041b8ec	Label	Global
LAB_0041b900	0041b900	Label	Global
LAB_0041b937	0041b937	Label	Global
LAB_0041b95e	0041b95e	Label	Global
LAB_0041b963	0041b963	Label	Global
LAB_0041b996	0041b996	Label	Global
LAB_0041b9a0	0041b9a0	Label	Global
LAB_0041b9d7	0041b9d7	Label	Global
LAB_0041b9fe	0041b9fe	Label	Global
LAB_0041ba03	0041ba03	Label	Global
LAB_0041ba36	0041ba36	Label	Global
LAB_0041ba40	0041ba40	Label	Global
LAB_0041ba77	0041ba77	Label	Global
LAB_0041baa3	0041baa3	Label	Global
LAB_0041baa8	0041baa8	Label	Global
LAB_0041badb	0041badb	Label	Global
LAB_0041baf0	0041baf0	Label	Global
LAB_0041bb27	0041bb27	Label	Global
LAB_0041bb4e	0041bb4e	Label	Global
LAB_0041bb53	0041bb53	Label	Global
LAB_0041bb86	0041bb86	Label	Global
LAB_0041bb90	0041bb90	Label	Global
LAB_0041bbc7	0041bbc7	Label	Global
LAB_0041bbee	0041bbee	Label	Global
LAB_0041bbf3	0041bbf3	Label	Global
LAB_0041bc26	0041bc26	Label	Global
LAB_0041bc30	0041bc30	Label	Global
LAB_0041bc6f	0041bc6f	Label	Global
LAB_0041bca0	0041bca0	Label	Global
LAB_0041bccf	0041bccf	Label	Global
LAB_0041bcf0	0041bcf0	Label	Global
LAB_0041bd10	0041bd10	Label	Global
LAB_0041bd30	0041bd30	Label	Global
LAB_0041bd50	0041bd50	Label	Global
LAB_0041bd70	0041bd70	Label	Global
LAB_0041bda0	0041bda0	Label	Global
LAB_0041bdc0	0041bdc0	Label	Global
LAB_0041bde0	0041bde0	Label	Global
LAB_0041be00	0041be00	Label	Global
LAB_0041be20	0041be20	Label	Global
LAB_0041be40	0041be40	Label	Global
LAB_0041be60	0041be60	Label	Global
LAB_0041be80	0041be80	Label	Global
LAB_0041bec0	0041bec0	Label	Global
LAB_0041bee0	0041bee0	Label	Global
LAB_0041bf00	0041bf00	Label	Global
LAB_0041bf20	0041bf20	Label	Global
LAB_0041bf60	0041bf60	Label	Global
LAB_0041bf80	0041bf80	Label	Global
LAB_0041bfa0	0041bfa0	Label	Global
LAB_0041bfc0	0041bfc0	Label	Global
LAB_0041c000	0041c000	Label	Global
LAB_0041c020	0041c020	Label	Global
LAB_0041c040	0041c040	Label	Global
LAB_0041c060	0041c060	Label	Global
LAB_0041c0a0	0041c0a0	Label	Global
LAB_0041c0c0	0041c0c0	Label	Global
LAB_0041c0e0	0041c0e0	Label	Global
LAB_0041c100	0041c100	Label	Global
FUN_0041c140	0041c140	Function	Global
LAB_0041c160	0041c160	Label	Global
LAB_0041c180	0041c180	Label	Global
LAB_0041c1a0	0041c1a0	Label	Global
LAB_0041c1e0	0041c1e0	Label	Global
LAB_0041c200	0041c200	Label	Global
LAB_0041c220	0041c220	Label	Global
LAB_0041c240	0041c240	Label	Global
LAB_0041c280	0041c280	Label	Global
LAB_0041c2a0	0041c2a0	Label	Global
LAB_0041c2c6	0041c2c6	Label	Global
LAB_0041c2ca	0041c2ca	Label	Global
LAB_0041c2ce	0041c2ce	Label	Global
LAB_0041c2d4	0041c2d4	Label	Global
LAB_0041c2e0	0041c2e0	Label	Global
LAB_0041c30c	0041c30c	Label	Global
LAB_0041c310	0041c310	Label	Global
LAB_0041c314	0041c314	Label	Global
LAB_0041c31a	0041c31a	Label	Global
LAB_0041c320	0041c320	Label	Global
LAB_0041c348	0041c348	Label	Global
LAB_0041c34e	0041c34e	Label	Global
LAB_0041c352	0041c352	Label	Global
LAB_0041c358	0041c358	Label	Global
LAB_0041c360	0041c360	Label	Global
LAB_0041c38e	0041c38e	Label	Global
LAB_0041c394	0041c394	Label	Global
LAB_0041c398	0041c398	Label	Global
LAB_0041c39e	0041c39e	Label	Global
LAB_0041c3b0	0041c3b0	Label	Global
LAB_0041c400	0041c400	Label	Global
LAB_0041c46d	0041c46d	Label	Global
LAB_0041c471	0041c471	Label	Global
LAB_0041c475	0041c475	Label	Global
LAB_0041c47b	0041c47b	Label	Global
LAB_0041c47e	0041c47e	Label	Global
LAB_0041c490	0041c490	Label	Global
LAB_0041c4e0	0041c4e0	Label	Global
LAB_0041c55c	0041c55c	Label	Global
LAB_0041c560	0041c560	Label	Global
LAB_0041c564	0041c564	Label	Global
LAB_0041c56a	0041c56a	Label	Global
LAB_0041c56d	0041c56d	Label	Global
LAB_0041c580	0041c580	Label	Global
LAB_0041c5a0	0041c5a0	Label	Global
LAB_0041c5f0	0041c5f0	Label	Global
LAB_0041c5f4	0041c5f4	Label	Global
LAB_0041c5f8	0041c5f8	Label	Global
LAB_0041c5fe	0041c5fe	Label	Global
LAB_0041c601	0041c601	Label	Global
LAB_0041c610	0041c610	Label	Global
LAB_0041c640	0041c640	Label	Global
LAB_0041c69f	0041c69f	Label	Global
LAB_0041c6a3	0041c6a3	Label	Global
LAB_0041c6a7	0041c6a7	Label	Global
LAB_0041c6ad	0041c6ad	Label	Global
LAB_0041c6b0	0041c6b0	Label	Global
LAB_0041c6c0	0041c6c0	Label	Global
LAB_0041c70e	0041c70e	Label	Global
LAB_0041c74f	0041c74f	Label	Global
LAB_0041c762	0041c762	Label	Global
switchD	0041c7d0	Label	switchD_0041c7d0
caseD_1	0041c7d7	Label	switchD_0041c7d0
caseD_0	0041c802	Label	switchD_0041c7d0
switchdataD_0041c850	0041c850	Label	switchD_0041c7d0
LAB_0041c870	0041c870	Label	Global
LAB_0041c8dd	0041c8dd	Label	Global
LAB_0041c8e1	0041c8e1	Label	Global
LAB_0041c8e5	0041c8e5	Label	Global
LAB_0041c8eb	0041c8eb	Label	Global
LAB_0041c8ee	0041c8ee	Label	Global
LAB_0041c900	0041c900	Label	Global
LAB_0041c950	0041c950	Label	Global
LAB_0041c9cc	0041c9cc	Label	Global
LAB_0041c9d0	0041c9d0	Label	Global
LAB_0041c9d4	0041c9d4	Label	Global
LAB_0041c9da	0041c9da	Label	Global
LAB_0041c9dd	0041c9dd	Label	Global
LAB_0041c9f0	0041c9f0	Label	Global
LAB_0041ca10	0041ca10	Label	Global
LAB_0041ca60	0041ca60	Label	Global
LAB_0041ca64	0041ca64	Label	Global
LAB_0041ca68	0041ca68	Label	Global
LAB_0041ca6e	0041ca6e	Label	Global
LAB_0041ca71	0041ca71	Label	Global
LAB_0041ca80	0041ca80	Label	Global
LAB_0041cab0	0041cab0	Label	Global
LAB_0041cb0f	0041cb0f	Label	Global
LAB_0041cb13	0041cb13	Label	Global
LAB_0041cb17	0041cb17	Label	Global
LAB_0041cb1d	0041cb1d	Label	Global
LAB_0041cb20	0041cb20	Label	Global
LAB_0041cb30	0041cb30	Label	Global
LAB_0041cb80	0041cb80	Label	Global
LAB_0041cbed	0041cbed	Label	Global
LAB_0041cbf1	0041cbf1	Label	Global
LAB_0041cbf5	0041cbf5	Label	Global
LAB_0041cbfb	0041cbfb	Label	Global
LAB_0041cbfe	0041cbfe	Label	Global
LAB_0041cc10	0041cc10	Label	Global
LAB_0041cc60	0041cc60	Label	Global
LAB_0041ccdc	0041ccdc	Label	Global
LAB_0041cce0	0041cce0	Label	Global
LAB_0041cce4	0041cce4	Label	Global
LAB_0041ccea	0041ccea	Label	Global
LAB_0041cced	0041cced	Label	Global
LAB_0041cd00	0041cd00	Label	Global
LAB_0041cd50	0041cd50	Label	Global
LAB_0041cdbd	0041cdbd	Label	Global
LAB_0041cdc1	0041cdc1	Label	Global
LAB_0041cdc5	0041cdc5	Label	Global
LAB_0041cdcb	0041cdcb	Label	Global
LAB_0041cdce	0041cdce	Label	Global
LAB_0041cde0	0041cde0	Label	Global
LAB_0041ce30	0041ce30	Label	Global
LAB_0041ceac	0041ceac	Label	Global
LAB_0041ceb0	0041ceb0	Label	Global
LAB_0041ceb4	0041ceb4	Label	Global
LAB_0041ceba	0041ceba	Label	Global
LAB_0041cebd	0041cebd	Label	Global
LAB_0041ced0	0041ced0	Label	Global
LAB_0041cf20	0041cf20	Label	Global
LAB_0041cf8d	0041cf8d	Label	Global
LAB_0041cf91	0041cf91	Label	Global
LAB_0041cf95	0041cf95	Label	Global
LAB_0041cf9b	0041cf9b	Label	Global
LAB_0041cf9e	0041cf9e	Label	Global
LAB_0041cfb0	0041cfb0	Label	Global
LAB_0041d000	0041d000	Label	Global
LAB_0041d07c	0041d07c	Label	Global
LAB_0041d080	0041d080	Label	Global
LAB_0041d084	0041d084	Label	Global
LAB_0041d08a	0041d08a	Label	Global
LAB_0041d08d	0041d08d	Label	Global
LAB_0041d0a0	0041d0a0	Label	Global
LAB_0041d0f0	0041d0f0	Label	Global
LAB_0041d15c	0041d15c	Label	Global
LAB_0041d160	0041d160	Label	Global
LAB_0041d164	0041d164	Label	Global
LAB_0041d16a	0041d16a	Label	Global
LAB_0041d16d	0041d16d	Label	Global
LAB_0041d180	0041d180	Label	Global
LAB_0041d1d0	0041d1d0	Label	Global
LAB_0041d24a	0041d24a	Label	Global
LAB_0041d24e	0041d24e	Label	Global
LAB_0041d252	0041d252	Label	Global
LAB_0041d258	0041d258	Label	Global
LAB_0041d25b	0041d25b	Label	Global
LAB_0041d270	0041d270	Label	Global
LAB_0041d2c0	0041d2c0	Label	Global
LAB_0041d32a	0041d32a	Label	Global
LAB_0041d32e	0041d32e	Label	Global
LAB_0041d332	0041d332	Label	Global
LAB_0041d338	0041d338	Label	Global
LAB_0041d33b	0041d33b	Label	Global
LAB_0041d350	0041d350	Label	Global
LAB_0041d3a0	0041d3a0	Label	Global
LAB_0041d419	0041d419	Label	Global
LAB_0041d41d	0041d41d	Label	Global
LAB_0041d421	0041d421	Label	Global
LAB_0041d427	0041d427	Label	Global
LAB_0041d42a	0041d42a	Label	Global
LAB_0041d440	0041d440	Label	Global
LAB_0041d490	0041d490	Label	Global
LAB_0041d507	0041d507	Label	Global
LAB_0041d50b	0041d50b	Label	Global
LAB_0041d50f	0041d50f	Label	Global
LAB_0041d515	0041d515	Label	Global
LAB_0041d518	0041d518	Label	Global
LAB_0041d520	0041d520	Label	Global
LAB_0041d580	0041d580	Label	Global
LAB_0041d605	0041d605	Label	Global
LAB_0041d609	0041d609	Label	Global
LAB_0041d60d	0041d60d	Label	Global
LAB_0041d613	0041d613	Label	Global
LAB_0041d616	0041d616	Label	Global
LAB_0041d620	0041d620	Label	Global
LAB_0041d670	0041d670	Label	Global
LAB_0041d6e6	0041d6e6	Label	Global
LAB_0041d6ea	0041d6ea	Label	Global
LAB_0041d6ee	0041d6ee	Label	Global
LAB_0041d6f4	0041d6f4	Label	Global
LAB_0041d6f7	0041d6f7	Label	Global
LAB_0041d700	0041d700	Label	Global
LAB_0041d760	0041d760	Label	Global
LAB_0041d7e7	0041d7e7	Label	Global
LAB_0041d7eb	0041d7eb	Label	Global
LAB_0041d7ef	0041d7ef	Label	Global
LAB_0041d7f5	0041d7f5	Label	Global
LAB_0041d7f8	0041d7f8	Label	Global
LAB_0041d800	0041d800	Label	Global
LAB_0041d840	0041d840	Label	Global
LAB_0041d8a1	0041d8a1	Label	Global
LAB_0041d8a5	0041d8a5	Label	Global
LAB_0041d8a9	0041d8a9	Label	Global
LAB_0041d8af	0041d8af	Label	Global
LAB_0041d8b2	0041d8b2	Label	Global
LAB_0041d8c0	0041d8c0	Label	Global
LAB_0041d900	0041d900	Label	Global
LAB_0041d971	0041d971	Label	Global
LAB_0041d975	0041d975	Label	Global
LAB_0041d979	0041d979	Label	Global
LAB_0041d97f	0041d97f	Label	Global
LAB_0041d982	0041d982	Label	Global
LAB_0041d990	0041d990	Label	Global
LAB_0041d9c0	0041d9c0	Label	Global
LAB_0041da18	0041da18	Label	Global
LAB_0041da1c	0041da1c	Label	Global
LAB_0041da20	0041da20	Label	Global
LAB_0041da26	0041da26	Label	Global
LAB_0041da29	0041da29	Label	Global
LAB_0041da30	0041da30	Label	Global
LAB_0041da60	0041da60	Label	Global
LAB_0041dac7	0041dac7	Label	Global
LAB_0041dacb	0041dacb	Label	Global
LAB_0041dacf	0041dacf	Label	Global
LAB_0041dad5	0041dad5	Label	Global
LAB_0041dad8	0041dad8	Label	Global
LAB_0041dae0	0041dae0	Label	Global
LAB_0041db32	0041db32	Label	Global
LAB_0041db3f	0041db3f	Label	Global
LAB_0041db50	0041db50	Label	Global
LAB_0041dbb7	0041dbb7	Label	Global
LAB_0041dbc5	0041dbc5	Label	Global
LAB_0041dbc7	0041dbc7	Label	Global
LAB_0041dbe6	0041dbe6	Label	Global
LAB_0041dbea	0041dbea	Label	Global
LAB_0041dbee	0041dbee	Label	Global
LAB_0041dbf4	0041dbf4	Label	Global
LAB_0041dbf7	0041dbf7	Label	Global
LAB_0041dc00	0041dc00	Label	Global
LAB_0041dc5a	0041dc5a	Label	Global
LAB_0041dc67	0041dc67	Label	Global
LAB_0041dc70	0041dc70	Label	Global
LAB_0041dce6	0041dce6	Label	Global
LAB_0041dcf4	0041dcf4	Label	Global
LAB_0041dcf6	0041dcf6	Label	Global
LAB_0041dd15	0041dd15	Label	Global
LAB_0041dd19	0041dd19	Label	Global
LAB_0041dd1d	0041dd1d	Label	Global
LAB_0041dd23	0041dd23	Label	Global
LAB_0041dd26	0041dd26	Label	Global
LAB_0041dd30	0041dd30	Label	Global
LAB_0041dd60	0041dd60	Label	Global
LAB_0041ddba	0041ddba	Label	Global
LAB_0041ddbe	0041ddbe	Label	Global
LAB_0041ddc2	0041ddc2	Label	Global
LAB_0041ddc8	0041ddc8	Label	Global
LAB_0041ddcb	0041ddcb	Label	Global
LAB_0041ddd0	0041ddd0	Label	Global
LAB_0041de10	0041de10	Label	Global
LAB_0041de7a	0041de7a	Label	Global
LAB_0041de7e	0041de7e	Label	Global
LAB_0041de82	0041de82	Label	Global
LAB_0041de88	0041de88	Label	Global
LAB_0041de8b	0041de8b	Label	Global
LAB_0041de90	0041de90	Label	Global
LAB_0041dec7	0041dec7	Label	Global
LAB_0041dee0	0041dee0	Label	Global
LAB_0041df05	0041df05	Label	Global
LAB_0041df57	0041df57	Label	Global
FUN_0041df60	0041df60	Function	Global
LAB_0041df73	0041df73	Label	Global
LAB_0041df8e	0041df8e	Label	Global
LAB_0041df96	0041df96	Label	Global
LAB_0041dfa8	0041dfa8	Label	Global
LAB_0041dfbe	0041dfbe	Label	Global
LAB_0041dfe0	0041dfe0	Label	Global
LAB_0041e009	0041e009	Label	Global
LAB_0041e056	0041e056	Label	Global
LAB_0041e072	0041e072	Label	Global
LAB_0041e08d	0041e08d	Label	Global
LAB_0041e095	0041e095	Label	Global
LAB_0041e0a7	0041e0a7	Label	Global
LAB_0041e0b9	0041e0b9	Label	Global
LAB_0041e0d0	0041e0d0	Label	Global
LAB_0041e0e0	0041e0e0	Label	Global
DAT_0041e0f0	0041e0f0	Label	Global
LAB_0041e120	0041e120	Label	Global
LAB_0041e12f	0041e12f	Label	Global
LAB_0041e134	0041e134	Label	Global
LAB_0041e14e	0041e14e	Label	Global
LAB_0041e15b	0041e15b	Label	Global
LAB_0041e160	0041e160	Label	Global
LAB_0041e170	0041e170	Label	Global
LAB_0041e191	0041e191	Label	Global
LAB_0041e1ad	0041e1ad	Label	Global
LAB_0041e1ae	0041e1ae	Label	Global
LAB_0041e1c0	0041e1c0	Label	Global
LAB_0041e200	0041e200	Label	Global
LAB_0041e241	0041e241	Label	Global
LAB_0041e250	0041e250	Label	Global
DAT_0041e260	0041e260	Label	Global
DAT_0041e270	0041e270	Label	Global
DAT_0041e280	0041e280	Label	Global
LAB_0041e290	0041e290	Label	Global
LAB_0041e2c7	0041e2c7	Label	Global
LAB_0041e2e0	0041e2e0	Label	Global
LAB_0041e319	0041e319	Label	Global
LAB_0041e330	0041e330	Label	Global
LAB_0041e390	0041e390	Label	Global
DAT_0041e3f0	0041e3f0	Label	Global
DAT_0041e400	0041e400	Label	Global
FUN_0041e410	0041e410	Function	Global
LAB_0041e450	0041e450	Label	Global
LAB_0041e46e	0041e46e	Label	Global
LAB_0041e475	0041e475	Label	Global
LAB_0041e480	0041e480	Label	Global
LAB_0041e490	0041e490	Label	Global
LAB_0041e4a0	0041e4a0	Label	Global
LAB_0041e4b0	0041e4b0	Label	Global
LAB_0041e4c0	0041e4c0	Label	Global
LAB_0041e4f8	0041e4f8	Label	Global
LAB_0041e4ff	0041e4ff	Label	Global
LAB_0041e510	0041e510	Label	Global
LAB_0041e548	0041e548	Label	Global
LAB_0041e54f	0041e54f	Label	Global
LAB_0041e560	0041e560	Label	Global
LAB_0041e598	0041e598	Label	Global
LAB_0041e59f	0041e59f	Label	Global
LAB_0041e5b0	0041e5b0	Label	Global
LAB_0041e5be	0041e5be	Label	Global
LAB_0041e5f3	0041e5f3	Label	Global
LAB_0041e5fa	0041e5fa	Label	Global
LAB_0041e600	0041e600	Label	Global
LAB_0041e60b	0041e60b	Label	Global
LAB_0041e620	0041e620	Label	Global
LAB_0041e62b	0041e62b	Label	Global
LAB_0041e640	0041e640	Label	Global
LAB_0041e660	0041e660	Label	Global
LAB_0041e66e	0041e66e	Label	Global
LAB_0041e680	0041e680	Label	Global
LAB_0041e6a0	0041e6a0	Label	Global
LAB_0041e6b7	0041e6b7	Label	Global
LAB_0041e6c1	0041e6c1	Label	Global
LAB_0041e6d0	0041e6d0	Label	Global
LAB_0041e6e9	0041e6e9	Label	Global
LAB_0041e6ef	0041e6ef	Label	Global
LAB_0041e700	0041e700	Label	Global
LAB_0041e719	0041e719	Label	Global
LAB_0041e725	0041e725	Label	Global
LAB_0041e730	0041e730	Label	Global
LAB_0041e749	0041e749	Label	Global
LAB_0041e74f	0041e74f	Label	Global
LAB_0041e760	0041e760	Label	Global
LAB_0041e77a	0041e77a	Label	Global
LAB_0041e786	0041e786	Label	Global
LAB_0041e78a	0041e78a	Label	Global
LAB_0041e7a0	0041e7a0	Label	Global
LAB_0041e7ba	0041e7ba	Label	Global
LAB_0041e7c0	0041e7c0	Label	Global
LAB_0041e7c4	0041e7c4	Label	Global
LAB_0041e7e0	0041e7e0	Label	Global
LAB_0041e7f0	0041e7f0	Label	Global
LAB_0041e818	0041e818	Label	Global
LAB_0041e81e	0041e81e	Label	Global
LAB_0041e830	0041e830	Label	Global
LAB_0041e860	0041e860	Label	Global
LAB_0041e890	0041e890	Label	Global
FUN_0041e8c0	0041e8c0	Function	Global
LAB_0041e8f2	0041e8f2	Label	Global
LAB_0041e91c	0041e91c	Label	Global
LAB_0041e92e	0041e92e	Label	Global
LAB_0041e946	0041e946	Label	Global
LAB_0041e94a	0041e94a	Label	Global
LAB_0041e95f	0041e95f	Label	Global
LAB_0041e970	0041e970	Label	Global
LAB_0041e98e	0041e98e	Label	Global
LAB_0041e9a0	0041e9a0	Label	Global
LAB_0041e9c5	0041e9c5	Label	Global
LAB_0041e9e0	0041e9e0	Label	Global
LAB_0041e9fd	0041e9fd	Label	Global
LAB_0041ea0c	0041ea0c	Label	Global
LAB_0041ea10	0041ea10	Label	Global
LAB_0041ea1d	0041ea1d	Label	Global
LAB_0041ea20	0041ea20	Label	Global
LAB_0041ea60	0041ea60	Label	Global
LAB_0041eaa0	0041eaa0	Label	Global
LAB_0041eae0	0041eae0	Label	Global
LAB_0041eb20	0041eb20	Label	Global
LAB_0041eb60	0041eb60	Label	Global
LAB_0041eb80	0041eb80	Label	Global
LAB_0041eb90	0041eb90	Label	Global
LAB_0041eba0	0041eba0	Label	Global
LAB_0041ebb0	0041ebb0	Label	Global
LAB_0041ebd9	0041ebd9	Label	Global
LAB_0041ebe0	0041ebe0	Label	Global
LAB_0041ebf0	0041ebf0	Label	Global
LAB_0041ec00	0041ec00	Label	Global
LAB_0041ec10	0041ec10	Label	Global
LAB_0041ec20	0041ec20	Label	Global
LAB_0041ec50	0041ec50	Label	Global
LAB_0041ec90	0041ec90	Label	Global
LAB_0041ecd0	0041ecd0	Label	Global
LAB_0041ece0	0041ece0	Label	Global
LAB_0041ecf0	0041ecf0	Label	Global
LAB_0041ed14	0041ed14	Label	Global
LAB_0041ed21	0041ed21	Label	Global
LAB_0041ed30	0041ed30	Label	Global
FUN_0041ed40	0041ed40	Function	Global
LAB_0041ed4c	0041ed4c	Label	Global
LAB_0041ed6c	0041ed6c	Label	Global
FUN_0041ed70	0041ed70	Function	Global
LAB_0041ed7c	0041ed7c	Label	Global
LAB_0041ed9c	0041ed9c	Label	Global
LAB_0041eda0	0041eda0	Label	Global
LAB_0041eddc	0041eddc	Label	Global
LAB_0041ede0	0041ede0	Label	Global
LAB_0041ee17	0041ee17	Label	Global
LAB_0041ee20	0041ee20	Label	Global
FUN_0041ee50	0041ee50	Function	Global
LAB_0041ee80	0041ee80	Label	Global
LAB_0041eeb0	0041eeb0	Label	Global
LAB_0041eee0	0041eee0	Label	Global
LAB_0041ef10	0041ef10	Label	Global
LAB_0041ef40	0041ef40	Label	Global
LAB_0041ef70	0041ef70	Label	Global
LAB_0041efa0	0041efa0	Label	Global
LAB_0041f02c	0041f02c	Label	Global
LAB_0041f040	0041f040	Label	Global
LAB_0041f0cc	0041f0cc	Label	Global
LAB_0041f0e0	0041f0e0	Label	Global
LAB_0041f16c	0041f16c	Label	Global
LAB_0041f180	0041f180	Label	Global
LAB_0041f20c	0041f20c	Label	Global
LAB_0041f220	0041f220	Label	Global
LAB_0041f260	0041f260	Label	Global
LAB_0041f2a0	0041f2a0	Label	Global
LAB_0041f2e0	0041f2e0	Label	Global
LAB_0041f320	0041f320	Label	Global
LAB_0041f360	0041f360	Label	Global
FUN_0041f3a0	0041f3a0	Function	Global
LAB_0041f3c9	0041f3c9	Label	Global
LAB_0041f3d0	0041f3d0	Label	Global
LAB_0041f3e0	0041f3e0	Label	Global
LAB_0041f3f0	0041f3f0	Label	Global
FUN_0041f400	0041f400	Function	Global
LAB_0041f429	0041f429	Label	Global
LAB_0041f430	0041f430	Label	Global
LAB_0041f440	0041f440	Label	Global
LAB_0041f450	0041f450	Label	Global
LAB_0041f460	0041f460	Label	Global
LAB_0041f48a	0041f48a	Label	Global
LAB_0041f48d	0041f48d	Label	Global
LAB_0041f490	0041f490	Label	Global
LAB_0041f4a0	0041f4a0	Label	Global
LAB_0041f4b0	0041f4b0	Label	Global
LAB_0041f4c0	0041f4c0	Label	Global
LAB_0041f4d0	0041f4d0	Label	Global
LAB_0041f4e0	0041f4e0	Label	Global
LAB_0041f50a	0041f50a	Label	Global
LAB_0041f50d	0041f50d	Label	Global
LAB_0041f510	0041f510	Label	Global
LAB_0041f520	0041f520	Label	Global
LAB_0041f530	0041f530	Label	Global
LAB_0041f540	0041f540	Label	Global
LAB_0041f550	0041f550	Label	Global
FUN_0041f560	0041f560	Function	Global
LAB_0041f630	0041f630	Label	Global
LAB_0041f640	0041f640	Label	Global
LAB_0041f680	0041f680	Label	Global
LAB_0041f6b0	0041f6b0	Label	Global
LAB_0041f6d0	0041f6d0	Label	Global
LAB_0041f700	0041f700	Label	Global
LAB_0041f710	0041f710	Label	Global
LAB_0041f720	0041f720	Label	Global
FUN_0041f730	0041f730	Function	Global
LAB_0041f787	0041f787	Label	Global
FUN_0041f790	0041f790	Function	Global
LAB_0041f7b9	0041f7b9	Label	Global
FUN_0041f7c0	0041f7c0	Function	Global
switchD	0041f7da	Label	switchD_0041f7da
caseD_1	0041f7e1	Label	switchD_0041f7da
caseD_2	0041f7f2	Label	switchD_0041f7da
caseD_3	0041f822	Label	switchD_0041f7da
caseD_4	0041f886	Label	switchD_0041f7da
caseD_5	0041f90a	Label	switchD_0041f7da
caseD_6	0041f9ec	Label	switchD_0041f7da
caseD_7	0041fb38	Label	switchD_0041f7da
caseD_8	0041fcc2	Label	switchD_0041f7da
caseD_9	0041fee4	Label	switchD_0041f7da
LAB_004201c3	004201c3	Label	Global
default	004201db	Label	switchD_0041f7da
LAB_004201e8	004201e8	Label	Global
LAB_00420203	00420203	Label	Global
LAB_00420222	00420222	Label	Global
LAB_00420238	00420238	Label	Global
LAB_00420250	00420250	Label	Global
LAB_0042027b	0042027b	Label	Global
LAB_004202ac	004202ac	Label	Global
LAB_004202ca	004202ca	Label	Global
LAB_004202e1	004202e1	Label	Global
caseD_0	004202f9	Label	switchD_0041f7da
switchdataD_00420304	00420304	Label	switchD_0041f7da
PTR_caseD_1_00420308	00420308	Label	Global
LAB_00420330	00420330	Label	Global
LAB_00420364	00420364	Label	Global
LAB_00420370	00420370	Label	Global
LAB_004203ee	004203ee	Label	Global
LAB_004204a1	004204a1	Label	Global
LAB_004204ed	004204ed	Label	Global
LAB_0042051e	0042051e	Label	Global
LAB_00420534	00420534	Label	Global
LAB_00420553	00420553	Label	Global
LAB_00420557	00420557	Label	Global
LAB_004205a6	004205a6	Label	Global
LAB_004205ed	004205ed	Label	Global
LAB_00420622	00420622	Label	Global
LAB_00420630	00420630	Label	Global
LAB_0042064d	0042064d	Label	Global
LAB_004206db	004206db	Label	Global
LAB_00420729	00420729	Label	Global
LAB_0042075a	0042075a	Label	Global
LAB_00420774	00420774	Label	Global
LAB_00420794	00420794	Label	Global
LAB_00420798	00420798	Label	Global
LAB_004207eb	004207eb	Label	Global
LAB_0042082e	0042082e	Label	Global
LAB_00420863	00420863	Label	Global
LAB_00420871	00420871	Label	Global
LAB_00420886	00420886	Label	Global
LAB_00420888	00420888	Label	Global
LAB_0042088a	0042088a	Label	Global
LAB_004208a2	004208a2	Label	Global
FUN_004208b0	004208b0	Function	Global
LAB_004208d0	004208d0	Label	Global
LAB_004208d7	004208d7	Label	Global
LAB_004208fe	004208fe	Label	Global
LAB_00420942	00420942	Label	Global
LAB_00420950	00420950	Label	Global
FUN_00420960	00420960	Function	Global
LAB_0042097f	0042097f	Label	Global
LAB_00420986	00420986	Label	Global
LAB_004209a6	004209a6	Label	Global
LAB_004209ca	004209ca	Label	Global
LAB_004209d7	004209d7	Label	Global
LAB_004209e3	004209e3	Label	Global
LAB_004209f0	004209f0	Label	Global
LAB_00420a3b	00420a3b	Label	Global
LAB_00420a45	00420a45	Label	Global
LAB_00420aaf	00420aaf	Label	Global
LAB_00420ac0	00420ac0	Label	Global
LAB_00420afb	00420afb	Label	Global
LAB_00420b09	00420b09	Label	Global
LAB_00420b0f	00420b0f	Label	Global
LAB_00420b15	00420b15	Label	Global
LAB_00420b1b	00420b1b	Label	Global
LAB_00420b25	00420b25	Label	Global
LAB_00420b30	00420b30	Label	Global
LAB_00420b36	00420b36	Label	Global
LAB_00420b41	00420b41	Label	Global
LAB_00420b4b	00420b4b	Label	Global
LAB_00420b68	00420b68	Label	Global
LAB_00420ba7	00420ba7	Label	Global
FUN_00420bb0	00420bb0	Function	Global
LAB_00420bed	00420bed	Label	Global
LAB_00420bfa	00420bfa	Label	Global
LAB_00420c04	00420c04	Label	Global
LAB_00420c15	00420c15	Label	Global
LAB_00420c19	00420c19	Label	Global
LAB_00420c4b	00420c4b	Label	Global
LAB_00420c64	00420c64	Label	Global
LAB_00420c70	00420c70	Label	Global
LAB_00420c7b	00420c7b	Label	Global
LAB_00420ca4	00420ca4	Label	Global
LAB_00420cbd	00420cbd	Label	Global
LAB_00420cc7	00420cc7	Label	Global
FUN_00420ce0	00420ce0	Function	Global
LAB_00420d35	00420d35	Label	Global
FUN_00420d40	00420d40	Function	Global
FUN_00420db0	00420db0	Function	Global
LAB_00420deb	00420deb	Label	Global
LAB_00420e7f	00420e7f	Label	Global
LAB_00420ebd	00420ebd	Label	Global
LAB_00420f67	00420f67	Label	Global
LAB_00420f94	00420f94	Label	Global
LAB_00420fa0	00420fa0	Label	Global
LAB_00420fd0	00420fd0	Label	Global
LAB_00420fde	00420fde	Label	Global
LAB_00420ff0	00420ff0	Label	Global
LAB_0042101d	0042101d	Label	Global
LAB_00421048	00421048	Label	Global
LAB_00421051	00421051	Label	Global
LAB_0042105e	0042105e	Label	Global
LAB_0042109a	0042109a	Label	Global
LAB_004210dc	004210dc	Label	Global
LAB_004210fb	004210fb	Label	Global
LAB_00421103	00421103	Label	Global
LAB_0042111a	0042111a	Label	Global
LAB_00421149	00421149	Label	Global
LAB_0042114d	0042114d	Label	Global
LAB_00421194	00421194	Label	Global
LAB_00421203	00421203	Label	Global
LAB_00421216	00421216	Label	Global
LAB_0042122a	0042122a	Label	Global
LAB_00421235	00421235	Label	Global
LAB_00421240	00421240	Label	Global
LAB_0042124a	0042124a	Label	Global
LAB_00421263	00421263	Label	Global
LAB_0042127b	0042127b	Label	Global
LAB_00421290	00421290	Label	Global
LAB_004212f4	004212f4	Label	Global
LAB_004212f8	004212f8	Label	Global
LAB_00421314	00421314	Label	Global
LAB_00421334	00421334	Label	Global
LAB_0042133c	0042133c	Label	Global
LAB_00421342	00421342	Label	Global
LAB_00421348	00421348	Label	Global
LAB_0042134e	0042134e	Label	Global
LAB_00421365	00421365	Label	Global
LAB_004213ad	004213ad	Label	Global
LAB_004213c9	004213c9	Label	Global
LAB_004213cf	004213cf	Label	Global
LAB_004213dd	004213dd	Label	Global
LAB_00421419	00421419	Label	Global
LAB_00421423	00421423	Label	Global
LAB_00421435	00421435	Label	Global
LAB_0042143f	0042143f	Label	Global
LAB_00421442	00421442	Label	Global
LAB_0042147f	0042147f	Label	Global
LAB_00421483	00421483	Label	Global
LAB_00421487	00421487	Label	Global
LAB_00421494	00421494	Label	Global
FUN_004214a0	004214a0	Function	Global
LAB_00421544	00421544	Label	Global
LAB_0042170e	0042170e	Label	Global
LAB_0042171f	0042171f	Label	Global
LAB_0042172a	0042172a	Label	Global
LAB_0042178a	0042178a	Label	Global
LAB_004217f1	004217f1	Label	Global
LAB_0042182d	0042182d	Label	Global
LAB_004218db	004218db	Label	Global
LAB_004218e8	004218e8	Label	Global
LAB_004218ef	004218ef	Label	Global
LAB_004218f6	004218f6	Label	Global
LAB_004218fd	004218fd	Label	Global
LAB_00421904	00421904	Label	Global
LAB_0042190b	0042190b	Label	Global
LAB_00421912	00421912	Label	Global
LAB_00421919	00421919	Label	Global
LAB_0042191d	0042191d	Label	Global
LAB_0042194a	0042194a	Label	Global
LAB_00421957	00421957	Label	Global
LAB_0042195e	0042195e	Label	Global
LAB_00421970	00421970	Label	Global
LAB_00421980	00421980	Label	Global
LAB_004219e6	004219e6	Label	Global
LAB_004219ec	004219ec	Label	Global
LAB_004219f2	004219f2	Label	Global
LAB_004219f8	004219f8	Label	Global
LAB_00421a08	00421a08	Label	Global
LAB_00421a17	00421a17	Label	Global
LAB_00421a68	00421a68	Label	Global
LAB_00421a77	00421a77	Label	Global
LAB_00421a89	00421a89	Label	Global
LAB_00421a9b	00421a9b	Label	Global
LAB_00421add	00421add	Label	Global
LAB_00421ae1	00421ae1	Label	Global
LAB_00421aeb	00421aeb	Label	Global
LAB_00421af1	00421af1	Label	Global
LAB_00421af3	00421af3	Label	Global
LAB_00421afb	00421afb	Label	Global
LAB_00421b03	00421b03	Label	Global
LAB_00421b08	00421b08	Label	Global
LAB_00421b18	00421b18	Label	Global
LAB_00421b23	00421b23	Label	Global
LAB_00421b7b	00421b7b	Label	Global
LAB_00421b81	00421b81	Label	Global
LAB_00421b99	00421b99	Label	Global
LAB_00421b9b	00421b9b	Label	Global
LAB_00421ba0	00421ba0	Label	Global
LAB_00421bb5	00421bb5	Label	Global
LAB_00421bc7	00421bc7	Label	Global
LAB_00421bf2	00421bf2	Label	Global
LAB_00421c09	00421c09	Label	Global
LAB_00421c20	00421c20	Label	Global
LAB_00421cc5	00421cc5	Label	Global
LAB_00421dcb	00421dcb	Label	Global
LAB_00421ddd	00421ddd	Label	Global
LAB_00421df1	00421df1	Label	Global
LAB_00421e02	00421e02	Label	Global
LAB_00421ee2	00421ee2	Label	Global
LAB_00421eea	00421eea	Label	Global
LAB_00421f2c	00421f2c	Label	Global
LAB_00421f39	00421f39	Label	Global
LAB_00421f3d	00421f3d	Label	Global
LAB_00421f6c	00421f6c	Label	Global
LAB_00421f7d	00421f7d	Label	Global
LAB_00421f90	00421f90	Label	Global
LAB_00421fae	00421fae	Label	Global
LAB_00421fc0	00421fc0	Label	Global
LAB_00421fc9	00421fc9	Label	Global
LAB_00421ff5	00421ff5	Label	Global
LAB_00421ffa	00421ffa	Label	Global
LAB_00422002	00422002	Label	Global
LAB_00422017	00422017	Label	Global
LAB_00422020	00422020	Label	Global
LAB_00422029	00422029	Label	Global
LAB_00422055	00422055	Label	Global
LAB_0042205a	0042205a	Label	Global
LAB_00422062	00422062	Label	Global
LAB_00422077	00422077	Label	Global
LAB_00422080	00422080	Label	Global
LAB_004220a0	004220a0	Label	Global
LAB_004220c0	004220c0	Label	Global
LAB_004220e0	004220e0	Label	Global
LAB_00422100	00422100	Label	Global
FUN_00422120	00422120	Function	Global
LAB_00422162	00422162	Label	Global
LAB_00422193	00422193	Label	Global
LAB_00422198	00422198	Label	Global
FUN_004221a0	004221a0	Function	Global
LAB_004221e2	004221e2	Label	Global
LAB_00422213	00422213	Label	Global
LAB_00422218	00422218	Label	Global
LAB_00422220	00422220	Label	Global
LAB_00422233	00422233	Label	Global
LAB_0042223f	0042223f	Label	Global
LAB_00422251	00422251	Label	Global
LAB_00422260	00422260	Label	Global
LAB_00422273	00422273	Label	Global
LAB_0042227f	0042227f	Label	Global
LAB_00422291	00422291	Label	Global
LAB_004222a0	004222a0	Label	Global
LAB_004222b3	004222b3	Label	Global
LAB_004222bf	004222bf	Label	Global
LAB_004222d1	004222d1	Label	Global
LAB_004222e0	004222e0	Label	Global
LAB_004222f3	004222f3	Label	Global
LAB_004222ff	004222ff	Label	Global
LAB_00422311	00422311	Label	Global
LAB_00422320	00422320	Label	Global
LAB_00422340	00422340	Label	Global
LAB_00422380	00422380	Label	Global
LAB_004223c0	004223c0	Label	Global
LAB_004223ea	004223ea	Label	Global
LAB_004223f9	004223f9	Label	Global
LAB_00422404	00422404	Label	Global
LAB_0042240b	0042240b	Label	Global
LAB_00422420	00422420	Label	Global
LAB_00422470	00422470	Label	Global
LAB_004224c0	004224c0	Label	Global
LAB_004224df	004224df	Label	Global
LAB_004224e9	004224e9	Label	Global
LAB_004224f0	004224f0	Label	Global
LAB_00422500	00422500	Label	Global
FUN_00422510	00422510	Function	Global
FUN_00422520	00422520	Function	Global
LAB_00422530	00422530	Label	Global
LAB_00422540	00422540	Label	Global
FUN_00422550	00422550	Function	Global
FUN_00422570	00422570	Function	Global
LAB_00422580	00422580	Label	Global
LAB_00422590	00422590	Label	Global
LAB_004225ac	004225ac	Label	Global
LAB_004225b2	004225b2	Label	Global
FUN_00422600	00422600	Function	Global
LAB_00422628	00422628	Label	Global
LAB_00422673	00422673	Label	Global
LAB_00422680	00422680	Label	Global
LAB_00422684	00422684	Label	Global
LAB_0042269f	0042269f	Label	Global
LAB_004226e4	004226e4	Label	Global
LAB_004226f0	004226f0	Label	Global
LAB_0042279a	0042279a	Label	Global
switchD	004227b9	Label	switchD_004227b9
caseD_e	004227c0	Label	switchD_004227b9
LAB_004227ea	004227ea	Label	Global
caseD_a	0042281a	Label	switchD_004227b9
LAB_00422844	00422844	Label	Global
caseD_b	00422872	Label	switchD_004227b9
LAB_004228a7	004228a7	Label	Global
LAB_00422901	00422901	Label	Global
caseD_14	0042291c	Label	switchD_004227b9
LAB_00422953	00422953	Label	Global
LAB_004229c2	004229c2	Label	Global
LAB_004229c7	004229c7	Label	Global
LAB_00422a23	00422a23	Label	Global
caseD_f	00422a47	Label	switchD_004227b9
caseD_d	00422a64	Label	switchD_004227b9
caseD_19	00422a7e	Label	switchD_004227b9
LAB_00422ae6	00422ae6	Label	Global
caseD_c	00422aef	Label	switchD_004227b9
caseD_12	00422afa	Label	switchD_004227b9
LAB_00422b02	00422b02	Label	Global
LAB_00422b0a	00422b0a	Label	Global
switchdataD_00422b1c	00422b1c	Label	switchD_004227b9
FUN_00422b60	00422b60	Function	Global
LAB_00422b8f	00422b8f	Label	Global
LAB_00422b98	00422b98	Label	Global
LAB_00422ba0	00422ba0	Label	Global
LAB_00422be6	00422be6	Label	Global
LAB_00422bf0	00422bf0	Label	Global
LAB_00422c51	00422c51	Label	Global
LAB_00422c57	00422c57	Label	Global
LAB_00422c6e	00422c6e	Label	Global
LAB_00422c70	00422c70	Label	Global
LAB_00422cc2	00422cc2	Label	Global
LAB_00422cd0	00422cd0	Label	Global
LAB_00422d2b	00422d2b	Label	Global
LAB_00422d30	00422d30	Label	Global
LAB_00422d83	00422d83	Label	Global
LAB_00422d90	00422d90	Label	Global
LAB_00422deb	00422deb	Label	Global
FUN_00422df0	00422df0	Function	Global
switchD	00422e69	Label	switchD_00422e69
caseD_17	00422e70	Label	switchD_00422e69
LAB_00422e90	00422e90	Label	Global
LAB_00422e9a	00422e9a	Label	Global
caseD_18	00422eb9	Label	switchD_00422e69
LAB_00422ed9	00422ed9	Label	Global
LAB_00422ee3	00422ee3	Label	Global
caseD_16	00422f09	Label	switchD_00422e69
LAB_00422f29	00422f29	Label	Global
LAB_00422f33	00422f33	Label	Global
caseD_d	00422f52	Label	switchD_00422e69
caseD_1c	00422f9d	Label	switchD_00422e69
caseD_e	00422fe8	Label	switchD_00422e69
caseD_a	00423033	Label	switchD_00422e69
caseD_b	0042305a	Label	switchD_00422e69
caseD_14	004230de	Label	switchD_00422e69
LAB_00423151	00423151	Label	Global
caseD_19	0042316f	Label	switchD_00422e69
LAB_004231ad	004231ad	Label	Global
LAB_004231f2	004231f2	Label	Global
LAB_00423236	00423236	Label	Global
caseD_1a	00423261	Label	switchD_00422e69
LAB_00423284	00423284	Label	Global
LAB_004232a5	004232a5	Label	Global
caseD_c	004232f0	Label	switchD_00422e69
switchdataD_00423300	00423300	Label	switchD_00422e69
PTR_caseD_1a_00423324+2	00423326	Label	Global
switchdataD_00423330	00423330	Label	switchD_00422e69
FUN_00423350	00423350	Function	Global
switchD	004233c9	Label	switchD_004233c9
caseD_b	004233d0	Label	switchD_004233c9
caseD_14	00423443	Label	switchD_004233c9
caseD_19	004234c3	Label	switchD_004233c9
caseD_1a	004234f5	Label	switchD_004233c9
LAB_00423518	00423518	Label	Global
LAB_00423539	00423539	Label	Global
caseD_c	004235d7	Label	switchD_004233c9
switchdataD_004235e8	004235e8	Label	switchD_004233c9
PTR_caseD_19_004235f0+1	004235f1	Label	Global
switchdataD_004235fc	004235fc	Label	switchD_004233c9
FUN_00423610	00423610	Function	Global
LAB_0042362b	0042362b	Label	Global
LAB_0042362d	0042362d	Label	Global
LAB_00423662	00423662	Label	Global
LAB_0042367f	0042367f	Label	Global
LAB_00423691	00423691	Label	Global
LAB_00423696	00423696	Label	Global
LAB_004236a3	004236a3	Label	Global
LAB_004236b2	004236b2	Label	Global
LAB_004236d5	004236d5	Label	Global
LAB_004236e4	004236e4	Label	Global
LAB_00423703	00423703	Label	Global
LAB_0042370f	0042370f	Label	Global
LAB_00423715	00423715	Label	Global
LAB_00423771	00423771	Label	Global
LAB_00423783	00423783	Label	Global
LAB_004237a0	004237a0	Label	Global
LAB_004237f3	004237f3	Label	Global
LAB_00423800	00423800	Label	Global
LAB_00423853	00423853	Label	Global
LAB_00423860	00423860	Label	Global
LAB_004238b3	004238b3	Label	Global
LAB_004238c0	004238c0	Label	Global
LAB_00423900	00423900	Label	Global
LAB_0042394c	0042394c	Label	Global
LAB_0042397b	0042397b	Label	Global
LAB_00423980	00423980	Label	Global
LAB_004239bf	004239bf	Label	Global
LAB_004239ee	004239ee	Label	Global
LAB_004239f0	004239f0	Label	Global
LAB_00423a4a	00423a4a	Label	Global
LAB_00423a75	00423a75	Label	Global
LAB_00423a96	00423a96	Label	Global
FUN_00423aa0	00423aa0	Function	Global
LAB_00423b44	00423b44	Label	Global
LAB_00423b69	00423b69	Label	Global
LAB_00423b70	00423b70	Label	Global
LAB_00423bbc	00423bbc	Label	Global
FUN_00423bc0	00423bc0	Function	Global
LAB_00423c51	00423c51	Label	Global
LAB_00423c5f	00423c5f	Label	Global
LAB_00423c72	00423c72	Label	Global
LAB_00423c89	00423c89	Label	Global
LAB_00423c90	00423c90	Label	Global
LAB_00423cdc	00423cdc	Label	Global
FUN_00423ce0	00423ce0	Function	Global
switchD	00423d2e	Label	switchD_00423d2e
caseD_8	00423d35	Label	switchD_00423d2e
caseD_4	00423d47	Label	switchD_00423d2e
caseD_12	00423d7e	Label	switchD_00423d2e
caseD_a	00423d8d	Label	switchD_00423d2e
switchdataD_00423d90	00423d90	Label	switchD_00423d2e
PTR_caseD_a_00423d9c	00423d9c	Label	Global
switchdataD_00423da0	00423da0	Label	switchD_00423d2e
BYTE_00423da8	00423da8	Label	Global
LAB_00423db0	00423db0	Label	Global
LAB_00423dfc	00423dfc	Label	Global
FUN_00423e00	00423e00	Function	Global
switchD	00423e49	Label	switchD_00423e49
caseD_4	00423e50	Label	switchD_00423e49
caseD_12	00423e86	Label	switchD_00423e49
caseD_5	00423e95	Label	switchD_00423e49
switchdataD_00423e98	00423e98	Label	switchD_00423e49
PTR_caseD_5_00423ea0	00423ea0	Label	Global
switchdataD_00423ea4	00423ea4	Label	switchD_00423e49
LAB_00423ec0	00423ec0	Label	Global
LAB_00423f0c	00423f0c	Label	Global
LAB_00423f10	00423f10	Label	Global
LAB_00423f6e	00423f6e	Label	Global
FUN_00423f70	00423f70	Function	Global
LAB_00423fb5	00423fb5	Label	Global
LAB_00423fc0	00423fc0	Label	Global
LAB_0042400c	0042400c	Label	Global
FUN_00424010	00424010	Function	Global
LAB_00424055	00424055	Label	Global
LAB_00424060	00424060	Label	Global
LAB_004240ac	004240ac	Label	Global
LAB_004240b0	004240b0	Label	Global
LAB_004240f8	004240f8	Label	Global
FUN_00424100	00424100	Function	Global
LAB_00424145	00424145	Label	Global
LAB_00424150	00424150	Label	Global
LAB_0042419c	0042419c	Label	Global
FUN_004241a0	004241a0	Function	Global
LAB_004241e5	004241e5	Label	Global
LAB_004241f0	004241f0	Label	Global
LAB_0042423c	0042423c	Label	Global
FUN_00424240	00424240	Function	Global
LAB_00424285	00424285	Label	Global
LAB_00424290	00424290	Label	Global
LAB_004242dc	004242dc	Label	Global
FUN_004242e0	004242e0	Function	Global
LAB_00424325	00424325	Label	Global
LAB_00424330	00424330	Label	Global
LAB_0042437c	0042437c	Label	Global
LAB_00424380	00424380	Label	Global
LAB_004243da	004243da	Label	Global
LAB_004243e0	004243e0	Label	Global
LAB_0042443a	0042443a	Label	Global
LAB_00424440	00424440	Label	Global
LAB_004244a3	004244a3	Label	Global
LAB_004244b0	004244b0	Label	Global
LAB_004244c0	004244c0	Label	Global
LAB_00424536	00424536	Label	Global
LAB_00424549	00424549	Label	Global
LAB_00424558	00424558	Label	Global
LAB_00424566	00424566	Label	Global
LAB_00424569	00424569	Label	Global
LAB_00424591	00424591	Label	Global
LAB_0042459e	0042459e	Label	Global
LAB_004245b0	004245b0	Label	Global
LAB_0042462f	0042462f	Label	Global
LAB_00424666	00424666	Label	Global
LAB_00424678	00424678	Label	Global
LAB_0042468c	0042468c	Label	Global
LAB_004246a0	004246a0	Label	Global
switchD	004246f9	Label	switchD_004246f9
caseD_d	00424700	Label	switchD_004246f9
caseD_1c	0042471a	Label	switchD_004246f9
caseD_e	00424734	Label	switchD_004246f9
caseD_19	0042474e	Label	switchD_004246f9
LAB_00424792	00424792	Label	Global
LAB_004247a5	004247a5	Label	Global
LAB_004247a9	004247a9	Label	Global
LAB_004247ba	004247ba	Label	Global
caseD_11	004247f6	Label	switchD_004246f9
switchdataD_004247fc	004247fc	Label	switchD_004246f9
PTR_caseD_e_00424800+3	00424803	Label	Global
switchdataD_00424810	00424810	Label	switchD_004246f9
LAB_00424820	00424820	Label	Global
LAB_00424888	00424888	Label	Global
LAB_004248b4	004248b4	Label	Global
LAB_004248c0	004248c0	Label	Global
LAB_00424913	00424913	Label	Global
LAB_00424920	00424920	Label	Global
switchD	004249a5	Label	switchD_004249a5
caseD_0	004249ac	Label	switchD_004249a5
caseD_4	004249ec	Label	switchD_004249a5
caseD_12	00424a02	Label	switchD_004249a5
LAB_00424a16	00424a16	Label	Global
caseD_2	00424a1c	Label	switchD_004249a5
switchdataD_00424a28	00424a28	Label	switchD_004249a5
switchdataD_00424a38	00424a38	Label	switchD_004249a5
LAB_00424a50	00424a50	Label	Global
LAB_00424ae6	00424ae6	Label	Global
LAB_00424b00	00424b00	Label	Global
LAB_00424b19	00424b19	Label	Global
LAB_00424b1c	00424b1c	Label	Global
LAB_00424b30	00424b30	Label	Global
LAB_00424b50	00424b50	Label	Global
LAB_00424b80	00424b80	Label	Global
LAB_00424bf8	00424bf8	Label	Global
LAB_00424c3f	00424c3f	Label	Global
LAB_00424c45	00424c45	Label	Global
LAB_00424c4b	00424c4b	Label	Global
LAB_00424c7c	00424c7c	Label	Global
LAB_00424cc8	00424cc8	Label	Global
LAB_00424cd7	00424cd7	Label	Global
LAB_00424ce4	00424ce4	Label	Global
LAB_00424cf2	00424cf2	Label	Global
LAB_00424d6c	00424d6c	Label	Global
LAB_00424d70	00424d70	Label	Global
LAB_00424d76	00424d76	Label	Global
LAB_00424d94	00424d94	Label	Global
FUN_00424db0	00424db0	Function	Global
LAB_00424dea	00424dea	Label	Global
LAB_00424dfd	00424dfd	Label	Global
LAB_00424e06	00424e06	Label	Global
LAB_00424e0d	00424e0d	Label	Global
LAB_00424e16	00424e16	Label	Global
LAB_00424e72	00424e72	Label	Global
LAB_00424e85	00424e85	Label	Global
LAB_00424e8b	00424e8b	Label	Global
LAB_00424eab	00424eab	Label	Global
LAB_00424ed6	00424ed6	Label	Global
LAB_00424ee7	00424ee7	Label	Global
LAB_00424ef0	00424ef0	Label	Global
LAB_00424f06	00424f06	Label	Global
LAB_00424f0f	00424f0f	Label	Global
LAB_00424f6b	00424f6b	Label	Global
LAB_00424fca	00424fca	Label	Global
LAB_00425040	00425040	Label	Global
LAB_00425068	00425068	Label	Global
LAB_00425070	00425070	Label	Global
LAB_00425098	00425098	Label	Global
LAB_004250a0	004250a0	Label	Global
LAB_004250ab	004250ab	Label	Global
switchD	004250ba	Label	switchD_004250ba
caseD_4e2	004250c1	Label	switchD_004250ba
caseD_4e3	004250cc	Label	switchD_004250ba
caseD_4e4	004250d7	Label	switchD_004250ba
caseD_4e5	004250e2	Label	switchD_004250ba
caseD_4e6	004250ed	Label	switchD_004250ba
caseD_4e7	004250f8	Label	switchD_004250ba
caseD_4e8	00425103	Label	switchD_004250ba
caseD_4e9	0042510e	Label	switchD_004250ba
caseD_4ea	00425119	Label	switchD_004250ba
default	00425124	Label	switchD_004250ba
switchdataD_00425130	00425130	Label	switchD_004250ba
LAB_00425160	00425160	Label	Global
LAB_004251a9	004251a9	Label	Global
LAB_004251c0	004251c0	Label	Global
LAB_004251e8	004251e8	Label	Global
LAB_004251fa	004251fa	Label	Global
LAB_00425202	00425202	Label	Global
LAB_0042521a	0042521a	Label	Global
LAB_0042524b	0042524b	Label	Global
LAB_00425276	00425276	Label	Global
LAB_00425283	00425283	Label	Global
LAB_004252ad	004252ad	Label	Global
LAB_004252b2	004252b2	Label	Global
LAB_004252d9	004252d9	Label	Global
LAB_004252f1	004252f1	Label	Global
LAB_00425308	00425308	Label	Global
LAB_00425319	00425319	Label	Global
LAB_00425320	00425320	Label	Global
LAB_00425392	00425392	Label	Global
LAB_0042539a	0042539a	Label	Global
LAB_004253b7	004253b7	Label	Global
LAB_004253be	004253be	Label	Global
LAB_004253d0	004253d0	Label	Global
LAB_0042540d	0042540d	Label	Global
FUN_00425410	00425410	Function	Global
LAB_0042546d	0042546d	Label	Global
LAB_0042548c	0042548c	Label	Global
LAB_004254ad	004254ad	Label	Global
LAB_004254db	004254db	Label	Global
LAB_00425534	00425534	Label	Global
LAB_0042554b	0042554b	Label	Global
LAB_00425568	00425568	Label	Global
LAB_0042557c	0042557c	Label	Global
LAB_00425596	00425596	Label	Global
LAB_004255cf	004255cf	Label	Global
LAB_004255df	004255df	Label	Global
LAB_00425600	00425600	Label	Global
LAB_00425617	00425617	Label	Global
LAB_00425630	00425630	Label	Global
LAB_00425667	00425667	Label	Global
LAB_0042567b	0042567b	Label	Global
LAB_0042568d	0042568d	Label	Global
DAT_00425690	00425690	Label	Global
LAB_004256a0	004256a0	Label	Global
LAB_004256e0	004256e0	Label	Global
LAB_004256f0	004256f0	Label	Global
LAB_004256f6	004256f6	Label	Global
LAB_004256fc	004256fc	Label	Global
LAB_00425707	00425707	Label	Global
LAB_0042571a	0042571a	Label	Global
LAB_0042572a	0042572a	Label	Global
LAB_00425730	00425730	Label	Global
LAB_00425736	00425736	Label	Global
LAB_00425741	00425741	Label	Global
LAB_00425762	00425762	Label	Global
LAB_00425770	00425770	Label	Global
LAB_004257b6	004257b6	Label	Global
LAB_004257e0	004257e0	Label	Global
LAB_004257f0	004257f0	Label	Global
LAB_00425836	00425836	Label	Global
LAB_00425890	00425890	Label	Global
LAB_004258a0	004258a0	Label	Global
LAB_004258c0	004258c0	Label	Global
LAB_004258ef	004258ef	Label	Global
LAB_004258f3	004258f3	Label	Global
LAB_004258f7	004258f7	Label	Global
LAB_004258fd	004258fd	Label	Global
LAB_00425900	00425900	Label	Global
LAB_00425920	00425920	Label	Global
LAB_00425950	00425950	Label	Global
LAB_0042598f	0042598f	Label	Global
LAB_00425993	00425993	Label	Global
LAB_00425997	00425997	Label	Global
LAB_0042599d	0042599d	Label	Global
LAB_0042599f	0042599f	Label	Global
LAB_004259c0	004259c0	Label	Global
LAB_004259fd	004259fd	Label	Global
LAB_00425a10	00425a10	Label	Global
LAB_00425a4d	00425a4d	Label	Global
LAB_00425a60	00425a60	Label	Global
LAB_00425a9d	00425a9d	Label	Global
LAB_00425ab0	00425ab0	Label	Global
LAB_00425aed	00425aed	Label	Global
LAB_00425b00	00425b00	Label	Global
LAB_00425b60	00425b60	Label	Global
LAB_00425b80	00425b80	Label	Global
LAB_00425bb9	00425bb9	Label	Global
FUN_00425bc0	00425bc0	Function	Global
LAB_00425be0	00425be0	Label	Global
LAB_00425c23	00425c23	Label	Global
LAB_00425c70	00425c70	Label	Global
LAB_00425c80	00425c80	Label	Global
LAB_00425c90	00425c90	Label	Global
LAB_00425cb0	00425cb0	Label	Global
LAB_00425cde	00425cde	Label	Global
LAB_00425ce2	00425ce2	Label	Global
LAB_00425ce6	00425ce6	Label	Global
LAB_00425cec	00425cec	Label	Global
LAB_00425cfb	00425cfb	Label	Global
LAB_00425d10	00425d10	Label	Global
LAB_00425d30	00425d30	Label	Global
LAB_00425d6e	00425d6e	Label	Global
LAB_00425d72	00425d72	Label	Global
LAB_00425d76	00425d76	Label	Global
LAB_00425d7c	00425d7c	Label	Global
LAB_00425d8b	00425d8b	Label	Global
LAB_00425da0	00425da0	Label	Global
LAB_00425dd0	00425dd0	Label	Global
LAB_00425dfe	00425dfe	Label	Global
LAB_00425e02	00425e02	Label	Global
LAB_00425e06	00425e06	Label	Global
LAB_00425e0c	00425e0c	Label	Global
LAB_00425e0e	00425e0e	Label	Global
LAB_00425e30	00425e30	Label	Global
LAB_00425e60	00425e60	Label	Global
LAB_00425e9e	00425e9e	Label	Global
LAB_00425ea2	00425ea2	Label	Global
LAB_00425ea6	00425ea6	Label	Global
LAB_00425eac	00425eac	Label	Global
LAB_00425eae	00425eae	Label	Global
LAB_00425ed0	00425ed0	Label	Global
LAB_00425ef0	00425ef0	Label	Global
LAB_00425f1e	00425f1e	Label	Global
LAB_00425f22	00425f22	Label	Global
LAB_00425f26	00425f26	Label	Global
LAB_00425f2c	00425f2c	Label	Global
LAB_00425f2e	00425f2e	Label	Global
LAB_00425f50	00425f50	Label	Global
LAB_00425f80	00425f80	Label	Global
LAB_00425fbe	00425fbe	Label	Global
LAB_00425fc2	00425fc2	Label	Global
LAB_00425fc6	00425fc6	Label	Global
LAB_00425fcc	00425fcc	Label	Global
LAB_00425fce	00425fce	Label	Global
LAB_00425ff0	00425ff0	Label	Global
LAB_00426013	00426013	Label	Global
LAB_00426020	00426020	Label	Global
LAB_0042603f	0042603f	Label	Global
LAB_0042605f	0042605f	Label	Global
LAB_00426066	00426066	Label	Global
LAB_0042607d	0042607d	Label	Global
LAB_00426090	00426090	Label	Global
LAB_004260b3	004260b3	Label	Global
FUN_004260c0	004260c0	Function	Global
LAB_004260e5	004260e5	Label	Global
LAB_00426109	00426109	Label	Global
LAB_00426110	00426110	Label	Global
LAB_00426129	00426129	Label	Global
LAB_00426130	00426130	Label	Global
LAB_00426153	00426153	Label	Global
FUN_00426160	00426160	Function	Global
LAB_00426185	00426185	Label	Global
LAB_004261ab	004261ab	Label	Global
LAB_004261b2	004261b2	Label	Global
LAB_004261cb	004261cb	Label	Global
LAB_004261e0	004261e0	Label	Global
LAB_00426203	00426203	Label	Global
FUN_00426210	00426210	Function	Global
LAB_00426235	00426235	Label	Global
LAB_0042625b	0042625b	Label	Global
LAB_00426262	00426262	Label	Global
LAB_0042627b	0042627b	Label	Global
LAB_00426290	00426290	Label	Global
LAB_004262b3	004262b3	Label	Global
FUN_004262c0	004262c0	Function	Global
LAB_004262e5	004262e5	Label	Global
LAB_0042630b	0042630b	Label	Global
LAB_00426312	00426312	Label	Global
LAB_0042632b	0042632b	Label	Global
LAB_00426340	00426340	Label	Global
LAB_00426363	00426363	Label	Global
FUN_00426370	00426370	Function	Global
LAB_00426395	00426395	Label	Global
LAB_004263bb	004263bb	Label	Global
LAB_004263c2	004263c2	Label	Global
LAB_004263db	004263db	Label	Global
LAB_004263f0	004263f0	Label	Global
LAB_004263fd	004263fd	Label	Global
LAB_00426414	00426414	Label	Global
LAB_00426418	00426418	Label	Global
LAB_0042642e	0042642e	Label	Global
LAB_00426440	00426440	Label	Global
LAB_0042644d	0042644d	Label	Global
LAB_00426464	00426464	Label	Global
LAB_00426468	00426468	Label	Global
LAB_0042647e	0042647e	Label	Global
LAB_00426490	00426490	Label	Global
LAB_004264a3	004264a3	Label	Global
LAB_004264bd	004264bd	Label	Global
LAB_004264d0	004264d0	Label	Global
LAB_004264f0	004264f0	Label	Global
LAB_00426530	00426530	Label	Global
LAB_00426566	00426566	Label	Global
LAB_0042658b	0042658b	Label	Global
LAB_004265a4	004265a4	Label	Global
LAB_004265bb	004265bb	Label	Global
LAB_004265e0	004265e0	Label	Global
LAB_00426620	00426620	Label	Global
LAB_00426656	00426656	Label	Global
LAB_0042667b	0042667b	Label	Global
LAB_00426694	00426694	Label	Global
LAB_004266ab	004266ab	Label	Global
LAB_004266d0	004266d0	Label	Global
LAB_00426710	00426710	Label	Global
LAB_00426749	00426749	Label	Global
LAB_0042676e	0042676e	Label	Global
LAB_0042678a	0042678a	Label	Global
LAB_004267a1	004267a1	Label	Global
LAB_004267c0	004267c0	Label	Global
LAB_00426800	00426800	Label	Global
LAB_00426836	00426836	Label	Global
LAB_0042685b	0042685b	Label	Global
LAB_00426874	00426874	Label	Global
LAB_0042688b	0042688b	Label	Global
LAB_004268b0	004268b0	Label	Global
LAB_004268f0	004268f0	Label	Global
LAB_00426926	00426926	Label	Global
LAB_0042694b	0042694b	Label	Global
LAB_00426964	00426964	Label	Global
LAB_0042697b	0042697b	Label	Global
LAB_004269a0	004269a0	Label	Global
LAB_004269e0	004269e0	Label	Global
LAB_00426a16	00426a16	Label	Global
LAB_00426a40	00426a40	Label	Global
LAB_00426a59	00426a59	Label	Global
LAB_00426a70	00426a70	Label	Global
LAB_00426a90	00426a90	Label	Global
LAB_00426ad0	00426ad0	Label	Global
LAB_00426b06	00426b06	Label	Global
LAB_00426b3d	00426b3d	Label	Global
LAB_00426b56	00426b56	Label	Global
LAB_00426b6d	00426b6d	Label	Global
LAB_00426b90	00426b90	Label	Global
LAB_00426ba0	00426ba0	Label	Global
FUN_00426bb0	00426bb0	Function	Global
LAB_00426bc9	00426bc9	Label	Global
LAB_00426bd0	00426bd0	Label	Global
LAB_00426be0	00426be0	Label	Global
LAB_00426bf0	00426bf0	Label	Global
LAB_00426c00	00426c00	Label	Global
LAB_00426c10	00426c10	Label	Global
FUN_00426c20	00426c20	Function	Global
LAB_00426c39	00426c39	Label	Global
LAB_00426c40	00426c40	Label	Global
LAB_00426c50	00426c50	Label	Global
LAB_00426c60	00426c60	Label	Global
LAB_00426c70	00426c70	Label	Global
LAB_00426c80	00426c80	Label	Global
LAB_00426c90	00426c90	Label	Global
LAB_00426ca0	00426ca0	Label	Global
LAB_00426caa	00426caa	Label	Global
LAB_00426cc6	00426cc6	Label	Global
LAB_00426cc9	00426cc9	Label	Global
LAB_00426cd0	00426cd0	Label	Global
LAB_00426ce0	00426ce0	Label	Global
LAB_00426cf0	00426cf0	Label	Global
LAB_00426d00	00426d00	Label	Global
LAB_00426d10	00426d10	Label	Global
LAB_00426d20	00426d20	Label	Global
LAB_00426d30	00426d30	Label	Global
LAB_00426d40	00426d40	Label	Global
LAB_00426d50	00426d50	Label	Global
LAB_00426d60	00426d60	Label	Global
LAB_00426d70	00426d70	Label	Global
LAB_00426e10	00426e10	Label	Global
LAB_00426e12	00426e12	Label	Global
LAB_00426e20	00426e20	Label	Global
LAB_00426e82	00426e82	Label	Global
LAB_00426e87	00426e87	Label	Global
LAB_00426f11	00426f11	Label	Global
LAB_00426f13	00426f13	Label	Global
LAB_00426f19	00426f19	Label	Global
LAB_00426f30	00426f30	Label	Global
LAB_00426f45	00426f45	Label	Global
LAB_00426f50	00426f50	Label	Global
LAB_00426fa1	00426fa1	Label	Global
LAB_00426fb2	00426fb2	Label	Global
LAB_00426fc8	00426fc8	Label	Global
LAB_00426fd9	00426fd9	Label	Global
LAB_00426ff4	00426ff4	Label	Global
LAB_00427010	00427010	Label	Global
LAB_00427050	00427050	Label	Global
LAB_00427060	00427060	Label	Global
LAB_00427070	00427070	Label	Global
LAB_00427080	00427080	Label	Global
LAB_00427090	00427090	Label	Global
LAB_004270a0	004270a0	Label	Global
LAB_004270c0	004270c0	Label	Global
LAB_0042713b	0042713b	Label	Global
LAB_00427184	00427184	Label	Global
LAB_00427199	00427199	Label	Global
LAB_004271b0	004271b0	Label	Global
LAB_004271f9	004271f9	Label	Global
LAB_00427210	00427210	Label	Global
LAB_00427253	00427253	Label	Global
LAB_00427260	00427260	Label	Global
LAB_00427280	00427280	Label	Global
LAB_004272b9	004272b9	Label	Global
LAB_004272c4	004272c4	Label	Global
LAB_004272dc	004272dc	Label	Global
LAB_004272f0	004272f0	Label	Global
LAB_00427301	00427301	Label	Global
LAB_00427316	00427316	Label	Global
LAB_0042734a	0042734a	Label	Global
LAB_0042738d	0042738d	Label	Global
LAB_00427394	00427394	Label	Global
LAB_004273b0	004273b0	Label	Global
LAB_004273f3	004273f3	Label	Global
LAB_00427400	00427400	Label	Global
LAB_00427441	00427441	Label	Global
FUN_00427450	00427450	Function	Global
LAB_0042747d	0042747d	Label	Global
LAB_00427490	00427490	Label	Global
LAB_004274a0	004274a0	Label	Global
LAB_004274b0	004274b0	Label	Global
LAB_004274c0	004274c0	Label	Global
LAB_004274d0	004274d0	Label	Global
LAB_004274e0	004274e0	Label	Global
LAB_004274f0	004274f0	Label	Global
LAB_00427500	00427500	Label	Global
LAB_00427510	00427510	Label	Global
LAB_00427520	00427520	Label	Global
LAB_00427530	00427530	Label	Global
LAB_00427540	00427540	Label	Global
LAB_0042759d	0042759d	Label	Global
LAB_004275b0	004275b0	Label	Global
LAB_004275c0	004275c0	Label	Global
LAB_004275d0	004275d0	Label	Global
LAB_004275e0	004275e0	Label	Global
LAB_004275f0	004275f0	Label	Global
LAB_00427600	00427600	Label	Global
LAB_00427610	00427610	Label	Global
LAB_00427621	00427621	Label	Global
LAB_00427640	00427640	Label	Global
LAB_00427651	00427651	Label	Global
LAB_00427670	00427670	Label	Global
LAB_00427681	00427681	Label	Global
LAB_004276a0	004276a0	Label	Global
LAB_004276b1	004276b1	Label	Global
LAB_004276d0	004276d0	Label	Global
LAB_00427704	00427704	Label	Global
LAB_00427710	00427710	Label	Global
LAB_00427744	00427744	Label	Global
LAB_00427750	00427750	Label	Global
LAB_00427789	00427789	Label	Global
LAB_00427790	00427790	Label	Global
LAB_004277c4	004277c4	Label	Global
LAB_004277d0	004277d0	Label	Global
LAB_00427804	00427804	Label	Global
LAB_00427810	00427810	Label	Global
LAB_00427844	00427844	Label	Global
LAB_00427850	00427850	Label	Global
LAB_00427884	00427884	Label	Global
LAB_00427890	00427890	Label	Global
LAB_004278c4	004278c4	Label	Global
LAB_004278d0	004278d0	Label	Global
LAB_00427904	00427904	Label	Global
LAB_00427910	00427910	Label	Global
LAB_00427944	00427944	Label	Global
LAB_00427950	00427950	Label	Global
LAB_00427984	00427984	Label	Global
LAB_00427990	00427990	Label	Global
LAB_004279a0	004279a0	Label	Global
LAB_004279d4	004279d4	Label	Global
LAB_004279e0	004279e0	Label	Global
LAB_00427a14	00427a14	Label	Global
LAB_00427a20	00427a20	Label	Global
LAB_00427a54	00427a54	Label	Global
LAB_00427a60	00427a60	Label	Global
LAB_00427a94	00427a94	Label	Global
LAB_00427aa0	00427aa0	Label	Global
LAB_00427ab0	00427ab0	Label	Global
LAB_00427ae0	00427ae0	Label	Global
LAB_00427b10	00427b10	Label	Global
LAB_00427b20	00427b20	Label	Global
LAB_00427b30	00427b30	Label	Global
LAB_00427bca	00427bca	Label	Global
LAB_00427bd5	00427bd5	Label	Global
LAB_00427cf0	00427cf0	Label	Global
LAB_00427d1b	00427d1b	Label	Global
LAB_00427d1f	00427d1f	Label	Global
LAB_00427d5b	00427d5b	Label	Global
LAB_00427d7c	00427d7c	Label	Global
LAB_00427d80	00427d80	Label	Global
LAB_00427ddf	00427ddf	Label	Global
LAB_00427df0	00427df0	Label	Global
LAB_00427e36	00427e36	Label	Global
LAB_00427e90	00427e90	Label	Global
LAB_00427ea0	00427ea0	Label	Global
LAB_00427ec0	00427ec0	Label	Global
LAB_00427eef	00427eef	Label	Global
LAB_00427ef3	00427ef3	Label	Global
LAB_00427ef7	00427ef7	Label	Global
LAB_00427efd	00427efd	Label	Global
LAB_00427f00	00427f00	Label	Global
LAB_00427f20	00427f20	Label	Global
LAB_00427f50	00427f50	Label	Global
LAB_00427f8f	00427f8f	Label	Global
LAB_00427f93	00427f93	Label	Global
LAB_00427f97	00427f97	Label	Global
LAB_00427f9d	00427f9d	Label	Global
LAB_00427f9f	00427f9f	Label	Global
LAB_00427fc0	00427fc0	Label	Global
LAB_00428058	00428058	Label	Global
LAB_00428063	00428063	Label	Global
LAB_00428079	00428079	Label	Global
LAB_0042808a	0042808a	Label	Global
LAB_004280c2	004280c2	Label	Global
LAB_004280cd	004280cd	Label	Global
LAB_004280e9	004280e9	Label	Global
LAB_0042814c	0042814c	Label	Global
LAB_0042814e	0042814e	Label	Global
LAB_0042817e	0042817e	Label	Global
LAB_00428190	00428190	Label	Global
LAB_004281f1	004281f1	Label	Global
LAB_004281fa	004281fa	Label	Global
LAB_00428210	00428210	Label	Global
FUN_00428220	00428220	Function	Global
FUN_00428230	00428230	Function	Global
LAB_00428240	00428240	Label	Global
FUN_00428250	00428250	Function	Global
LAB_00428371	00428371	Label	Global
LAB_00428382	00428382	Label	Global
LAB_004283bf	004283bf	Label	Global
LAB_004283da	004283da	Label	Global
LAB_004283e9	004283e9	Label	Global
LAB_004283fd	004283fd	Label	Global
FUN_00428410	00428410	Function	Global
LAB_0042844c	0042844c	Label	Global
LAB_00428451	00428451	Label	Global
FUN_00428460	00428460	Function	Global
LAB_0042846d	0042846d	Label	Global
LAB_0042847a	0042847a	Label	Global
LAB_004284bd	004284bd	Label	Global
LAB_004284df	004284df	Label	Global
FUN_004284f0	004284f0	Function	Global
LAB_0042853e	0042853e	Label	Global
LAB_00428575	00428575	Label	Global
FUN_00428580	00428580	Function	Global
LAB_004285dd	004285dd	Label	Global
LAB_004285fd	004285fd	Label	Global
FUN_00428600	00428600	Function	Global
LAB_00428625	00428625	Label	Global
LAB_0042866d	0042866d	Label	Global
LAB_0042867d	0042867d	Label	Global
LAB_004286aa	004286aa	Label	Global
LAB_004286b9	004286b9	Label	Global
LAB_004286d0	004286d0	Label	Global
LAB_004286e0	004286e0	Label	Global
LAB_00428726	00428726	Label	Global
LAB_00428780	00428780	Label	Global
LAB_004287a0	004287a0	Label	Global
LAB_004287cf	004287cf	Label	Global
LAB_004287d3	004287d3	Label	Global
LAB_004287d7	004287d7	Label	Global
LAB_004287dd	004287dd	Label	Global
LAB_004287e0	004287e0	Label	Global
LAB_00428800	00428800	Label	Global
LAB_00428830	00428830	Label	Global
LAB_0042886f	0042886f	Label	Global
LAB_00428873	00428873	Label	Global
LAB_00428877	00428877	Label	Global
LAB_0042887d	0042887d	Label	Global
LAB_0042887f	0042887f	Label	Global
FUN_004288a0	004288a0	Function	Global
FUN_004288c0	004288c0	Function	Global
FUN_004288f0	004288f0	Function	Global
FUN_00428920	00428920	Function	Global
FUN_00428950	00428950	Function	Global
FUN_00428980	00428980	Function	Global
FUN_004289b0	004289b0	Function	Global
FUN_004289e0	004289e0	Function	Global
LAB_00428a1c	00428a1c	Label	Global
FUN_00428a30	00428a30	Function	Global
LAB_00428a64	00428a64	Label	Global
FUN_00428a70	00428a70	Function	Global
FUN_00428aa0	00428aa0	Function	Global
FUN_00428ad0	00428ad0	Function	Global
LAB_00428af4	00428af4	Label	Global
FUN_00428b30	00428b30	Function	Global
LAB_00428b5c	00428b5c	Label	Global
FUN_00428b60	00428b60	Function	Global
LAB_00428b92	00428b92	Label	Global
FUN_00428ba0	00428ba0	Function	Global
LAB_00428be8	00428be8	Label	Global
FUN_00428bf0	00428bf0	Function	Global
LAB_00428c3e	00428c3e	Label	Global
FUN_00428c40	00428c40	Function	Global
FUN_00428c50	00428c50	Function	Global
switchD	00428c82	Label	switchD_00428c82
caseD_1	00428c89	Label	switchD_00428c82
caseD_4	00428c8b	Label	switchD_00428c82
caseD_5	00428c8f	Label	switchD_00428c82
caseD_8	00428c91	Label	switchD_00428c82
caseD_9	00428c96	Label	switchD_00428c82
caseD_c	00428c98	Label	switchD_00428c82
caseD_d	00428c9c	Label	switchD_00428c82
caseD_0	00428c9e	Label	switchD_00428c82
LAB_00428ca1	00428ca1	Label	Global
default	00428ca3	Label	switchD_00428c82
LAB_00428cc2	00428cc2	Label	Global
switchdataD_00428cc8	00428cc8	Label	switchD_00428c82
switchdataD_00428ce8	00428ce8	Label	switchD_00428c82
FUN_00428d00	00428d00	Function	Global
switchD	00428d3c	Label	switchD_00428d3c
caseD_1	00428d43	Label	switchD_00428d3c
caseD_4	00428d45	Label	switchD_00428d3c
caseD_5	00428d49	Label	switchD_00428d3c
caseD_8	00428d4b	Label	switchD_00428d3c
caseD_9	00428d50	Label	switchD_00428d3c
caseD_c	00428d52	Label	switchD_00428d3c
caseD_d	00428d56	Label	switchD_00428d3c
caseD_0	00428d58	Label	switchD_00428d3c
LAB_00428d5b	00428d5b	Label	Global
default	00428d5d	Label	switchD_00428d3c
LAB_00428d7c	00428d7c	Label	Global
switchdataD_00428d84	00428d84	Label	switchD_00428d3c
switchdataD_00428da4	00428da4	Label	switchD_00428d3c
LAB_00428dc0	00428dc0	Label	Global
LAB_00428e06	00428e06	Label	Global
LAB_00428e50	00428e50	Label	Global
LAB_00428e60	00428e60	Label	Global
LAB_00428e80	00428e80	Label	Global
LAB_00428eae	00428eae	Label	Global
LAB_00428eb2	00428eb2	Label	Global
LAB_00428eb6	00428eb6	Label	Global
LAB_00428ebc	00428ebc	Label	Global
LAB_00428ecb	00428ecb	Label	Global
LAB_00428ee0	00428ee0	Label	Global
LAB_00428f00	00428f00	Label	Global
LAB_00428f3e	00428f3e	Label	Global
LAB_00428f42	00428f42	Label	Global
LAB_00428f46	00428f46	Label	Global
LAB_00428f4c	00428f4c	Label	Global
LAB_00428f5b	00428f5b	Label	Global
LAB_00428f70	00428f70	Label	Global
LAB_00428f90	00428f90	Label	Global
LAB_00428fb0	00428fb0	Label	Global
LAB_00428fd0	00428fd0	Label	Global
LAB_00428ff0	00428ff0	Label	Global
LAB_00429010	00429010	Label	Global
LAB_0042903e	0042903e	Label	Global
LAB_00429042	00429042	Label	Global
LAB_00429046	00429046	Label	Global
LAB_0042904c	0042904c	Label	Global
LAB_0042904e	0042904e	Label	Global
LAB_00429070	00429070	Label	Global
LAB_004290a0	004290a0	Label	Global
LAB_004290de	004290de	Label	Global
LAB_004290e2	004290e2	Label	Global
LAB_004290e6	004290e6	Label	Global
LAB_004290ec	004290ec	Label	Global
LAB_004290ee	004290ee	Label	Global
LAB_00429110	00429110	Label	Global
LAB_00429130	00429130	Label	Global
LAB_0042915e	0042915e	Label	Global
LAB_00429162	00429162	Label	Global
LAB_00429166	00429166	Label	Global
LAB_0042916c	0042916c	Label	Global
LAB_0042916e	0042916e	Label	Global
LAB_00429190	00429190	Label	Global
LAB_004291c0	004291c0	Label	Global
LAB_004291fe	004291fe	Label	Global
LAB_00429202	00429202	Label	Global
LAB_00429206	00429206	Label	Global
LAB_0042920c	0042920c	Label	Global
LAB_0042920e	0042920e	Label	Global
LAB_00429230	00429230	Label	Global
LAB_00429250	00429250	Label	Global
LAB_0042927e	0042927e	Label	Global
LAB_00429282	00429282	Label	Global
LAB_00429286	00429286	Label	Global
LAB_0042928c	0042928c	Label	Global
LAB_0042928e	0042928e	Label	Global
LAB_004292b0	004292b0	Label	Global
LAB_004292e0	004292e0	Label	Global
LAB_0042931e	0042931e	Label	Global
LAB_00429322	00429322	Label	Global
LAB_00429326	00429326	Label	Global
LAB_0042932c	0042932c	Label	Global
LAB_0042932e	0042932e	Label	Global
LAB_00429350	00429350	Label	Global
LAB_00429370	00429370	Label	Global
LAB_0042939f	0042939f	Label	Global
LAB_004293a3	004293a3	Label	Global
LAB_004293a7	004293a7	Label	Global
LAB_004293ad	004293ad	Label	Global
LAB_004293af	004293af	Label	Global
LAB_004293d0	004293d0	Label	Global
LAB_00429400	00429400	Label	Global
LAB_0042943f	0042943f	Label	Global
LAB_00429443	00429443	Label	Global
LAB_00429447	00429447	Label	Global
LAB_0042944d	0042944d	Label	Global
LAB_0042944f	0042944f	Label	Global
LAB_00429470	00429470	Label	Global
LAB_00429490	00429490	Label	Global
LAB_004294be	004294be	Label	Global
LAB_004294c2	004294c2	Label	Global
LAB_004294c6	004294c6	Label	Global
LAB_004294cc	004294cc	Label	Global
LAB_004294ce	004294ce	Label	Global
LAB_004294f0	004294f0	Label	Global
LAB_00429520	00429520	Label	Global
LAB_0042955e	0042955e	Label	Global
LAB_00429562	00429562	Label	Global
LAB_00429566	00429566	Label	Global
LAB_0042956c	0042956c	Label	Global
LAB_0042956e	0042956e	Label	Global
LAB_00429590	00429590	Label	Global
LAB_004295a0	004295a0	Label	Global
LAB_004295b0	004295b0	Label	Global
LAB_004295c0	004295c0	Label	Global
LAB_004295d0	004295d0	Label	Global
LAB_004295e0	004295e0	Label	Global
LAB_004295f0	004295f0	Label	Global
LAB_00429615	00429615	Label	Global
LAB_00429620	00429620	Label	Global
LAB_00429630	00429630	Label	Global
LAB_00429640	00429640	Label	Global
LAB_00429650	00429650	Label	Global
LAB_00429675	00429675	Label	Global
LAB_00429680	00429680	Label	Global
LAB_00429690	00429690	Label	Global
LAB_004296a0	004296a0	Label	Global
LAB_004296b0	004296b0	Label	Global
LAB_004296d0	004296d0	Label	Global
LAB_004296f0	004296f0	Label	Global
LAB_00429710	00429710	Label	Global
LAB_00429730	00429730	Label	Global
LAB_00429750	00429750	Label	Global
LAB_00429770	00429770	Label	Global
LAB_00429790	00429790	Label	Global
LAB_004297b0	004297b0	Label	Global
LAB_004297d0	004297d0	Label	Global
LAB_004297f0	004297f0	Label	Global
LAB_00429810	00429810	Label	Global
LAB_00429840	00429840	Label	Global
LAB_00429860	00429860	Label	Global
LAB_00429880	00429880	Label	Global
LAB_00429896	00429896	Label	Global
LAB_004298a7	004298a7	Label	Global
LAB_004298be	004298be	Label	Global
LAB_004298ce	004298ce	Label	Global
LAB_004298e0	004298e0	Label	Global
LAB_00429910	00429910	Label	Global
LAB_00429920	00429920	Label	Global
LAB_00429940	00429940	Label	Global
LAB_00429960	00429960	Label	Global
LAB_00429980	00429980	Label	Global
LAB_004299a0	004299a0	Label	Global
FUN_004299d0	004299d0	Function	Global
LAB_004299f5	004299f5	Label	Global
LAB_00429a12	00429a12	Label	Global
LAB_00429a20	00429a20	Label	Global
FUN_00429a40	00429a40	Function	Global
LAB_00429a65	00429a65	Label	Global
LAB_00429a84	00429a84	Label	Global
FUN_00429a90	00429a90	Function	Global
LAB_00429ab5	00429ab5	Label	Global
LAB_00429ad2	00429ad2	Label	Global
LAB_00429ae0	00429ae0	Label	Global
FUN_00429b00	00429b00	Function	Global
LAB_00429b25	00429b25	Label	Global
LAB_00429b4e	00429b4e	Label	Global
LAB_00429b52	00429b52	Label	Global
LAB_00429b59	00429b59	Label	Global
FUN_00429b60	00429b60	Function	Global
LAB_00429b90	00429b90	Label	Global
LAB_00429bb4	00429bb4	Label	Global
LAB_00429bf8	00429bf8	Label	Global
LAB_00429bfe	00429bfe	Label	Global
LAB_00429c0f	00429c0f	Label	Global
FUN_00429c20	00429c20	Function	Global
LAB_00429c45	00429c45	Label	Global
LAB_00429c7c	00429c7c	Label	Global
LAB_00429c90	00429c90	Label	Global
LAB_00429cab	00429cab	Label	Global
LAB_00429ccd	00429ccd	Label	Global
LAB_00429ce0	00429ce0	Label	Global
FUN_00429d00	00429d00	Function	Global
LAB_00429d14	00429d14	Label	Global
LAB_00429d1b	00429d1b	Label	Global
LAB_00429d4d	00429d4d	Label	Global
LAB_00429d7c	00429d7c	Label	Global
LAB_00429d80	00429d80	Label	Global
LAB_00429d8d	00429d8d	Label	Global
LAB_00429db0	00429db0	Label	Global
LAB_00429e00	00429e00	Label	Global
LAB_00429e3b	00429e3b	Label	Global
LAB_00429e60	00429e60	Label	Global
LAB_00429eb0	00429eb0	Label	Global
LAB_00429f00	00429f00	Label	Global
LAB_00429f30	00429f30	Label	Global
LAB_00429f50	00429f50	Label	Global
LAB_00429f80	00429f80	Label	Global
LAB_00429f96	00429f96	Label	Global
LAB_00429fa2	00429fa2	Label	Global
LAB_00429fb8	00429fb8	Label	Global
LAB_00429fc2	00429fc2	Label	Global
LAB_00429fd8	00429fd8	Label	Global
LAB_00429fe2	00429fe2	Label	Global
LAB_0042a001	0042a001	Label	Global
LAB_0042a020	0042a020	Label	Global
LAB_0042a03f	0042a03f	Label	Global
LAB_0042a066	0042a066	Label	Global
LAB_0042a095	0042a095	Label	Global
LAB_0042a0e5	0042a0e5	Label	Global
LAB_0042a100	0042a100	Label	Global
LAB_0042a120	0042a120	Label	Global
LAB_0042a140	0042a140	Label	Global
LAB_0042a160	0042a160	Label	Global
LAB_0042a180	0042a180	Label	Global
LAB_0042a1a0	0042a1a0	Label	Global
LAB_0042a1c0	0042a1c0	Label	Global
LAB_0042a1e0	0042a1e0	Label	Global
LAB_0042a200	0042a200	Label	Global
LAB_0042a210	0042a210	Label	Global
FUN_0042a220	0042a220	Function	Global
LAB_0042a293	0042a293	Label	Global
LAB_0042a29a	0042a29a	Label	Global
LAB_0042a2a1	0042a2a1	Label	Global
LAB_0042a2ab	0042a2ab	Label	Global
LAB_0042a2c0	0042a2c0	Label	Global
LAB_0042a2c7	0042a2c7	Label	Global
LAB_0042a2cc	0042a2cc	Label	Global
LAB_0042a2d2	0042a2d2	Label	Global
LAB_0042a346	0042a346	Label	Global
LAB_0042a360	0042a360	Label	Global
LAB_0042a370	0042a370	Label	Global
LAB_0042a380	0042a380	Label	Global
FUN_0042a3b0	0042a3b0	Function	Global
LAB_0042a3df	0042a3df	Label	Global
LAB_0042a3f0	0042a3f0	Label	Global
FUN_0042a400	0042a400	Function	Global
LAB_0042a42c	0042a42c	Label	Global
LAB_0042a440	0042a440	Label	Global
LAB_0042a47c	0042a47c	Label	Global
LAB_0042a490	0042a490	Label	Global
LAB_0042a4cc	0042a4cc	Label	Global
LAB_0042a4e0	0042a4e0	Label	Global
LAB_0042a4f0	0042a4f0	Label	Global
LAB_0042a500	0042a500	Label	Global
LAB_0042a53b	0042a53b	Label	Global
LAB_0042a53f	0042a53f	Label	Global
LAB_0042a550	0042a550	Label	Global
LAB_0042a560	0042a560	Label	Global
LAB_0042a580	0042a580	Label	Global
LAB_0042a5a0	0042a5a0	Label	Global
LAB_0042a5c0	0042a5c0	Label	Global
LAB_0042a5f0	0042a5f0	Label	Global
LAB_0042a620	0042a620	Label	Global
LAB_0042a64d	0042a64d	Label	Global
LAB_0042a660	0042a660	Label	Global
LAB_0042a690	0042a690	Label	Global
LAB_0042a6c0	0042a6c0	Label	Global
LAB_0042a700	0042a700	Label	Global
LAB_0042a730	0042a730	Label	Global
LAB_0042a790	0042a790	Label	Global
LAB_0042a7b0	0042a7b0	Label	Global
LAB_0042a7c0	0042a7c0	Label	Global
LAB_0042a7e0	0042a7e0	Label	Global
LAB_0042a7f0	0042a7f0	Label	Global
LAB_0042a810	0042a810	Label	Global
LAB_0042a830	0042a830	Label	Global
LAB_0042a840	0042a840	Label	Global
LAB_0042a850	0042a850	Label	Global
LAB_0042a8a0	0042a8a0	Label	Global
LAB_0042a8e0	0042a8e0	Label	Global
LAB_0042a94d	0042a94d	Label	Global
LAB_0042a94f	0042a94f	Label	Global
LAB_0042a959	0042a959	Label	Global
LAB_0042a980	0042a980	Label	Global
LAB_0042a990	0042a990	Label	Global
LAB_0042a9b0	0042a9b0	Label	Global
LAB_0042a9f0	0042a9f0	Label	Global
LAB_0042aa30	0042aa30	Label	Global
LAB_0042aaa0	0042aaa0	Label	Global
LAB_0042aae0	0042aae0	Label	Global
LAB_0042ab30	0042ab30	Label	Global
LAB_0042ab62	0042ab62	Label	Global
LAB_0042ab70	0042ab70	Label	Global
LAB_0042ab82	0042ab82	Label	Global
LAB_0042abae	0042abae	Label	Global
LAB_0042abb3	0042abb3	Label	Global
LAB_0042abbb	0042abbb	Label	Global
LAB_0042abdb	0042abdb	Label	Global
LAB_0042abf0	0042abf0	Label	Global
LAB_0042ac30	0042ac30	Label	Global
LAB_0042ac40	0042ac40	Label	Global
LAB_0042ac80	0042ac80	Label	Global
FUN_0042ac90	0042ac90	Function	Global
LAB_0042ad06	0042ad06	Label	Global
FUN_0042ad20	0042ad20	Function	Global
LAB_0042ad30	0042ad30	Label	Global
LAB_0042ad40	0042ad40	Label	Global
LAB_0042ad50	0042ad50	Label	Global
FUN_0042ad60	0042ad60	Function	Global
LAB_0042ad70	0042ad70	Label	Global
LAB_0042ad80	0042ad80	Label	Global
LAB_0042ad90	0042ad90	Label	Global
LAB_0042adb0	0042adb0	Label	Global
LAB_0042ae10	0042ae10	Label	Global
LAB_0042ae25	0042ae25	Label	Global
LAB_0042ae40	0042ae40	Label	Global
LAB_0042ae55	0042ae55	Label	Global
LAB_0042ae70	0042ae70	Label	Global
LAB_0042ae85	0042ae85	Label	Global
LAB_0042aea0	0042aea0	Label	Global
LAB_0042aeb0	0042aeb0	Label	Global
LAB_0042aed0	0042aed0	Label	Global
LAB_0042aef0	0042aef0	Label	Global
LAB_0042af20	0042af20	Label	Global
LAB_0042af30	0042af30	Label	Global
LAB_0042af60	0042af60	Label	Global
LAB_0042af90	0042af90	Label	Global
LAB_0042afc0	0042afc0	Label	Global
LAB_0042aff0	0042aff0	Label	Global
LAB_0042b020	0042b020	Label	Global
LAB_0042b050	0042b050	Label	Global
LAB_0042b080	0042b080	Label	Global
LAB_0042b0b0	0042b0b0	Label	Global
FUN_0042b0c0	0042b0c0	Function	Global
FUN_0042b0e0	0042b0e0	Function	Global
LAB_0042b0f0	0042b0f0	Label	Global
LAB_0042b100	0042b100	Label	Global
LAB_0042b130	0042b130	Label	Global
FUN_0042b140	0042b140	Function	Global
FUN_0042b160	0042b160	Function	Global
LAB_0042b170	0042b170	Label	Global
LAB_0042b180	0042b180	Label	Global
LAB_0042b1b0	0042b1b0	Label	Global
LAB_0042b1e0	0042b1e0	Label	Global
FUN_0042b1f0	0042b1f0	Function	Global
FUN_0042b210	0042b210	Function	Global
LAB_0042b220	0042b220	Label	Global
LAB_0042b230	0042b230	Label	Global
LAB_0042b260	0042b260	Label	Global
LAB_0042b290	0042b290	Label	Global
switchD	0042b2e7	Label	switchD_0042b2e7
caseD_17	0042b2ee	Label	switchD_0042b2e7
caseD_18	0042b314	Label	switchD_0042b2e7
caseD_16	0042b341	Label	switchD_0042b2e7
caseD_d	0042b367	Label	switchD_0042b2e7
caseD_1c	0042b387	Label	switchD_0042b2e7
caseD_e	0042b3a7	Label	switchD_0042b2e7
caseD_a	0042b3c7	Label	switchD_0042b2e7
caseD_b	0042b3fe	Label	switchD_0042b2e7
caseD_14	0042b434	Label	switchD_0042b2e7
caseD_19	0042b46a	Label	switchD_0042b2e7
caseD_1a	0042b476	Label	switchD_0042b2e7
caseD_c	0042b482	Label	switchD_0042b2e7
switchdataD_0042b490	0042b490	Label	switchD_0042b2e7
PTR_caseD_1a_0042b4b4+2	0042b4b6	Label	Global
switchdataD_0042b4c0	0042b4c0	Label	switchD_0042b2e7
LAB_0042b4e0	0042b4e0	Label	Global
switchD	0042b537	Label	switchD_0042b537
caseD_b	0042b53e	Label	switchD_0042b537
caseD_14	0042b587	Label	switchD_0042b537
caseD_19	0042b5d0	Label	switchD_0042b537
caseD_1a	0042b5d9	Label	switchD_0042b537
caseD_c	0042b5e5	Label	switchD_0042b537
switchdataD_0042b5f4	0042b5f4	Label	switchD_0042b537
PTR_caseD_19_0042b5fc+1	0042b5fd	Label	Global
switchdataD_0042b608	0042b608	Label	switchD_0042b537
LAB_0042b620	0042b620	Label	Global
LAB_0042b650	0042b650	Label	Global
FUN_0042b680	0042b680	Function	Global
LAB_0042b699	0042b699	Label	Global
LAB_0042b6d0	0042b6d0	Label	Global
LAB_0042b6e0	0042b6e0	Label	Global
LAB_0042b6f0	0042b6f0	Label	Global
LAB_0042b720	0042b720	Label	Global
LAB_0042b750	0042b750	Label	Global
LAB_0042b780	0042b780	Label	Global
LAB_0042b7b0	0042b7b0	Label	Global
LAB_0042b7e0	0042b7e0	Label	Global
FUN_0042b7f0	0042b7f0	Function	Global
FUN_0042b810	0042b810	Function	Global
LAB_0042b820	0042b820	Label	Global
LAB_0042b830	0042b830	Label	Global
LAB_0042b873	0042b873	Label	Global
LAB_0042b884	0042b884	Label	Global
LAB_0042b8c4	0042b8c4	Label	Global
LAB_0042b8c9	0042b8c9	Label	Global
LAB_0042b93c	0042b93c	Label	Global
LAB_0042b9b1	0042b9b1	Label	Global
LAB_0042b9ba	0042b9ba	Label	Global
LAB_0042b9c0	0042b9c0	Label	Global
LAB_0042b9de	0042b9de	Label	Global
LAB_0042b9f1	0042b9f1	Label	Global
LAB_0042ba60	0042ba60	Label	Global
LAB_0042badf	0042badf	Label	Global
LAB_0042baf0	0042baf0	Label	Global
LAB_0042bb4c	0042bb4c	Label	Global
LAB_0042bb60	0042bb60	Label	Global
LAB_0042bb90	0042bb90	Label	Global
LAB_0042bbc0	0042bbc0	Label	Global
LAB_0042bbf0	0042bbf0	Label	Global
LAB_0042bc20	0042bc20	Label	Global
LAB_0042bc50	0042bc50	Label	Global
LAB_0042bc8a	0042bc8a	Label	Global
LAB_0042bca0	0042bca0	Label	Global
LAB_0042bcf9	0042bcf9	Label	Global
LAB_0042bcfe	0042bcfe	Label	Global
LAB_0042bd19	0042bd19	Label	Global
LAB_0042bd30	0042bd30	Label	Global
LAB_0042bd6a	0042bd6a	Label	Global
LAB_0042bd80	0042bd80	Label	Global
LAB_0042bdba	0042bdba	Label	Global
LAB_0042bdd0	0042bdd0	Label	Global
LAB_0042be0a	0042be0a	Label	Global
LAB_0042be20	0042be20	Label	Global
LAB_0042be5a	0042be5a	Label	Global
LAB_0042be70	0042be70	Label	Global
LAB_0042bea4	0042bea4	Label	Global
LAB_0042beb0	0042beb0	Label	Global
LAB_0042bee4	0042bee4	Label	Global
LAB_0042bef0	0042bef0	Label	Global
LAB_0042bf24	0042bf24	Label	Global
LAB_0042bf30	0042bf30	Label	Global
LAB_0042bf64	0042bf64	Label	Global
LAB_0042bf70	0042bf70	Label	Global
LAB_0042bfa4	0042bfa4	Label	Global
LAB_0042bfb0	0042bfb0	Label	Global
LAB_0042bfc0	0042bfc0	Label	Global
LAB_0042bfd8	0042bfd8	Label	Global
LAB_0042bfe2	0042bfe2	Label	Global
LAB_0042c000	0042c000	Label	Global
LAB_0042c018	0042c018	Label	Global
LAB_0042c022	0042c022	Label	Global
LAB_0042c040	0042c040	Label	Global
LAB_0042c058	0042c058	Label	Global
LAB_0042c062	0042c062	Label	Global
LAB_0042c080	0042c080	Label	Global
LAB_0042c0a0	0042c0a0	Label	Global
LAB_0042c0d0	0042c0d0	Label	Global
LAB_0042c100	0042c100	Label	Global
LAB_0042c120	0042c120	Label	Global
LAB_0042c140	0042c140	Label	Global
LAB_0042c180	0042c180	Label	Global
LAB_0042c1c0	0042c1c0	Label	Global
LAB_0042c1d0	0042c1d0	Label	Global
LAB_0042c209	0042c209	Label	Global
LAB_0042c21e	0042c21e	Label	Global
LAB_0042c227	0042c227	Label	Global
LAB_0042c246	0042c246	Label	Global
LAB_0042c279	0042c279	Label	Global
LAB_0042c29e	0042c29e	Label	Global
LAB_0042c2b0	0042c2b0	Label	Global
LAB_0042c2fa	0042c2fa	Label	Global
LAB_0042c306	0042c306	Label	Global
LAB_0042c336	0042c336	Label	Global
LAB_0042c344	0042c344	Label	Global
LAB_0042c363	0042c363	Label	Global
LAB_0042c369	0042c369	Label	Global
LAB_0042c37f	0042c37f	Label	Global
LAB_0042c38d	0042c38d	Label	Global
LAB_0042c3b6	0042c3b6	Label	Global
LAB_0042c3bc	0042c3bc	Label	Global
LAB_0042c421	0042c421	Label	Global
LAB_0042c4a7	0042c4a7	Label	Global
LAB_0042c4d3	0042c4d3	Label	Global
LAB_0042c4e0	0042c4e0	Label	Global
LAB_0042c526	0042c526	Label	Global
LAB_0042c580	0042c580	Label	Global
LAB_0042c590	0042c590	Label	Global
LAB_0042c5b0	0042c5b0	Label	Global
LAB_0042c5df	0042c5df	Label	Global
LAB_0042c5e3	0042c5e3	Label	Global
LAB_0042c5e7	0042c5e7	Label	Global
LAB_0042c5ed	0042c5ed	Label	Global
LAB_0042c5f0	0042c5f0	Label	Global
LAB_0042c610	0042c610	Label	Global
LAB_0042c640	0042c640	Label	Global
LAB_0042c67f	0042c67f	Label	Global
LAB_0042c683	0042c683	Label	Global
LAB_0042c687	0042c687	Label	Global
LAB_0042c68d	0042c68d	Label	Global
LAB_0042c68f	0042c68f	Label	Global
FUN_0042c6b0	0042c6b0	Function	Global
LAB_0042c6d0	0042c6d0	Label	Global
LAB_0042c6f0	0042c6f0	Label	Global
LAB_0042c710	0042c710	Label	Global
LAB_0042c77b	0042c77b	Label	Global
LAB_0042c77d	0042c77d	Label	Global
LAB_0042c791	0042c791	Label	Global
LAB_0042c793	0042c793	Label	Global
LAB_0042c79f	0042c79f	Label	Global
LAB_0042c803	0042c803	Label	Global
LAB_0042c810	0042c810	Label	Global
LAB_0042c814	0042c814	Label	Global
LAB_0042c843	0042c843	Label	Global
LAB_0042c850	0042c850	Label	Global
LAB_0042c878	0042c878	Label	Global
LAB_0042c87d	0042c87d	Label	Global
LAB_0042c895	0042c895	Label	Global
LAB_0042c89a	0042c89a	Label	Global
LAB_0042c8a5	0042c8a5	Label	Global
LAB_0042c8b0	0042c8b0	Label	Global
LAB_0042c8dd	0042c8dd	Label	Global
LAB_0042c8f4	0042c8f4	Label	Global
LAB_0042c8fb	0042c8fb	Label	Global
LAB_0042c910	0042c910	Label	Global
LAB_0042c970	0042c970	Label	Global
LAB_0042c9f0	0042c9f0	Label	Global
LAB_0042ca29	0042ca29	Label	Global
LAB_0042ca30	0042ca30	Label	Global
LAB_0042ca70	0042ca70	Label	Global
LAB_0042cab0	0042cab0	Label	Global
LAB_0042cb00	0042cb00	Label	Global
LAB_0042cb40	0042cb40	Label	Global
LAB_0042cb80	0042cb80	Label	Global
FUN_0042cb90	0042cb90	Function	Global
FUN_0042cba0	0042cba0	Function	Global
LAB_0042cbb0	0042cbb0	Label	Global
FUN_0042cbc0	0042cbc0	Function	Global
LAB_0042cbd8	0042cbd8	Label	Global
LAB_0042cbee	0042cbee	Label	Global
LAB_0042cc03	0042cc03	Label	Global
FUN_0042cc10	0042cc10	Function	Global
LAB_0042ccdd	0042ccdd	Label	Global
LAB_0042cd0b	0042cd0b	Label	Global
LAB_0042cdd5	0042cdd5	Label	Global
LAB_0042cddd	0042cddd	Label	Global
LAB_0042ce0b	0042ce0b	Label	Global
LAB_0042ce13	0042ce13	Label	Global
LAB_0042ce4b	0042ce4b	Label	Global
LAB_0042ce88	0042ce88	Label	Global
LAB_0042ceb3	0042ceb3	Label	Global
LAB_0042cf04	0042cf04	Label	Global
LAB_0042cf09	0042cf09	Label	Global
FUN_0042cf20	0042cf20	Function	Global
LAB_0042cf53	0042cf53	Label	Global
LAB_0042cf5b	0042cf5b	Label	Global
LAB_0042cf6e	0042cf6e	Label	Global
LAB_0042cfe7	0042cfe7	Label	Global
LAB_0042cff6	0042cff6	Label	Global
LAB_0042d006	0042d006	Label	Global
LAB_0042d03a	0042d03a	Label	Global
LAB_0042d092	0042d092	Label	Global
LAB_0042d0d0	0042d0d0	Label	Global
LAB_0042d0ee	0042d0ee	Label	Global
LAB_0042d123	0042d123	Label	Global
LAB_0042d12e	0042d12e	Label	Global
LAB_0042d14e	0042d14e	Label	Global
LAB_0042d1ac	0042d1ac	Label	Global
LAB_0042d1ae	0042d1ae	Label	Global
LAB_0042d1d5	0042d1d5	Label	Global
LAB_0042d1e4	0042d1e4	Label	Global
LAB_0042d25f	0042d25f	Label	Global
LAB_0042d28b	0042d28b	Label	Global
LAB_0042d2af	0042d2af	Label	Global
LAB_0042d2e1	0042d2e1	Label	Global
LAB_0042d2e3	0042d2e3	Label	Global
LAB_0042d2f9	0042d2f9	Label	Global
LAB_0042d31b	0042d31b	Label	Global
LAB_0042d339	0042d339	Label	Global
LAB_0042d35d	0042d35d	Label	Global
LAB_0042d375	0042d375	Label	Global
LAB_0042d38a	0042d38a	Label	Global
LAB_0042d39f	0042d39f	Label	Global
LAB_0042d3d2	0042d3d2	Label	Global
LAB_0042d42a	0042d42a	Label	Global
LAB_0042d44a	0042d44a	Label	Global
LAB_0042d460	0042d460	Label	Global
LAB_0042d47a	0042d47a	Label	Global
LAB_0042d47c	0042d47c	Label	Global
LAB_0042d530	0042d530	Label	Global
LAB_0042d633	0042d633	Label	Global
LAB_0042d644	0042d644	Label	Global
LAB_0042d67d	0042d67d	Label	Global
LAB_0042d687	0042d687	Label	Global
LAB_0042d68d	0042d68d	Label	Global
LAB_0042d698	0042d698	Label	Global
LAB_0042d6ba	0042d6ba	Label	Global
LAB_0042d70c	0042d70c	Label	Global
LAB_0042d721	0042d721	Label	Global
LAB_0042d789	0042d789	Label	Global
LAB_0042d793	0042d793	Label	Global
FUN_0042d7b0	0042d7b0	Function	Global
LAB_0042d7df	0042d7df	Label	Global
LAB_0042d7fb	0042d7fb	Label	Global
LAB_0042d812	0042d812	Label	Global
LAB_0042d827	0042d827	Label	Global
LAB_0042d85c	0042d85c	Label	Global
FUN_0042d870	0042d870	Function	Global
LAB_0042d8a2	0042d8a2	Label	Global
LAB_0042d8d3	0042d8d3	Label	Global
LAB_0042d8fe	0042d8fe	Label	Global
LAB_0042d900	0042d900	Label	Global
LAB_0042d940	0042d940	Label	Global
LAB_0042d958	0042d958	Label	Global
LAB_0042d999	0042d999	Label	Global
LAB_0042d9b0	0042d9b0	Label	Global
LAB_0042d9c4	0042d9c4	Label	Global
LAB_0042da15	0042da15	Label	Global
LAB_0042da33	0042da33	Label	Global
LAB_0042da4e	0042da4e	Label	Global
LAB_0042da5b	0042da5b	Label	Global
LAB_0042da93	0042da93	Label	Global
LAB_0042da95	0042da95	Label	Global
LAB_0042dab8	0042dab8	Label	Global
LAB_0042db07	0042db07	Label	Global
FUN_0042db10	0042db10	Function	Global
LAB_0042db73	0042db73	Label	Global
LAB_0042db90	0042db90	Label	Global
LAB_0042dba7	0042dba7	Label	Global
LAB_0042dbaf	0042dbaf	Label	Global
LAB_0042dbbc	0042dbbc	Label	Global
LAB_0042dbe9	0042dbe9	Label	Global
LAB_0042dc07	0042dc07	Label	Global
LAB_0042dc18	0042dc18	Label	Global
FUN_0042dc50	0042dc50	Function	Global
LAB_0042dc70	0042dc70	Label	Global
LAB_0042dc84	0042dc84	Label	Global
LAB_0042dca8	0042dca8	Label	Global
LAB_0042dcb3	0042dcb3	Label	Global
LAB_0042dcd6	0042dcd6	Label	Global
FUN_0042dd10	0042dd10	Function	Global
LAB_0042dd39	0042dd39	Label	Global
LAB_0042dd3f	0042dd3f	Label	Global
FUN_0042dd40	0042dd40	Function	Global
LAB_0042ddb2	0042ddb2	Label	Global
LAB_0042ddbc	0042ddbc	Label	Global
switchD	0042ddc5	Label	switchD_0042ddc5
caseD_0	0042ddcc	Label	switchD_0042ddc5
LAB_0042ddd7	0042ddd7	Label	Global
LAB_0042de36	0042de36	Label	Global
LAB_0042de42	0042de42	Label	Global
LAB_0042de6f	0042de6f	Label	Global
LAB_0042de7b	0042de7b	Label	Global
caseD_2	0042dea5	Label	switchD_0042ddc5
LAB_0042deb0	0042deb0	Label	Global
LAB_0042df0b	0042df0b	Label	Global
LAB_0042df17	0042df17	Label	Global
LAB_0042df1a	0042df1a	Label	Global
LAB_0042df65	0042df65	Label	Global
LAB_0042df71	0042df71	Label	Global
LAB_0042df76	0042df76	Label	Global
LAB_0042df7e	0042df7e	Label	Global
caseD_1	0042dfaa	Label	switchD_0042ddc5
LAB_0042dfc2	0042dfc2	Label	Global
LAB_0042e01a	0042e01a	Label	Global
LAB_0042e026	0042e026	Label	Global
LAB_0042e05f	0042e05f	Label	Global
LAB_0042e06b	0042e06b	Label	Global
caseD_3	0042e095	Label	switchD_0042ddc5
LAB_0042e0ad	0042e0ad	Label	Global
LAB_0042e101	0042e101	Label	Global
LAB_0042e10d	0042e10d	Label	Global
LAB_0042e110	0042e110	Label	Global
LAB_0042e152	0042e152	Label	Global
LAB_0042e15e	0042e15e	Label	Global
LAB_0042e163	0042e163	Label	Global
LAB_0042e167	0042e167	Label	Global
LAB_0042e18e	0042e18e	Label	Global
default	0042e192	Label	switchD_0042ddc5
switchdataD_0042e1b0	0042e1b0	Label	switchD_0042ddc5
PTR_caseD_1_0042e1b4	0042e1b4	Label	Global
PTR_caseD_2_0042e1b8	0042e1b8	Label	Global
PTR_caseD_3_0042e1bc	0042e1bc	Label	Global
FUN_0042e1c0	0042e1c0	Function	Global
LAB_0042e21c	0042e21c	Label	Global
LAB_0042e21e	0042e21e	Label	Global
LAB_0042e223	0042e223	Label	Global
LAB_0042e243	0042e243	Label	Global
LAB_0042e24e	0042e24e	Label	Global
LAB_0042e25e	0042e25e	Label	Global
LAB_0042e27f	0042e27f	Label	Global
LAB_0042e29b	0042e29b	Label	Global
LAB_0042e2f6	0042e2f6	Label	Global
LAB_0042e2fc	0042e2fc	Label	Global
LAB_0042e34a	0042e34a	Label	Global
LAB_0042e361	0042e361	Label	Global
LAB_0042e37f	0042e37f	Label	Global
LAB_0042e3dc	0042e3dc	Label	Global
LAB_0042e402	0042e402	Label	Global
LAB_0042e40e	0042e40e	Label	Global
LAB_0042e41b	0042e41b	Label	Global
LAB_0042e436	0042e436	Label	Global
LAB_0042e456	0042e456	Label	Global
LAB_0042e464	0042e464	Label	Global
LAB_0042e491	0042e491	Label	Global
LAB_0042e4da	0042e4da	Label	Global
LAB_0042e4de	0042e4de	Label	Global
LAB_0042e535	0042e535	Label	Global
LAB_0042e576	0042e576	Label	Global
LAB_0042e5ab	0042e5ab	Label	Global
LAB_0042e5c1	0042e5c1	Label	Global
LAB_0042e5e7	0042e5e7	Label	Global
LAB_0042e5fd	0042e5fd	Label	Global
LAB_0042e610	0042e610	Label	Global
LAB_0042e656	0042e656	Label	Global
LAB_0042e6b0	0042e6b0	Label	Global
LAB_0042e6c0	0042e6c0	Label	Global
LAB_0042e6e0	0042e6e0	Label	Global
LAB_0042e70f	0042e70f	Label	Global
LAB_0042e713	0042e713	Label	Global
LAB_0042e717	0042e717	Label	Global
LAB_0042e71d	0042e71d	Label	Global
LAB_0042e720	0042e720	Label	Global
LAB_0042e740	0042e740	Label	Global
LAB_0042e770	0042e770	Label	Global
LAB_0042e7af	0042e7af	Label	Global
LAB_0042e7b3	0042e7b3	Label	Global
LAB_0042e7b7	0042e7b7	Label	Global
LAB_0042e7bd	0042e7bd	Label	Global
LAB_0042e7bf	0042e7bf	Label	Global
LAB_0042e7e0	0042e7e0	Label	Global
LAB_0042e800	0042e800	Label	Global
LAB_0042e820	0042e820	Label	Global
LAB_0042e840	0042e840	Label	Global
LAB_0042e860	0042e860	Label	Global
LAB_0042e880	0042e880	Label	Global
LAB_0042e8a0	0042e8a0	Label	Global
LAB_0042e8c0	0042e8c0	Label	Global
LAB_0042e8dc	0042e8dc	Label	Global
LAB_0042e8e9	0042e8e9	Label	Global
LAB_0042e914	0042e914	Label	Global
LAB_0042e930	0042e930	Label	Global
LAB_0042e970	0042e970	Label	Global
FUN_0042e9c0	0042e9c0	Function	Global
LAB_0042e9e0	0042e9e0	Label	Global
LAB_0042ea00	0042ea00	Label	Global
LAB_0042ea46	0042ea46	Label	Global
LAB_0042eaa0	0042eaa0	Label	Global
LAB_0042eac0	0042eac0	Label	Global
LAB_0042eaef	0042eaef	Label	Global
LAB_0042eaf3	0042eaf3	Label	Global
LAB_0042eaf7	0042eaf7	Label	Global
LAB_0042eafd	0042eafd	Label	Global
LAB_0042eb00	0042eb00	Label	Global
LAB_0042eb20	0042eb20	Label	Global
LAB_0042eb50	0042eb50	Label	Global
LAB_0042eb8f	0042eb8f	Label	Global
LAB_0042eb93	0042eb93	Label	Global
LAB_0042eb97	0042eb97	Label	Global
LAB_0042eb9d	0042eb9d	Label	Global
LAB_0042eb9f	0042eb9f	Label	Global
FUN_0042ebc0	0042ebc0	Function	Global
FUN_0042ebe0	0042ebe0	Function	Global
LAB_0042ec10	0042ec10	Label	Global
LAB_0042ec20	0042ec20	Label	Global
LAB_0042ec30	0042ec30	Label	Global
LAB_0042ec76	0042ec76	Label	Global
LAB_0042ecc0	0042ecc0	Label	Global
LAB_0042ecd0	0042ecd0	Label	Global
FUN_0042ece0	0042ece0	Function	Global
FUN_0042ed00	0042ed00	Function	Global
LAB_0042ed10	0042ed10	Label	Global
LAB_0042ed20	0042ed20	Label	Global
LAB_0042ed30	0042ed30	Label	Global
LAB_0042ed50	0042ed50	Label	Global
LAB_0042ed7f	0042ed7f	Label	Global
LAB_0042ed83	0042ed83	Label	Global
LAB_0042ed87	0042ed87	Label	Global
LAB_0042ed8d	0042ed8d	Label	Global
LAB_0042ed90	0042ed90	Label	Global
LAB_0042edb0	0042edb0	Label	Global
LAB_0042edd0	0042edd0	Label	Global
LAB_0042ee0f	0042ee0f	Label	Global
LAB_0042ee13	0042ee13	Label	Global
LAB_0042ee17	0042ee17	Label	Global
LAB_0042ee1d	0042ee1d	Label	Global
LAB_0042ee1f	0042ee1f	Label	Global
LAB_0042ee40	0042ee40	Label	Global
FUN_0042ee70	0042ee70	Function	Global
LAB_0042ee8e	0042ee8e	Label	Global
LAB_0042ee98	0042ee98	Label	Global
FUN_0042eeb0	0042eeb0	Function	Global
FUN_0042eed0	0042eed0	Function	Global
LAB_0042eef0	0042eef0	Label	Global
LAB_0042ef10	0042ef10	Label	Global
FUN_0042ef30	0042ef30	Function	Global
FUN_0042ef80	0042ef80	Function	Global
FUN_0042efd0	0042efd0	Function	Global
FUN_0042f020	0042f020	Function	Global
FUN_0042f070	0042f070	Function	Global
LAB_0042f087	0042f087	Label	Global
LAB_0042f08d	0042f08d	Label	Global
LAB_0042f0d7	0042f0d7	Label	Global
LAB_0042f0e0	0042f0e0	Label	Global
LAB_0042f0f0	0042f0f0	Label	Global
LAB_0042f130	0042f130	Label	Global
LAB_0042f140	0042f140	Label	Global
LAB_0042f150	0042f150	Label	Global
LAB_0042f174	0042f174	Label	Global
LAB_0042f190	0042f190	Label	Global
LAB_0042f19a	0042f19a	Label	Global
LAB_0042f1af	0042f1af	Label	Global
LAB_0042f1ba	0042f1ba	Label	Global
LAB_0042f1d5	0042f1d5	Label	Global
LAB_0042f1de	0042f1de	Label	Global
LAB_0042f200	0042f200	Label	Global
LAB_0042f22c	0042f22c	Label	Global
LAB_0042f254	0042f254	Label	Global
LAB_0042f260	0042f260	Label	Global
LAB_0042f299	0042f299	Label	Global
LAB_0042f2c9	0042f2c9	Label	Global
LAB_0042f2d6	0042f2d6	Label	Global
LAB_0042f2fb	0042f2fb	Label	Global
LAB_0042f306	0042f306	Label	Global
LAB_0042f322	0042f322	Label	Global
LAB_0042f330	0042f330	Label	Global
LAB_0042f336	0042f336	Label	Global
LAB_0042f340	0042f340	Label	Global
LAB_0042f374	0042f374	Label	Global
LAB_0042f383	0042f383	Label	Global
LAB_0042f390	0042f390	Label	Global
LAB_0042f3aa	0042f3aa	Label	Global
LAB_0042f3c3	0042f3c3	Label	Global
LAB_0042f3ce	0042f3ce	Label	Global
LAB_0042f3d8	0042f3d8	Label	Global
LAB_0042f3de	0042f3de	Label	Global
LAB_0042f3ea	0042f3ea	Label	Global
FUN_0042f400	0042f400	Function	Global
LAB_0042f446	0042f446	Label	Global
LAB_0042f45c	0042f45c	Label	Global
LAB_0042f474	0042f474	Label	Global
LAB_0042f4c9	0042f4c9	Label	Global
LAB_0042f4f9	0042f4f9	Label	Global
FUN_0042f550	0042f550	Function	Global
LAB_0042f570	0042f570	Label	Global
FUN_0042f590	0042f590	Function	Global
LAB_0042f601	0042f601	Label	Global
FUN_0042f610	0042f610	Function	Global
LAB_0042f62f	0042f62f	Label	Global
LAB_0042f667	0042f667	Label	Global
LAB_0042f6b0	0042f6b0	Label	Global
LAB_0042f6d2	0042f6d2	Label	Global
LAB_0042f6d8	0042f6d8	Label	Global
FUN_0042f6e0	0042f6e0	Function	Global
LAB_0042f6f1	0042f6f1	Label	Global
LAB_0042f71d	0042f71d	Label	Global
LAB_0042f722	0042f722	Label	Global
LAB_0042f72a	0042f72a	Label	Global
LAB_0042f752	0042f752	Label	Global
LAB_0042f760	0042f760	Label	Global
LAB_0042f795	0042f795	Label	Global
LAB_0042f796	0042f796	Label	Global
LAB_0042f7a0	0042f7a0	Label	Global
FUN_0042f7b0	0042f7b0	Function	Global
FUN_0042f7c0	0042f7c0	Function	Global
LAB_0042f7d0	0042f7d0	Label	Global
LAB_0042f7e0	0042f7e0	Label	Global
FUN_0042f7f0	0042f7f0	Function	Global
FUN_0042f800	0042f800	Function	Global
LAB_0042f810	0042f810	Label	Global
LAB_0042f820	0042f820	Label	Global
FUN_0042f830	0042f830	Function	Global
FUN_0042f840	0042f840	Function	Global
LAB_0042f850	0042f850	Label	Global
LAB_0042f860	0042f860	Label	Global
FUN_0042f870	0042f870	Function	Global
FUN_0042f880	0042f880	Function	Global
LAB_0042f890	0042f890	Label	Global
LAB_0042f8a0	0042f8a0	Label	Global
FUN_0042f8b0	0042f8b0	Function	Global
FUN_0042f8c0	0042f8c0	Function	Global
LAB_0042f8d0	0042f8d0	Label	Global
LAB_0042f8e0	0042f8e0	Label	Global
LAB_0042f92b	0042f92b	Label	Global
LAB_0042f951	0042f951	Label	Global
LAB_0042f957	0042f957	Label	Global
LAB_0042fa20	0042fa20	Label	Global
LAB_0042faeb	0042faeb	Label	Global
LAB_0042fb00	0042fb00	Label	Global
LAB_0042fc16	0042fc16	Label	Global
LAB_0042fc38	0042fc38	Label	Global
LAB_0042fc51	0042fc51	Label	Global
LAB_0042fc70	0042fc70	Label	Global
LAB_0042fc90	0042fc90	Label	Global
LAB_0042fc95	0042fc95	Label	Global
LAB_0042fd09	0042fd09	Label	Global
LAB_0042fd75	0042fd75	Label	Global
LAB_0042fd9b	0042fd9b	Label	Global
LAB_0042fdab	0042fdab	Label	Global
LAB_0042fdb3	0042fdb3	Label	Global
LAB_0042fe03	0042fe03	Label	Global
LAB_0042fe33	0042fe33	Label	Global
LAB_0042fe4f	0042fe4f	Label	Global
LAB_0042fe5c	0042fe5c	Label	Global
LAB_0042fe7d	0042fe7d	Label	Global
LAB_0042fe8c	0042fe8c	Label	Global
LAB_0042fea7	0042fea7	Label	Global
LAB_0042fec0	0042fec0	Label	Global
LAB_0042ff12	0042ff12	Label	Global
LAB_0042ff2c	0042ff2c	Label	Global
LAB_0042ff99	0042ff99	Label	Global
LAB_0042ffd1	0042ffd1	Label	Global
LAB_0042ffda	0042ffda	Label	Global
LAB_00430045	00430045	Label	Global
LAB_00430074	00430074	Label	Global
LAB_0043007f	0043007f	Label	Global
LAB_00430094	00430094	Label	Global
LAB_004300db	004300db	Label	Global
LAB_004300e5	004300e5	Label	Global
LAB_0043010b	0043010b	Label	Global
LAB_00430115	00430115	Label	Global
LAB_00430132	00430132	Label	Global
LAB_00430143	00430143	Label	Global
LAB_0043014c	0043014c	Label	Global
LAB_004301b0	004301b0	Label	Global
LAB_004301c0	004301c0	Label	Global
FUN_004301d0	004301d0	Function	Global
LAB_00430200	00430200	Label	Global
LAB_00430270	00430270	Label	Global
FUN_004302e0	004302e0	Function	Global
LAB_00430340	00430340	Label	Global
FUN_00430350	00430350	Function	Global
LAB_004303c0	004303c0	Label	Global
LAB_004303d0	004303d0	Label	Global
LAB_004303f0	004303f0	Label	Global
LAB_00430412	00430412	Label	Global
LAB_00430420	00430420	Label	Global
LAB_00430430	00430430	Label	Global
LAB_00430440	00430440	Label	Global
LAB_00430467	00430467	Label	Global
LAB_0043046b	0043046b	Label	Global
LAB_0043047c	0043047c	Label	Global
LAB_00430484	00430484	Label	Global
LAB_00430494	00430494	Label	Global
LAB_0043049d	0043049d	Label	Global
LAB_004304a2	004304a2	Label	Global
LAB_004304ad	004304ad	Label	Global
LAB_004304dc	004304dc	Label	Global
LAB_004304fe	004304fe	Label	Global
LAB_00430503	00430503	Label	Global
LAB_00430510	00430510	Label	Global
LAB_00430520	00430520	Label	Global
FUN_00430530	00430530	Function	Global
FUN_00430540	00430540	Function	Global
LAB_00430550	00430550	Label	Global
LAB_00430560	00430560	Label	Global
FUN_00430580	00430580	Function	Global
switchD	004305e4	Label	switchD_004305e4
caseD_d	004305eb	Label	switchD_004305e4
caseD_f	00430668	Label	switchD_004305e4
caseD_14	004306e5	Label	switchD_004305e4
caseD_19	00430730	Label	switchD_004305e4
caseD_e	00430775	Label	switchD_004305e4
LAB_00430780	00430780	Label	Global
LAB_00430787	00430787	Label	Global
switchdataD_0043078c	0043078c	Label	switchD_004305e4
PTR_caseD_f_00430790+3	00430793	Label	Global
switchdataD_004307a0	004307a0	Label	switchD_004305e4
LAB_004307b0	004307b0	Label	Global
LAB_004307f8	004307f8	Label	Global
LAB_00430810	00430810	Label	Global
LAB_00430820	00430820	Label	Global
LAB_00430870	00430870	Label	Global
LAB_004308ae	004308ae	Label	Global
LAB_004308c0	004308c0	Label	Global
LAB_004308fe	004308fe	Label	Global
LAB_0043097f	0043097f	Label	Global
LAB_004309bf	004309bf	Label	Global
acmStreamClose	004309e0	Function	MSACM32.DLL
acmStreamUnprepareHeader	004309e6	Function	MSACM32.DLL
acmStreamConvert	004309ec	Function	MSACM32.DLL
acmStreamPrepareHeader	004309f2	Function	MSACM32.DLL
acmStreamSize	004309f8	Function	MSACM32.DLL
acmStreamOpen	004309fe	Function	MSACM32.DLL
acmFormatSuggest	00430a04	Function	MSACM32.DLL
FindTextA	00430a0a	Function	COMDLG32.DLL
PrintDlgA	00430a10	Function	COMDLG32.DLL
GetOpenFileNameA	00430a16	Function	COMDLG32.DLL
GetSaveFileNameA	00430a1c	Function	COMDLG32.DLL
FUN_00430a3a	00430a3a	Function	Global
LAB_00430a44	00430a44	Label	Global
LAB_00430a46	00430a46	Label	Global
LAB_00430a53	00430a53	Label	Global
LAB_00430a58	00430a58	Label	Global
FUN_00430a92	00430a92	Function	Global
LAB_00430a97	00430a97	Label	Global
FUN_00430a9c	00430a9c	Function	Global
FUN_00430ae2	00430ae2	Function	Global
__cintrindisp2	00430b10	Function	Global
LAB_00430b2b	00430b2b	Label	Global
LAB_00430b3f	00430b3f	Label	Global
__cintrindisp1	00430b4e	Function	Global
LAB_00430b68	00430b68	Label	Global
LAB_00430b7c	00430b7c	Label	Global
__ctrandisp2	00430b84	Function	Global
FUN_00430bbe	00430bbe	Function	Global
FUN_00430bc5	00430bc5	Function	Global
LAB_00430bf8	00430bf8	Label	Global
LAB_00430c1a	00430c1a	Label	Global
LAB_00430c22	00430c22	Label	Global
LAB_00430c39	00430c39	Label	Global
LAB_00430c67	00430c67	Label	Global
LAB_00430c93	00430c93	Label	Global
LAB_00430cc5	00430cc5	Label	Global
__ctrandisp1	00430cf5	Function	Global
__fload	00430d21	Function	Global
LAB_00430d57	00430d57	Label	Global
LAB_00430d5a	00430d5a	Label	Global
__trandisp1	00430d60	Function	Global
LAB_00430d77	00430d77	Label	Global
LAB_00430d7b	00430d7b	Label	Global
__trandisp2	00430dc7	Function	Global
LAB_00430dde	00430dde	Label	Global
LAB_00430de2	00430de2	Label	Global
LAB_00430e5c	00430e5c	Label	Global
LAB_00430e64	00430e64	Label	Global
LAB_00430e66	00430e66	Label	Global
FUN_00430e6b	00430e6b	Function	Global
LAB_00430e72	00430e72	Label	Global
LAB_00430e8f	00430e8f	Label	Global
LAB_00430e9d	00430e9d	Label	Global
LAB_00430e9f	00430e9f	Label	Global
LAB_00430ebd	00430ebd	Label	Global
LAB_00430ec4	00430ec4	Label	Global
LAB_00430ec7	00430ec7	Label	Global
LAB_00430efc	00430efc	Label	Global
LAB_00430f03	00430f03	Label	Global
FUN_00430f06	00430f06	Function	Global
LAB_00430f08	00430f08	Label	Global
LAB_00430f19	00430f19	Label	Global
LAB_00430f20	00430f20	Label	Global
FUN_00430f23	00430f23	Function	Global
LAB_00430f29	00430f29	Label	Global
FUN_00431736	00431736	Function	Global
LAB_004317c0	004317c0	Label	Global
LAB_0043181e	0043181e	Label	Global
LAB_0043182e	0043182e	Label	Global
LAB_00431888	00431888	Label	Global
LAB_00431895	00431895	Label	Global
LAB_004318d0	004318d0	Label	Global
LAB_004318da	004318da	Label	Global
LAB_0043190d	0043190d	Label	Global
LAB_00431938	00431938	Label	Global
FUN_0043193c	0043193c	Function	Global
LAB_0043195e	0043195e	Label	Global
LAB_004319b9	004319b9	Label	Global
LAB_004319d9	004319d9	Label	Global
LAB_004319e7	004319e7	Label	Global
FUN_00431b80	00431b80	Function	Global
LAB_00431b92	00431b92	Label	Global
LAB_00431bc5	00431bc5	Label	Global
LAB_00431bf0	00431bf0	Label	Global
LAB_00431cc0	00431cc0	Label	Global
LAB_00431cc9	00431cc9	Label	Global
LAB_00431cd2	00431cd2	Label	Global
LAB_00431ceb	00431ceb	Label	Global
LAB_00431cf5	00431cf5	Label	Global
LAB_00431cfb	00431cfb	Label	Global
FUN_00431cfc	00431cfc	Function	Global
LAB_00431d26	00431d26	Label	Global
FUN_00431d2c	00431d2c	Function	Global
LAB_00431d35	00431d35	Label	Global
LAB_00431d45	00431d45	Label	Global
LAB_00431d46	00431d46	Label	Global
LAB_00431d52	00431d52	Label	Global
LAB_00431d58	00431d58	Label	Global
LAB_00431dde	00431dde	Label	Global
LAB_00431de3	00431de3	Label	Global
LAB_00431e14	00431e14	Label	Global
LAB_00431e24	00431e24	Label	Global
LAB_00431e29	00431e29	Label	Global
LAB_00431e2d	00431e2d	Label	Global
LAB_00431e2f	00431e2f	Label	Global
LAB_00431e3d	00431e3d	Label	Global
LAB_00431e57	00431e57	Label	Global
LAB_00431e58	00431e58	Label	Global
LAB_00431e7b	00431e7b	Label	Global
FUN_00431f11	00431f11	Function	Global
LAB_00431f36	00431f36	Label	Global
LAB_00431f37	00431f37	Label	Global
LAB_00431f3e	00431f3e	Label	Global
LAB_00431f45	00431f45	Label	Global
LAB_00431f55	00431f55	Label	Global
LAB_00431f76	00431f76	Label	Global
__87except	00431f80	Function	Global
switchD	00431f9f	Label	switchD_00431f9f
caseD_1	00431fa6	Label	switchD_00431f9f
caseD_2	00431fad	Label	switchD_00431f9f
caseD_3	00431fb4	Label	switchD_00431f9f
caseD_4	00431fbb	Label	switchD_00431f9f
caseD_7	00431fc2	Label	switchD_00431f9f
caseD_6	00431fc8	Label	switchD_00431f9f
LAB_00431fca	00431fca	Label	Global
caseD_8	00431ffe	Label	switchD_00431f9f
LAB_00432005	00432005	Label	Global
LAB_00432026	00432026	Label	Global
LAB_0043203f	0043203f	Label	Global
LAB_00432069	00432069	Label	Global
LAB_00432078	00432078	Label	Global
switchdataD_00432080	00432080	Label	switchD_00431f9f
FUN_004320a0	004320a0	Function	Global
LAB_004320e8	004320e8	Label	Global
LAB_0043210d	0043210d	Label	Global
LAB_00432129	00432129	Label	Global
LAB_0043215f	0043215f	Label	Global
LAB_00432187	00432187	Label	Global
LAB_004321a3	004321a3	Label	Global
LAB_004321dc	004321dc	Label	Global
LAB_00432201	00432201	Label	Global
LAB_0043220f	0043220f	Label	Global
LAB_0043225c	0043225c	Label	Global
LAB_0043226f	0043226f	Label	Global
LAB_00432287	00432287	Label	Global
LAB_004322ae	004322ae	Label	Global
LAB_004322b8	004322b8	Label	Global
LAB_004322d0	004322d0	Label	Global
LAB_004322e1	004322e1	Label	Global
FUN_004322f0	004322f0	Function	Global
LAB_0043230f	0043230f	Label	Global
LAB_00432360	00432360	Label	Global
LAB_00432369	00432369	Label	Global
__raise_exc	00432370	Function	Global
LAB_004323a5	004323a5	Label	Global
LAB_004323a9	004323a9	Label	Global
LAB_004323bb	004323bb	Label	Global
LAB_004323cd	004323cd	Label	Global
LAB_004323df	004323df	Label	Global
LAB_004323f1	004323f1	Label	Global
LAB_004324a2	004324a2	Label	Global
LAB_004324ae	004324ae	Label	Global
LAB_004324ba	004324ba	Label	Global
LAB_004324c6	004324c6	Label	Global
LAB_004324d2	004324d2	Label	Global
LAB_004324e8	004324e8	Label	Global
LAB_004324f8	004324f8	Label	Global
LAB_00432501	00432501	Label	Global
LAB_00432515	00432515	Label	Global
LAB_00432529	00432529	Label	Global
LAB_00432530	00432530	Label	Global
LAB_00432549	00432549	Label	Global
LAB_00432559	00432559	Label	Global
LAB_0043256d	0043256d	Label	Global
LAB_00432574	00432574	Label	Global
LAB_0043260f	0043260f	Label	Global
LAB_00432617	00432617	Label	Global
LAB_0043261f	0043261f	Label	Global
LAB_00432627	00432627	Label	Global
LAB_0043262f	0043262f	Label	Global
switchD	0043263d	Label	switchD_0043263d
caseD_0	00432644	Label	switchD_0043263d
caseD_1	0043264c	Label	switchD_0043263d
caseD_2	0043265c	Label	switchD_0043263d
caseD_3	0043266c	Label	switchD_0043263d
default	00432672	Label	switchD_0043263d
LAB_0043268e	0043268e	Label	Global
LAB_0043269e	0043269e	Label	Global
LAB_004326ae	004326ae	Label	Global
LAB_004326b4	004326b4	Label	Global
switchdataD_004326cc	004326cc	Label	switchD_0043263d
__handle_exc	004326e0	Function	Global
LAB_00432711	00432711	Label	Global
LAB_00432732	00432732	Label	Global
LAB_00432771	00432771	Label	Global
LAB_0043278f	0043278f	Label	Global
LAB_004327b6	004327b6	Label	Global
LAB_004327c8	004327c8	Label	Global
LAB_004327ef	004327ef	Label	Global
LAB_00432801	00432801	Label	Global
LAB_00432828	00432828	Label	Global
LAB_0043283a	0043283a	Label	Global
LAB_00432861	00432861	Label	Global
LAB_00432873	00432873	Label	Global
LAB_00432899	00432899	Label	Global
LAB_004328e8	004328e8	Label	Global
LAB_004328fc	004328fc	Label	Global
LAB_0043291b	0043291b	Label	Global
LAB_00432927	00432927	Label	Global
LAB_0043293a	0043293a	Label	Global
LAB_00432942	00432942	Label	Global
LAB_00432950	00432950	Label	Global
LAB_0043295f	0043295f	Label	Global
LAB_00432964	00432964	Label	Global
LAB_00432972	00432972	Label	Global
LAB_00432975	00432975	Label	Global
LAB_00432991	00432991	Label	Global
__set_errno	004329a0	Function	Global
LAB_004329b4	004329b4	Label	Global
LAB_004329bf	004329bf	Label	Global
LAB_004329c9	004329c9	Label	Global
FUN_004329d0	004329d0	Function	Global
__statfp	004329e0	Function	Global
__clrfp	00432a00	Function	Global
__ctrlfp	00432a20	Function	Global
FUN_00432a60	00432a60	Function	Global
LAB_00432a77	00432a77	Label	Global
LAB_00432a8d	00432a8d	Label	Global
LAB_00432a9d	00432a9d	Label	Global
LAB_00432aab	00432aab	Label	Global
LAB_00432ab7	00432ab7	Label	Global
__set_exp	00432ac0	Function	Global
FUN_00432b00	00432b00	Function	Global
LAB_00432b17	00432b17	Label	Global
LAB_00432b2e	00432b2e	Label	Global
LAB_00432b43	00432b43	Label	Global
LAB_00432b5a	00432b5a	Label	Global
LAB_00432b60	00432b60	Label	Global
__decomp	00432b70	Function	Global
LAB_00432b93	00432b93	Label	Global
LAB_00432bb4	00432bb4	Label	Global
LAB_00432bcd	00432bcd	Label	Global
LAB_00432be3	00432be3	Label	Global
LAB_00432bf2	00432bf2	Label	Global
LAB_00432bff	00432bff	Label	Global
LAB_00432c0f	00432c0f	Label	Global
LAB_00432c29	00432c29	Label	Global
LAB_00432c4e	00432c4e	Label	Global
FUN_00432c60	00432c60	Function	Global
FUN_00432c80	00432c80	Function	Global
LAB_00432cb8	00432cb8	Label	Global
LAB_00432cbe	00432cbe	Label	Global
LAB_00432cc4	00432cc4	Label	Global
LAB_00432cca	00432cca	Label	Global
LAB_00432cf2	00432cf2	Label	Global
LAB_00432d08	00432d08	Label	Global
LAB_00432d14	00432d14	Label	Global
PTR_RegCloseKey_00433000	00433000	Label	Global
PTR_RegQueryValueExA_00433004	00433004	Label	Global
PTR_RegOpenKeyExA_00433008	00433008	Label	Global
PTR_CreateStatusWindowA_00433010	00433010	Label	Global
PTR_InitCommonControls_00433014	00433014	Label	Global
PTR_DeleteObject_0043301c	0043301c	Label	Global
PTR_RealizePalette_00433020	00433020	Label	Global
PTR_SelectPalette_00433024	00433024	Label	Global
PTR_GetDeviceCaps_00433028	00433028	Label	Global
PTR_CreatePalette_0043302c	0043302c	Label	Global
PTR_CreateSolidBrush_00433030	00433030	Label	Global
PTR_GetStockObject_00433034	00433034	Label	Global
PTR_SetBkColor_00433038	00433038	Label	Global
PTR_SetTextColor_0043303c	0043303c	Label	Global
PTR_StretchDIBits_00433040	00433040	Label	Global
PTR_SetStretchBltMode_00433044	00433044	Label	Global
PTR_CreateFontA_00433048	00433048	Label	Global
PTR_DeleteDC_0043304c	0043304c	Label	Global
PTR_GetDIBits_00433050	00433050	Label	Global
PTR_TextOutA_00433054	00433054	Label	Global
PTR_GetTextExtentPoint32A_00433058	00433058	Label	Global
PTR_SelectObject_0043305c	0043305c	Label	Global
PTR_CreateCompatibleDC_00433060	00433060	Label	Global
PTR_CreateBitmap_00433064	00433064	Label	Global
PTR_BitBlt_00433068	00433068	Label	Global
PTR_CreateCompatibleBitmap_0043306c	0043306c	Label	Global
PTR_CreateDCA_00433070	00433070	Label	Global
PTR_EndDoc_00433074	00433074	Label	Global
PTR_EndPage_00433078	00433078	Label	Global
PTR_StartPage_0043307c	0043307c	Label	Global
PTR_StartDocA_00433080	00433080	Label	Global
PTR_EnumFontFamiliesA_00433084	00433084	Label	Global
PTR_GetProcAddress_0043308c	0043308c	Label	Global
PTR_GetModuleHandleA_00433090	00433090	Label	Global
PTR_GetVersionExA_00433094	00433094	Label	Global
PTR_GetVersion_00433098	00433098	Label	Global
PTR_ExitProcess_0043309c	0043309c	Label	Global
PTR_GetExitCodeProcess_004330a0	004330a0	Label	Global
PTR_WaitForSingleObject_004330a4	004330a4	Label	Global
PTR_GetWindowsDirectoryA_004330a8	004330a8	Label	Global
PTR_SetCurrentDirectoryA_004330ac	004330ac	Label	Global
PTR_CreateProcessA_004330b0	004330b0	Label	Global
PTR_CreateDirectoryA_004330b4	004330b4	Label	Global
PTR_SetConsoleTitleA_004330b8	004330b8	Label	Global
PTR_HeapAlloc_004330bc	004330bc	Label	Global
PTR_HeapCreate_004330c0	004330c0	Label	Global
PTR_HeapDestroy_004330c4	004330c4	Label	Global
PTR_HeapFree_004330c8	004330c8	Label	Global
PTR_HeapReAlloc_004330cc	004330cc	Label	Global
PTR_HeapSize_004330d0	004330d0	Label	Global
PTR_VirtualAlloc_004330d4	004330d4	Label	Global
PTR_VirtualFree_004330d8	004330d8	Label	Global
PTR_AllocConsole_004330dc	004330dc	Label	Global
PTR_GetDiskFreeSpaceA_004330e0	004330e0	Label	Global
PTR_GetUserDefaultLangID_004330e4	004330e4	Label	Global
PTR_GetACP_004330e8	004330e8	Label	Global
PTR_SetVolumeLabelA_004330ec	004330ec	Label	Global
PTR_SetEndOfFile_004330f0	004330f0	Label	Global
PTR_SetLocalTime_004330f4	004330f4	Label	Global
PTR_WritePrivateProfileStringA_004330f8	004330f8	Label	Global
PTR_RemoveDirectoryA_004330fc	004330fc	Label	Global
PTR_FindClose_00433100	00433100	Label	Global
PTR_GetVolumeInformationA_00433104	00433104	Label	Global
PTR_GetLogicalDrives_00433108	00433108	Label	Global
PTR_FindFirstFileA_0043310c	0043310c	Label	Global
PTR_CopyFileA_00433110	00433110	Label	Global
PTR_MoveFileA_00433114	00433114	Label	Global
PTR_GlobalFree_00433118	00433118	Label	Global
PTR_FileTimeToSystemTime_0043311c	0043311c	Label	Global
PTR_LocalFileTimeToFileTime_00433120	00433120	Label	Global
PTR_SystemTimeToFileTime_00433124	00433124	Label	Global
PTR_FileTimeToLocalFileTime_00433128	00433128	Label	Global
PTR_GetDriveTypeA_0043312c	0043312c	Label	Global
PTR_QueryPerformanceCounter_00433130	00433130	Label	Global
PTR_QueryPerformanceFrequency_00433134	00433134	Label	Global
PTR_FindNextFileA_00433138	00433138	Label	Global
PTR_GetPrivateProfileStringA_0043313c	0043313c	Label	Global
PTR_GetLocalTime_00433140	00433140	Label	Global
PTR_GetModuleFileNameA_00433144	00433144	Label	Global
PTR_GetCommandLineA_00433148	00433148	Label	Global
PTR_FindResourceA_0043314c	0043314c	Label	Global
PTR_SizeofResource_00433150	00433150	Label	Global
PTR_LoadResource_00433154	00433154	Label	Global
PTR_LockResource_00433158	00433158	Label	Global
PTR_FreeLibrary_0043315c	0043315c	Label	Global
PTR_LoadLibraryA_00433160	00433160	Label	Global
PTR_SetFilePointer_00433164	00433164	Label	Global
PTR_SetFileAttributesA_00433168	00433168	Label	Global
PTR_GetFileAttributesA_0043316c	0043316c	Label	Global
PTR_SetFileTime_00433170	00433170	Label	Global
PTR_ReadFile_00433174	00433174	Label	Global
PTR_GetFileSize_00433178	00433178	Label	Global
PTR_MultiByteToWideChar_0043317c	0043317c	Label	Global
PTR_GetStdHandle_00433180	00433180	Label	Global
PTR_lstrlenW_00433184	00433184	Label	Global
PTR_CompareStringA_00433188	00433188	Label	Global
PTR_GetCurrentDirectoryA_0043318c	0043318c	Label	Global
PTR_GetTempPathA_00433190	00433190	Label	Global
PTR_GetTempFileNameA_00433194	00433194	Label	Global
PTR_FreeConsole_00433198	00433198	Label	Global
PTR_GetFullPathNameA_0043319c	0043319c	Label	Global
PTR_WideCharToMultiByte_004331a0	004331a0	Label	Global
PTR_DeleteFileA_004331a4	004331a4	Label	Global
PTR_WriteFile_004331a8	004331a8	Label	Global
PTR_CreateFileA_004331ac	004331ac	Label	Global
PTR_CloseHandle_004331b0	004331b0	Label	Global
PTR_RaiseException_004331b4	004331b4	Label	Global
PTR_lstrlenA_004331b8	004331b8	Label	Global
PTR_acmFormatSuggest_004331c0	004331c0	Label	Global
PTR_acmStreamOpen_004331c4	004331c4	Label	Global
PTR_acmStreamSize_004331c8	004331c8	Label	Global
PTR_acmStreamPrepareHeader_004331cc	004331cc	Label	Global
PTR_acmStreamConvert_004331d0	004331d0	Label	Global
PTR_acmStreamUnprepareHeader_004331d4	004331d4	Label	Global
PTR_acmStreamClose_004331d8	004331d8	Label	Global
PTR_ExtractIconA_004331e0	004331e0	Label	Global
PTR_GetCursorPos_004331e8	004331e8	Label	Global
PTR_PostQuitMessage_004331ec	004331ec	Label	Global
PTR_DefWindowProcA_004331f0	004331f0	Label	Global
PTR_MessageBoxA_004331f4	004331f4	Label	Global
PTR_UpdateWindow_004331f8	004331f8	Label	Global
PTR_FillRect_004331fc	004331fc	Label	Global
PTR_InvalidateRect_00433200	00433200	Label	Global
PTR_EnableWindow_00433204	00433204	Label	Global
PTR_SetScrollInfo_00433208	00433208	Label	Global
PTR_DestroyWindow_0043320c	0043320c	Label	Global
PTR_CharToOemBuffA_00433210	00433210	Label	Global
PTR_OemToCharBuffA_00433214	00433214	Label	Global
PTR_IsIconic_00433218	00433218	Label	Global
PTR_EndPaint_0043321c	0043321c	Label	Global
PTR_BeginPaint_00433220	00433220	Label	Global
PTR_SetKeyboardState_00433224	00433224	Label	Global
PTR_GetKeyboardState_00433228	00433228	Label	Global
PTR_PeekMessageA_0043322c	0043322c	Label	Global
PTR_DispatchMessageA_00433230	00433230	Label	Global
PTR_TranslateMessage_00433234	00433234	Label	Global
PTR_IsDialogMessageA_00433238	00433238	Label	Global
PTR_GetMessageA_0043323c	0043323c	Label	Global
PTR_KillTimer_00433240	00433240	Label	Global
PTR_SetTimer_00433244	00433244	Label	Global
PTR_SetWindowPlacement_00433248	00433248	Label	Global
PTR_GetWindowPlacement_0043324c	0043324c	Label	Global
PTR_SetCursor_00433250	00433250	Label	Global
PTR_SetCursorPos_00433254	00433254	Label	Global
PTR_LoadIconA_00433258	00433258	Label	Global
PTR_SetScrollPos_0043325c	0043325c	Label	Global
PTR_EnumDisplaySettingsA_00433260	00433260	Label	Global
PTR_GetSysColor_00433264	00433264	Label	Global
PTR_DrawTextA_00433268	00433268	Label	Global
PTR_LoadCursorA_0043326c	0043326c	Label	Global
PTR_RegisterClassA_00433270	00433270	Label	Global
PTR_CreateWindowExA_00433274	00433274	Label	Global
PTR_SetWindowLongA_00433278	00433278	Label	Global
PTR_SetFocus_0043327c	0043327c	Label	Global
PTR_GetFocus_00433280	00433280	Label	Global
PTR_GetClassNameA_00433284	00433284	Label	Global
PTR_GetWindowRect_00433288	00433288	Label	Global
PTR_SystemParametersInfoA_0043328c	0043328c	Label	Global
PTR_SetWindowPos_00433290	00433290	Label	Global
PTR_SetForegroundWindow_00433294	00433294	Label	Global
PTR_GetForegroundWindow_00433298	00433298	Label	Global
PTR_GetSystemMetrics_0043329c	0043329c	Label	Global
PTR_GetDC_004332a0	004332a0	Label	Global
PTR_ReleaseDC_004332a4	004332a4	Label	Global
PTR_GetDlgItem_004332a8	004332a8	Label	Global
PTR_SetWindowTextA_004332ac	004332ac	Label	Global
PTR_GetWindowTextLengthA_004332b0	004332b0	Label	Global
PTR_GetWindowTextA_004332b4	004332b4	Label	Global
PTR_CharLowerA_004332b8	004332b8	Label	Global
PTR_CharUpperA_004332bc	004332bc	Label	Global
PTR_CreateCursor_004332c0	004332c0	Label	Global
PTR_DestroyIcon_004332c4	004332c4	Label	Global
PTR_DestroyCursor_004332c8	004332c8	Label	Global
PTR_IsWindow_004332cc	004332cc	Label	Global
PTR_GetWindow_004332d0	004332d0	Label	Global
PTR_GetWindowLongA_004332d4	004332d4	Label	Global
PTR_SendMessageA_004332d8	004332d8	Label	Global
PTR_RegisterWindowMessageA_004332dc	004332dc	Label	Global
PTR_ScreenToClient_004332e0	004332e0	Label	Global
PTR_GetKeyState_004332e4	004332e4	Label	Global
PTR_GetAsyncKeyState_004332e8	004332e8	Label	Global
PTR_ClientToScreen_004332ec	004332ec	Label	Global
PTR_IsZoomed_004332f0	004332f0	Label	Global
PTR_MoveWindow_004332f4	004332f4	Label	Global
PTR_GetClientRect_004332f8	004332f8	Label	Global
PTR_EndDialog_004332fc	004332fc	Label	Global
PTR_ShowCursor_00433300	00433300	Label	Global
PTR_DialogBoxParamA_00433304	00433304	Label	Global
PTR_ShowWindow_00433308	00433308	Label	Global
PTR_AdjustWindowRectEx_0043330c	0043330c	Label	Global
PTR_ChangeDisplaySettingsA_00433310	00433310	Label	Global
PTR_waveOutRestart_00433318	00433318	Label	Global
PTR_waveOutWrite_0043331c	0043331c	Label	Global
PTR_waveOutPrepareHeader_00433320	00433320	Label	Global
PTR_waveOutReset_00433324	00433324	Label	Global
PTR_waveOutUnprepareHeader_00433328	00433328	Label	Global
PTR_joyGetDevCapsA_0043332c	0043332c	Label	Global
PTR_mciSendCommandA_00433330	00433330	Label	Global
PTR_waveOutPause_00433334	00433334	Label	Global
PTR_waveOutGetPosition_00433338	00433338	Label	Global
PTR_waveOutOpen_0043333c	0043333c	Label	Global
PTR_joyGetPos_00433340	00433340	Label	Global
PTR_waveOutClose_00433344	00433344	Label	Global
PTR_timeGetTime_00433348	00433348	Label	Global
PTR_GetSaveFileNameA_00433350	00433350	Label	Global
PTR_FindTextA_00433354	00433354	Label	Global
PTR_GetOpenFileNameA_00433358	00433358	Label	Global
PTR_PrintDlgA_0043335c	0043335c	Label	Global
DAT_00433370	00433370	Label	Global
DAT_00433378	00433378	Label	Global
DAT_00433380	00433380	Label	Global
DAT_00433388	00433388	Label	Global
DAT_00433390	00433390	Label	Global
DAT_00433398	00433398	Label	Global
DAT_004333a0	004333a0	Label	Global
DAT_004333a8	004333a8	Label	Global
DAT_004333b0	004333b0	Label	Global
DAT_004333b8	004333b8	Label	Global
DAT_004333c0	004333c0	Label	Global
DAT_004333c8	004333c8	Label	Global
DAT_004333d0	004333d0	Label	Global
DAT_004333d8	004333d8	Label	Global
DAT_004333e0	004333e0	Label	Global
DAT_004333e8	004333e8	Label	Global
DAT_004333f0	004333f0	Label	Global
DAT_004333f8	004333f8	Label	Global
DAT_00433400	00433400	Label	Global
DAT_00433408	00433408	Label	Global
DAT_00433410	00433410	Label	Global
DAT_00433418	00433418	Label	Global
DAT_00433420	00433420	Label	Global
DAT_00433428	00433428	Label	Global
DAT_00433430	00433430	Label	Global
DAT_00433438	00433438	Label	Global
DAT_00433440	00433440	Label	Global
DAT_00433448	00433448	Label	Global
DAT_00433450	00433450	Label	Global
DAT_00433458	00433458	Label	Global
DAT_00433460	00433460	Label	Global
DAT_00433468	00433468	Label	Global
DAT_00433470	00433470	Label	Global
DAT_00433478	00433478	Label	Global
DAT_00433480	00433480	Label	Global
DAT_00433488	00433488	Label	Global
DAT_00433490	00433490	Label	Global
DAT_00433498	00433498	Label	Global
DAT_004334a0	004334a0	Label	Global
DAT_004334a8	004334a8	Label	Global
DAT_004334b0	004334b0	Label	Global
DAT_004334b8	004334b8	Label	Global
DAT_004334c0	004334c0	Label	Global
DAT_004334c8	004334c8	Label	Global
DAT_004334d0	004334d0	Label	Global
DAT_004334d8	004334d8	Label	Global
DAT_004334e0	004334e0	Label	Global
DAT_004334e8	004334e8	Label	Global
DAT_004334f0	004334f0	Label	Global
DAT_004334f8	004334f8	Label	Global
DAT_00433500	00433500	Label	Global
DAT_00433508	00433508	Label	Global
DAT_00433510	00433510	Label	Global
DAT_00433518	00433518	Label	Global
DAT_00433520	00433520	Label	Global
DAT_00433528	00433528	Label	Global
DAT_00433be4	00433be4	Label	Global
DAT_00433be8	00433be8	Label	Global
DAT_00433bf8	00433bf8	Label	Global
DAT_00433bfc	00433bfc	Label	Global
DAT_00433c84	00433c84	Label	Global
DAT_00433c8c	00433c8c	Label	Global
DAT_00433c8d	00433c8d	Label	Global
DAT_00433c8e	00433c8e	Label	Global
DAT_00433c8f	00433c8f	Label	Global
DAT_00433c90	00433c90	Label	Global
DAT_00433c91	00433c91	Label	Global
DAT_00433c98	00433c98	Label	Global
DAT_00433ca0	00433ca0	Label	Global
DAT_00433cc0	00433cc0	Label	Global
DAT_00433cd8	00433cd8	Label	Global
DAT_00433cf0	00433cf0	Label	Global
DAT_00433cf8	00433cf8	Label	Global
DAT_00433d00	00433d00	Label	Global
DAT_00433d08	00433d08	Label	Global
DAT_00433d10	00433d10	Label	Global
DAT_00433d18	00433d18	Label	Global
DAT_00433d28	00433d28	Label	Global
DAT_00433d30	00433d30	Label	Global
DAT_00433d38	00433d38	Label	Global
DAT_00433d40	00433d40	Label	Global
DAT_00433d48	00433d48	Label	Global
DAT_00433d50	00433d50	Label	Global
DAT_00433d58	00433d58	Label	Global
DAT_00433d60	00433d60	Label	Global
DAT_00433d68	00433d68	Label	Global
DAT_00433d70	00433d70	Label	Global
DAT_00433d78	00433d78	Label	Global
DAT_00433d80	00433d80	Label	Global
DAT_00433d88	00433d88	Label	Global
DAT_00433d90	00433d90	Label	Global
DAT_00433d98	00433d98	Label	Global
DAT_00433da0	00433da0	Label	Global
DAT_00433da8	00433da8	Label	Global
DAT_00433db0	00433db0	Label	Global
DAT_00433db8	00433db8	Label	Global
DAT_00433dc0	00433dc0	Label	Global
DAT_00433dc8	00433dc8	Label	Global
DAT_00433dd0	00433dd0	Label	Global
DAT_00433dd8	00433dd8	Label	Global
DAT_00433de0	00433de0	Label	Global
DAT_00433de8	00433de8	Label	Global
DAT_00433df0	00433df0	Label	Global
DAT_00433df8	00433df8	Label	Global
DAT_00433e00	00433e00	Label	Global
DAT_00433e08	00433e08	Label	Global
DAT_00433e10	00433e10	Label	Global
DAT_00433e18	00433e18	Label	Global
DAT_00433e20	00433e20	Label	Global
DAT_00433e28	00433e28	Label	Global
DAT_00433e30	00433e30	Label	Global
DAT_00433e38	00433e38	Label	Global
DAT_00433e40	00433e40	Label	Global
DAT_00433e48	00433e48	Label	Global
DAT_00433e50	00433e50	Label	Global
DAT_00433e58	00433e58	Label	Global
DAT_00433e60	00433e60	Label	Global
DAT_00433e68	00433e68	Label	Global
DAT_00433e80	00433e80	Label	Global
DWORD_00433f70	00433f70	Label	Global
DAT_00436000	00436000	Label	Global
DAT_004360fc	004360fc	Label	Global
DAT_00436100	00436100	Label	Global
DAT_0043610c	0043610c	Label	Global
DAT_00436114	00436114	Label	Global
DAT_00436118	00436118	Label	Global
DAT_0043611c	0043611c	Label	Global
DAT_00436120	00436120	Label	Global
DAT_00436124	00436124	Label	Global
DAT_00436128	00436128	Label	Global
DAT_00436138	00436138	Label	Global
DAT_00436148	00436148	Label	Global
DAT_00436158	00436158	Label	Global
DAT_00436178	00436178	Label	Global
lpPrefixString_00436188	00436188	Label	Global
DAT_00436190	00436190	Label	Global
DAT_00436194	00436194	Label	Global
DAT_0043619c	0043619c	Label	Global
DAT_004361a0	004361a0	Label	Global
DAT_004361a4	004361a4	Label	Global
DAT_004361a8	004361a8	Label	Global
DAT_004361ac	004361ac	Label	Global
DAT_004361b0	004361b0	Label	Global
DAT_004361b8	004361b8	Label	Global
DAT_004361bc	004361bc	Label	Global
DAT_004361c0	004361c0	Label	Global
DAT_004361c4	004361c4	Label	Global
DAT_004361d8	004361d8	Label	Global
DAT_004361e4	004361e4	Label	Global
DAT_0043625c	0043625c	Label	Global
DAT_00436260	00436260	Label	Global
PTR_s_Cancel_00436268	00436268	Label	Global
PTR_s_All_files_0043626c	0043626c	Label	Global
PTR_s_Insufficient_Memory_00436270	00436270	Label	Global
PTR_s_Sorry,_this_program_will_be_term_00436274	00436274	Label	Global
PTR_s_Software\\Gemtree_Software\\Peter_004364b8	004364b8	Label	Global
s_Gemtree_32-compiler_004364c4	004364c4	Label	Global
s_Software\\Gemtree_Software\\Peter_004364d8	004364d8	Label	Global
DAT_004364f8	004364f8	Label	Global
DAT_00436534	00436534	Label	Global
DAT_00436548	00436548	Label	Global
DAT_00436558	00436558	Label	Global
DAT_00436594	00436594	Label	Global
s_Wszystkie_pliki_004365a4	004365a4	Label	Global
s_Anuluj_004365b4	004365b4	Label	Global
s_Ich_bedauere,_das_Programm_wird_w_004365bc	004365bc	Label	Global
s_Speicherplatzmangel_00436600	00436600	Label	Global
s_Alle_Dateien_00436614	00436614	Label	Global
s_Abbrechen_00436624	00436624	Label	Global
DAT_00436630	00436630	Label	Global
DAT_0043666c	0043666c	Label	Global
DAT_00436680	00436680	Label	Global
s_Storno_00436690	00436690	Label	Global
s_Sorry,_this_program_will_be_term_00436698	00436698	Label	Global
s_Insufficient_Memory_004366e0	004366e0	Label	Global
s_All_files_004366f4	004366f4	Label	Global
s_Cancel_00436700	00436700	Label	Global
s_LOADER_00436708	00436708	Label	Global
s_GetDiskFreeSpaceExA_00436710	00436710	Label	Global
s_KERNEL32.DLL_00436724	00436724	Label	Global
s_Language_00436734	00436734	Label	Global
s_\\command.com_/c_00436740	00436740	Label	Global
s_\\system32\\cmd.exe_/c_00436750	00436750	Label	Global
DAT_00436768	00436768	Label	Global
DAT_0043676c	0043676c	Label	Global
DAT_00436770	00436770	Label	Global
DAT_00436774	00436774	Label	Global
DAT_00436778	00436778	Label	Global
DAT_0043677c	0043677c	Label	Global
s_PeterProgClass_00436780	00436780	Label	Global
lpPoint_00436790	00436790	Label	Global
DAT_00436794	00436794	Label	Global
lpPoint_00436798	00436798	Label	Global
DAT_0043679c	0043679c	Label	Global
s_commdlg_FindReplace_004367a0	004367a0	Label	Global
DAT_004367b8	004367b8	Label	Global
DAT_004367c0	004367c0	Label	Global
DAT_004367c8	004367c8	Label	Global
DAT_004367cc	004367cc	Label	Global
DAT_004367ce	004367ce	Label	Global
DAT_004367d4	004367d4	Label	Global
DAT_004367d8	004367d8	Label	Global
DAT_004367e0	004367e0	Label	Global
DAT_004368b8	004368b8	Label	Global
DAT_004368bc	004368bc	Label	Global
DAT_004368c0	004368c0	Label	Global
DAT_004368c8	004368c8	Label	Global
DAT_004368cc	004368cc	Label	Global
DAT_004368d0	004368d0	Label	Global
DAT_004368d4	004368d4	Label	Global
DAT_004368d8	004368d8	Label	Global
DAT_004368dc	004368dc	Label	Global
DAT_004368e0	004368e0	Label	Global
DAT_004368e4	004368e4	Label	Global
DAT_004368e8	004368e8	Label	Global
DAT_004368ec	004368ec	Label	Global
DAT_004368f0	004368f0	Label	Global
DAT_004368f4	004368f4	Label	Global
DAT_004368f8	004368f8	Label	Global
DAT_004368fc	004368fc	Label	Global
DAT_00436900	00436900	Label	Global
DAT_00436904	00436904	Label	Global
DAT_00436908	00436908	Label	Global
DAT_0043690c	0043690c	Label	Global
DAT_00436910	00436910	Label	Global
DAT_00436914	00436914	Label	Global
DAT_00436918	00436918	Label	Global
s_Button_0043691c	0043691c	Label	Global
DAT_00436924	00436924	Label	Global
s_RichEdit_0043692c	0043692c	Label	Global
s_Listbox_00436938	00436938	Label	Global
s_Combobox_00436940	00436940	Label	Global
s_Static_0043694c	0043694c	Label	Global
s_SysTabControl32_00436954	00436954	Label	Global
s_Impact_00436964	00436964	Label	Global
s_Arial_0043696c	0043696c	Label	Global
s_Times_New_Roman_00436974	00436974	Label	Global
s_Courier_New_00436984	00436984	Label	Global
s_cdaudio_00436990	00436990	Label	Global
s_ALIASES.INI_00436998	00436998	Label	Global
s_LANGID_004369a4	004369a4	Label	Global
DAT_004369ac	004369ac	Label	Global
s_DISPLAY_004369b0	004369b0	Label	Global
s_{\\RTF_004369b8	004369b8	Label	Global
DAT_004369c0	004369c0	Label	Global
DAT_004369c4	004369c4	Label	Global
DAT_004369c8	004369c8	Label	Global
s_sequencer_004369cc	004369cc	Label	Global
s_msctls_progress32_004369d8	004369d8	Label	Global
s_msctls_trackbar32_004369ec	004369ec	Label	Global
s_SCROLLBAR_00436a00	00436a00	Label	Global
s_RICHED32.DLL_00436a0c	00436a0c	Label	Global
s_SysListView32_00436a1c	00436a1c	Label	Global
DAT_00436a2c	00436a2c	Label	Global
DAT_00436a30	00436a30	Label	Global
DAT_00436a34	00436a34	Label	Global
DAT_00436a38	00436a38	Label	Global
DAT_00436a3c	00436a3c	Label	Global
DAT_00436a40	00436a40	Label	Global
DAT_00436a44	00436a44	Label	Global
s_DirectSoundCreate_00436a48	00436a48	Label	Global
s_DSOUND.DLL_00436a5c	00436a5c	Label	Global
DAT_00436a68	00436a68	Label	Global
DAT_00436a6c	00436a6c	Label	Global
s_(*.*)_00436a70	00436a70	Label	Global
DAT_00436a80	00436a80	Label	Global
DAT_00436ad0	00436ad0	Label	Global
DAT_00436ada	00436ada	Label	Global
DAT_00436ae4	00436ae4	Label	Global
DAT_00436aed	00436aed	Label	Global
DAT_00436b1c	00436b1c	Label	Global
DAT_00436b34	00436b34	Label	Global
DAT_00436b3c	00436b3c	Label	Global
DAT_00436b4c	00436b4c	Label	Global
DAT_00436b54	00436b54	Label	Global
DAT_00436c60	00436c60	Label	Global
DAT_00436c80	00436c80	Label	Global
DAT_00436cc0	00436cc0	Label	Global
DAT_00436d10	00436d10	Label	Global
DAT_00436d1a	00436d1a	Label	Global
DAT_00436d42	00436d42	Label	Global
DAT_00436d54	00436d54	Label	Global
DAT_00436dc4	00436dc4	Label	Global
DAT_00436ee0	00436ee0	Label	Global
DAT_00436ee8	00436ee8	Label	Global
DAT_00436ef8	00436ef8	Label	Global
DAT_00436f08	00436f08	Label	Global
DAT_00436f0c	00436f0c	Label	Global
DAT_00436f10	00436f10	Label	Global
DAT_00436f14	00436f14	Label	Global
DAT_00436f18	00436f18	Label	Global
DAT_00436f1c	00436f1c	Label	Global
DAT_00436f28	00436f28	Label	Global
DAT_00436f2c	00436f2c	Label	Global
DAT_00436f30	00436f30	Label	Global
DAT_00436f3c	00436f3c	Label	Global
DAT_00436f40	00436f40	Label	Global
DAT_00436f44	00436f44	Label	Global
DAT_00436f48	00436f48	Label	Global
DAT_00436f4c	00436f4c	Label	Global
DAT_00436f50	00436f50	Label	Global
DAT_00436f54	00436f54	Label	Global
DAT_00436f5c	00436f5c	Label	Global
DAT_00436f60	00436f60	Label	Global
DAT_00436f61	00436f61	Label	Global
DAT_00436fc0	00436fc0	Label	Global
DAT_00436fc4	00436fc4	Label	Global
DAT_00436fc8	00436fc8	Label	Global
DAT_00436fd0	00436fd0	Label	Global
lpVersionInformation_00436fd8	00436fd8	Label	Global
DAT_00436fe4	00436fe4	Label	Global
DAT_00436fe8	00436fe8	Label	Global
DAT_0043706c	0043706c	Label	Global
DAT_00437070	00437070	Label	Global
DAT_00437074	00437074	Label	Global
DAT_00437078	00437078	Label	Global
DAT_00437080	00437080	Label	Global
DAT_00437084	00437084	Label	Global
DAT_0043708c	0043708c	Label	Global
DAT_00437090	00437090	Label	Global
DAT_004370f8	004370f8	Label	Global
DAT_004370fc	004370fc	Label	Global
DAT_00437100	00437100	Label	Global
DAT_00437108	00437108	Label	Global
DAT_0043710c	0043710c	Label	Global
DAT_00437114	00437114	Label	Global
DAT_00437118	00437118	Label	Global
DAT_0043711c	0043711c	Label	Global
DAT_00437120	00437120	Label	Global
DAT_00437124	00437124	Label	Global
DAT_00437130	00437130	Label	Global
DAT_00437134	00437134	Label	Global
DAT_00437140	00437140	Label	Global
DAT_00437144	00437144	Label	Global
DAT_00437148	00437148	Label	Global
DAT_0043714c	0043714c	Label	Global
DAT_00437150	00437150	Label	Global
DAT_00437154	00437154	Label	Global
DAT_00437158	00437158	Label	Global
DAT_0043715c	0043715c	Label	Global
DAT_00437160	00437160	Label	Global
DAT_00437164	00437164	Label	Global
DAT_00437174	00437174	Label	Global
DAT_004371c0	004371c0	Label	Global
DAT_004371c8	004371c8	Label	Global
DAT_004371cc	004371cc	Label	Global
DAT_004371d4	004371d4	Label	Global
DAT_004371d8	004371d8	Label	Global
DAT_004371e0	004371e0	Label	Global
DAT_004371e4	004371e4	Label	Global
DAT_004371f0	004371f0	Label	Global
DAT_004371f4	004371f4	Label	Global
DAT_00437200	00437200	Label	Global
DAT_00437204	00437204	Label	Global
DAT_00437210	00437210	Label	Global
DAT_00437214	00437214	Label	Global
DAT_0043721c	0043721c	Label	Global
DAT_00437220	00437220	Label	Global
DAT_00437228	00437228	Label	Global
DAT_0043722c	0043722c	Label	Global
DAT_00437238	00437238	Label	Global
DAT_0043723c	0043723c	Label	Global
DAT_00437240	00437240	Label	Global
DAT_00437244	00437244	Label	Global
DAT_0043724c	0043724c	Label	Global
DAT_00437250	00437250	Label	Global
DAT_00437254	00437254	Label	Global
DAT_00437258	00437258	Label	Global
DAT_0043725c	0043725c	Label	Global
DAT_00437260	00437260	Label	Global
DAT_00437264	00437264	Label	Global
DAT_00437268	00437268	Label	Global
DAT_0043726c	0043726c	Label	Global
DAT_00437270	00437270	Label	Global
DAT_00437274	00437274	Label	Global
DAT_00437278	00437278	Label	Global
DAT_00437280	00437280	Label	Global
DAT_00437284	00437284	Label	Global
DAT_00437288	00437288	Label	Global
DAT_00437290	00437290	Label	Global
lpRect_00437298	00437298	Label	Global
DAT_0043729c	0043729c	Label	Global
DAT_004372a0	004372a0	Label	Global
DAT_004372a4	004372a4	Label	Global
DAT_004372a8	004372a8	Label	Global
param_1_004372b0	004372b0	Label	Global
DAT_004372b4	004372b4	Label	Global
DAT_004372bc	004372bc	Label	Global
DAT_004372c0	004372c0	Label	Global
DAT_004372c8	004372c8	Label	Global
DAT_004372cc	004372cc	Label	Global
DAT_004372d8	004372d8	Label	Global
DAT_004372dc	004372dc	Label	Global
DAT_004372e0	004372e0	Label	Global
DAT_004372e4	004372e4	Label	Global
DAT_004372e8	004372e8	Label	Global
DAT_004372e9	004372e9	Label	Global
DAT_004372ea	004372ea	Label	Global
DAT_004372ec	004372ec	Label	Global
DAT_004372f0	004372f0	Label	Global
DAT_004372f4	004372f4	Label	Global
DAT_004372f8	004372f8	Label	Global
DAT_004372fc	004372fc	Label	Global
DAT_00437300	00437300	Label	Global
DAT_00437304	00437304	Label	Global
DAT_00437308	00437308	Label	Global
DAT_0043730c	0043730c	Label	Global
DAT_00437310	00437310	Label	Global
DAT_00437314	00437314	Label	Global
DAT_0043731c	0043731c	Label	Global
DAT_00437320	00437320	Label	Global
DAT_00437324	00437324	Label	Global
DAT_00437325	00437325	Label	Global
DAT_00437326	00437326	Label	Global
DAT_00437327	00437327	Label	Global
DAT_00437328	00437328	Label	Global
DAT_00437329	00437329	Label	Global
DAT_0043732a	0043732a	Label	Global
DAT_0043732b	0043732b	Label	Global
DAT_0043732c	0043732c	Label	Global
DAT_00437330	00437330	Label	Global
DAT_00437334	00437334	Label	Global
DAT_00437335	00437335	Label	Global
DAT_00437338	00437338	Label	Global
DAT_0043733c	0043733c	Label	Global
DAT_00437340	00437340	Label	Global
DAT_00437344	00437344	Label	Global
DAT_00437348	00437348	Label	Global
DAT_0043734c	0043734c	Label	Global
DAT_00437350	00437350	Label	Global
DAT_00437354	00437354	Label	Global
DAT_00437358	00437358	Label	Global
DAT_0043735c	0043735c	Label	Global
DAT_00437360	00437360	Label	Global
DAT_00437364	00437364	Label	Global
DAT_00437368	00437368	Label	Global
DAT_0043736c	0043736c	Label	Global
DAT_00437370	00437370	Label	Global
DAT_00437374	00437374	Label	Global
DAT_00437378	00437378	Label	Global
DAT_0043737c	0043737c	Label	Global
DAT_00437380	00437380	Label	Global
DAT_00437384	00437384	Label	Global
DAT_00437388	00437388	Label	Global
DAT_0043738c	0043738c	Label	Global
DAT_00437390	00437390	Label	Global
DAT_00437394	00437394	Label	Global
DAT_00437398	00437398	Label	Global
DAT_0043739c	0043739c	Label	Global
DAT_004373a0	004373a0	Label	Global
DAT_004373a4	004373a4	Label	Global
DAT_004373a8	004373a8	Label	Global
DAT_004373ac	004373ac	Label	Global
DAT_004373b0	004373b0	Label	Global
DAT_004373b8	004373b8	Label	Global
DAT_004373bc	004373bc	Label	Global
DAT_004373c4	004373c4	Label	Global
DAT_004373c8	004373c8	Label	Global
DAT_00437418	00437418	Label	Global
DAT_0043741c	0043741c	Label	Global
DAT_00437420	00437420	Label	Global
DAT_00437424	00437424	Label	Global
DAT_00437428	00437428	Label	Global
DAT_0043742c	0043742c	Label	Global
DAT_00437434	00437434	Label	Global
DAT_00437438	00437438	Label	Global
DAT_0043743c	0043743c	Label	Global
DAT_00437440	00437440	Label	Global
DAT_00437444	00437444	Label	Global
DAT_00437448	00437448	Label	Global
DAT_0043744c	0043744c	Label	Global
DAT_00437450	00437450	Label	Global
DAT_00437454	00437454	Label	Global
DAT_00437458	00437458	Label	Global
DAT_0043745c	0043745c	Label	Global
DAT_00437464	00437464	Label	Global
DAT_004374b0	004374b0	Label	Global
DAT_004374b4	004374b4	Label	Global
DAT_004374b8	004374b8	Label	Global
DAT_004374bc	004374bc	Label	Global
DAT_004374c0	004374c0	Label	Global
DAT_004374cc	004374cc	Label	Global
DAT_004374cd	004374cd	Label	Global
DAT_0043755d	0043755d	Label	Global
DAT_004375bc	004375bc	Label	Global
DAT_004375c0	004375c0	Label	Global
DAT_004375c4	004375c4	Label	Global
DAT_004375c8	004375c8	Label	Global
DAT_004375cc	004375cc	Label	Global
DAT_004375d0	004375d0	Label	Global
DAT_004375d4	004375d4	Label	Global
DAT_004375dc	004375dc	Label	Global
DAT_004375e0	004375e0	Label	Global
DAT_004375e4	004375e4	Label	Global
DAT_004375e8	004375e8	Label	Global
DAT_004375ec	004375ec	Label	Global
DAT_004375f0	004375f0	Label	Global
DAT_004375f4	004375f4	Label	Global
DAT_004375f8	004375f8	Label	Global
DAT_004375fc	004375fc	Label	Global
DAT_00437600	00437600	Label	Global
DAT_00437604	00437604	Label	Global
DAT_00437608	00437608	Label	Global
DAT_0043760c	0043760c	Label	Global
DAT_00437610	00437610	Label	Global
DAT_00437614	00437614	Label	Global
DAT_0043761c	0043761c	Label	Global
DAT_00437620	00437620	Label	Global
DAT_00437624	00437624	Label	Global
DAT_00437628	00437628	Label	Global
DAT_0043762c	0043762c	Label	Global
DAT_00437630	00437630	Label	Global
DAT_00437634	00437634	Label	Global
DAT_00437638	00437638	Label	Global
DAT_0043763c	0043763c	Label	Global
DAT_00437640	00437640	Label	Global
DAT_00437644	00437644	Label	Global
DAT_00437648	00437648	Label	Global
DAT_0043764c	0043764c	Label	Global
DAT_00437668	00437668	Label	Global
DAT_00437670	00437670	Label	Global
DAT_00437674	00437674	Label	Global
DAT_00437690	00437690	Label	Global
DAT_00437694	00437694	Label	Global
DAT_004376b0	004376b0	Label	Global
DAT_004376b4	004376b4	Label	Global
DAT_004376b8	004376b8	Label	Global
DAT_004376bc	004376bc	Label	Global
DAT_004376c0	004376c0	Label	Global
DAT_004376c4	004376c4	Label	Global
DAT_004376cc	004376cc	Label	Global
DAT_004376ce	004376ce	Label	Global
DAT_004376cf	004376cf	Label	Global
DAT_004376d0	004376d0	Label	Global
DAT_004376d4	004376d4	Label	Global
DAT_004376d8	004376d8	Label	Global
DAT_004376dc	004376dc	Label	Global
DAT_004376e0	004376e0	Label	Global
DAT_004376e4	004376e4	Label	Global
DAT_004376e8	004376e8	Label	Global
DAT_004376ec	004376ec	Label	Global
DAT_004376f0	004376f0	Label	Global
DAT_004376f4	004376f4	Label	Global
DAT_004376f8	004376f8	Label	Global
DAT_004376fc	004376fc	Label	Global
DAT_00437700	00437700	Label	Global
DAT_00437704	00437704	Label	Global
DAT_00437708	00437708	Label	Global
DAT_0043770c	0043770c	Label	Global
DAT_0043770d	0043770d	Label	Global
DAT_00437710	00437710	Label	Global
DAT_00437714	00437714	Label	Global
DAT_00437718	00437718	Label	Global
DAT_0043771c	0043771c	Label	Global
DAT_00437720	00437720	Label	Global
DAT_00437724	00437724	Label	Global
DAT_00437728	00437728	Label	Global
DAT_0043772c	0043772c	Label	Global
DAT_00437730	00437730	Label	Global
DAT_00437734	00437734	Label	Global
DAT_00437738	00437738	Label	Global
DAT_00437739	00437739	Label	Global
DAT_0043773c	0043773c	Label	Global
DAT_00437740	00437740	Label	Global
DAT_00437744	00437744	Label	Global
DAT_00437748	00437748	Label	Global
DAT_00437750	00437750	Label	Global
DAT_00437758	00437758	Label	Global
DAT_00437760	00437760	Label	Global
DAT_00437764	00437764	Label	Global
DAT_00437768	00437768	Label	Global
DAT_0043776c	0043776c	Label	Global
DAT_00437770	00437770	Label	Global
DAT_00437774	00437774	Label	Global
DAT_00437775	00437775	Label	Global
DAT_00437778	00437778	Label	Global
DAT_0043777c	0043777c	Label	Global
DAT_00437780	00437780	Label	Global
DAT_00437784	00437784	Label	Global
DAT_00437788	00437788	Label	Global
DAT_0043778c	0043778c	Label	Global
DAT_00437790	00437790	Label	Global
DAT_00437791	00437791	Label	Global
DAT_00437792	00437792	Label	Global
DAT_00437793	00437793	Label	Global
DAT_00437794	00437794	Label	Global
DAT_00437795	00437795	Label	Global
DAT_00437796	00437796	Label	Global
DAT_00437797	00437797	Label	Global
DAT_00437798	00437798	Label	Global
DAT_0043779c	0043779c	Label	Global
DAT_004377a0	004377a0	Label	Global
DAT_004377a4	004377a4	Label	Global
DAT_004377a8	004377a8	Label	Global
DAT_004377ac	004377ac	Label	Global
DAT_004377b0	004377b0	Label	Global
DAT_004377b4	004377b4	Label	Global
DAT_004377b8	004377b8	Label	Global
DAT_004377bc	004377bc	Label	Global
DAT_004377c0	004377c0	Label	Global
DAT_004377c4	004377c4	Label	Global
DAT_004377c8	004377c8	Label	Global
DAT_004377d0	004377d0	Label	Global
DAT_004377d4	004377d4	Label	Global
DAT_004377d8	004377d8	Label	Global
DAT_004377dc	004377dc	Label	Global
DAT_004377e0	004377e0	Label	Global
DAT_004377e4	004377e4	Label	Global
DAT_004377e8	004377e8	Label	Global
DAT_004377e9	004377e9	Label	Global
DAT_004377ea	004377ea	Label	Global
DAT_004377eb	004377eb	Label	Global
DAT_004377ec	004377ec	Label	Global
DAT_004377f0	004377f0	Label	Global
DAT_004377f4	004377f4	Label	Global
DAT_004377f8	004377f8	Label	Global
DAT_004377fc	004377fc	Label	Global
DAT_00437800	00437800	Label	Global
DAT_00437804	00437804	Label	Global
DAT_00437808	00437808	Label	Global
DAT_0043780c	0043780c	Label	Global
DAT_00437810	00437810	Label	Global
DAT_00437814	00437814	Label	Global
DAT_00437818	00437818	Label	Global
DAT_0043781c	0043781c	Label	Global
DAT_00437820	00437820	Label	Global
DAT_00437824	00437824	Label	Global
DAT_00437828	00437828	Label	Global
DAT_0043782c	0043782c	Label	Global
DAT_00437830	00437830	Label	Global
DAT_00437834	00437834	Label	Global
DAT_00437838	00437838	Label	Global
DAT_0043783c	0043783c	Label	Global
DAT_00437840	00437840	Label	Global
DAT_00437844	00437844	Label	Global
DAT_00437848	00437848	Label	Global
DAT_0043784c	0043784c	Label	Global
DAT_0043784d	0043784d	Label	Global
DAT_0043784e	0043784e	Label	Global
DAT_0043784f	0043784f	Label	Global
DAT_00437850	00437850	Label	Global
DAT_00437858	00437858	Label	Global
lpSystemTime_00437860	00437860	Label	Global
lpSystemTime_00437860+2	00437862	Label	Global
DAT_00437864	00437864	Label	Global
DAT_00437864+2	00437866	Label	Global
DAT_00437868	00437868	Label	Global
DAT_00437868+2	0043786a	Label	Global
DAT_0043786c	0043786c	Label	Global
DAT_0043786c+2	0043786e	Label	Global
DAT_00437870	00437870	Label	Global
DAT_00437874	00437874	Label	Global
DAT_00437878	00437878	Label	Global
DAT_0043787c	0043787c	Label	Global
DAT_00437880	00437880	Label	Global
DAT_00437881	00437881	Label	Global
DAT_00437888	00437888	Label	Global
DAT_00437890	00437890	Label	Global
DAT_00437894	00437894	Label	Global
DAT_00437898	00437898	Label	Global
DAT_004378a0	004378a0	Label	Global
DAT_004378a8	004378a8	Label	Global
DAT_004378b0	004378b0	Label	Global
DAT_004378b4	004378b4	Label	Global
DAT_004378b8	004378b8	Label	Global
DAT_004378bc	004378bc	Label	Global
DAT_004378c0	004378c0	Label	Global
DAT_004378c4	004378c4	Label	Global
DAT_004378c8	004378c8	Label	Global
DAT_004378cc	004378cc	Label	Global
DAT_004378d0	004378d0	Label	Global
DAT_004378d4	004378d4	Label	Global
DAT_004378d8	004378d8	Label	Global
DAT_004378dc	004378dc	Label	Global
DAT_004378e0	004378e0	Label	Global
DAT_004378f0	004378f0	Label	Global
DAT_004378f4	004378f4	Label	Global
DAT_004378f8	004378f8	Label	Global
DAT_004378fc	004378fc	Label	Global
DAT_00437900	00437900	Label	Global
DAT_00437904	00437904	Label	Global
DAT_00437908	00437908	Label	Global
DAT_0043790c	0043790c	Label	Global
DAT_00437910	00437910	Label	Global
DAT_00437914	00437914	Label	Global
DAT_00437920	00437920	Label	Global
phwo_00437924	00437924	Label	Global
DAT_00437928	00437928	Label	Global
DAT_0043792c	0043792c	Label	Global
DAT_00437930	00437930	Label	Global
DAT_00437938	00437938	Label	Global
DAT_0043793c	0043793c	Label	Global
DAT_00437940	00437940	Label	Global
DAT_00437942	00437942	Label	Global
DAT_00437944	00437944	Label	Global
DAT_00437948	00437948	Label	Global
DAT_0043794c	0043794c	Label	Global
DAT_00437950	00437950	Label	Global
DAT_00437954	00437954	Label	Global
DAT_00437958	00437958	Label	Global
DAT_0043795c	0043795c	Label	Global
DAT_00437960	00437960	Label	Global
DAT_00437964	00437964	Label	Global
DAT_00437968	00437968	Label	Global
DAT_0043796c	0043796c	Label	Global
DAT_00437970	00437970	Label	Global
DAT_00437980	00437980	Label	Global
DAT_00437986	00437986	Label	Global
DAT_00437988	00437988	Label	Global
IMAGE_RESOURCE_DIRECTORY_00438000	00438000	Label	Global
Rsrc_Icon_1_405	004381d0	Label	Global
Rsrc_GroupIcon_1_405	00438a78	Label	Global
Rsrc_LOADER_36_405	00438a90	Label	Global
Rsrc_Dialog_f5_405	0043fa10	Label	Global
Rsrc_Cursor_2_405	0043faf8	Label	Global
Rsrc_GroupCursor_4_405	0043fc30	Label	Global
DAT_00440000	00440000	Label	Global
DAT_00544550	00544550	Label	Global
ExceptionList	ffdff000	Label	Global
StackBase	ffdff004	Label	Global
StackLimit	ffdff008	Label	Global
SubSystemTib	ffdff00c	Label	Global
FiberData	ffdff010	Label	Global
ArbitraryUserPointer	ffdff014	Label	Global
Self	ffdff018	Label	Global
EnvironmentPointer	ffdff01c	Label	Global
ClientId	ffdff020	Label	Global
ActiveRpcHandle	ffdff028	Label	Global
ThreadLocalStoragePointer	ffdff02c	Label	Global
ProcessEnvironmentBlock	ffdff030	Label	Global
LastErrorValue	ffdff034	Label	Global
CountOfOwnedCriticalSections	ffdff038	Label	Global
CsrClientThread	ffdff03c	Label	Global
Win32ThreadInfo	ffdff040	Label	Global
User32Reserved	ffdff044	Label	Global
UserReserved	ffdff0ac	Label	Global
WOW32Reserved	ffdff0c0	Label	Global
CurrentLocale	ffdff0c4	Label	Global
FpSoftwareStatusRegister	ffdff0c8	Label	Global
SystemReserved1	ffdff0cc	Label	Global
ExceptionCode	ffdff1a4	Label	Global
ActivationContextStackPointer	ffdff1a8	Label	Global
SpareBytes	ffdff1ac	Label	Global
TxFsContext	ffdff1d0	Label	Global
GdiTebBatch	ffdff1d4	Label	Global
RealClientId	ffdff6b4	Label	Global
GdiCachedProcessHandle	ffdff6bc	Label	Global
GdiClientPID	ffdff6c0	Label	Global
GdiCLientTID	ffdff6c4	Label	Global
GdiThreadLocalInfo	ffdff6c8	Label	Global
Win32ClientInfo	ffdff6cc	Label	Global
glDispatchTable	ffdff7c4	Label	Global
glReserved1	ffdffb68	Label	Global
glReserved2	ffdffbdc	Label	Global
glSectionInfo	ffdffbe0	Label	Global
glSection	ffdffbe4	Label	Global
glTable	ffdffbe8	Label	Global
glCurrentRC	ffdffbec	Label	Global
glContext	ffdffbf0	Label	Global
LastStatusValue	ffdffbf4	Label	Global
StaticUnicodeBuffer	ffdffc00	Label	Global
DeallocationStack	ffdffe0c	Label	Global
TlsSlots	ffdffe10	Label	Global
TlsLinks.Flink	ffdfff10	Label	Global
TlsLinks.Blink	ffdfff14	Label	Global
Vdm	ffdfff18	Label	Global
ReservedForNtRpc	ffdfff1c	Label	Global
DbgSsReserved	ffdfff20	Label	Global
HardErrorMode	ffdfff28	Label	Global
Instrumentation	ffdfff2c	Label	Global
ActivityId	ffdfff50	Label	Global
SubProcessTag	ffdfff60	Label	Global
EtwLocalData	ffdfff64	Label	Global
EtwTraceData	ffdfff68	Label	Global
WinSockData	ffdfff6c	Label	Global
GdiBatchCount	ffdfff70	Label	Global
IdealProcessorValue	ffdfff74	Label	Global
GuaranteedStackBytes	ffdfff78	Label	Global
ReservedForPerf	ffdfff7c	Label	Global
ReservedForOle	ffdfff80	Label	Global
WaitingOnLoaderLock	ffdfff84	Label	Global
SavedPriorityState	ffdfff88	Label	Global
SoftPatchPtr1	ffdfff8c	Label	Global
ThreadPoolData	ffdfff90	Label	Global
TlsExpansionSlots	ffdfff94	Label	Global
MuiGeneration	ffdfff98	Label	Global
IsImpersonating	ffdfff9c	Label	Global
NlsCache	ffdfffa0	Label	Global
pShimData	ffdfffa4	Label	Global
HeapVirtualAffinity	ffdfffa8	Label	Global
CurrentTransactionHandle	ffdfffac	Label	Global
ActiveFrame	ffdfffb0	Label	Global
FlsData	ffdfffb4	Label	Global
PreferredLanguages	ffdfffb8	Label	Global
UserPrefLanguages	ffdfffbc	Label	Global
MergedPrefLanguages	ffdfffc0	Label	Global
MuiImpersonation	ffdfffc4	Label	Global
CrossTebFlags	ffdfffc8	Label	Global
SameTebFlags	ffdfffca	Label	Global
TxnScopeEnterCallback	ffdfffcc	Label	Global
TxnScopeExitCallback	ffdfffd0	Label	Global
TxnScopeContext	ffdfffd4	Label	Global
LockCount	ffdfffd8	Label	Global
ResourceRetValue	ffdfffe0	Label	Global
DAT_fffe7960	fffe7960	Label	Global
